:020000040800F2
:1000000098140010F5020008D1350008C935000821
:10001000CD35000875180008413B000800000000BD
:10002000000000000000000000000000A1360008F1
:100030007918000800000000413600081537000854
:100040001903000819030008190300081903000820
:100050001903000819030008190300081903000810
:100060001903000819030008190300081903000800
:1000700019030008190300081903000819030008F0
:1000800019030008190300081903000819030008E0
:1000900019030008190300081903000819030008D0
:1000A00019030008190300081903000819030008C0
:1000B0001903000841370008190300081903000854
:1000C00019030008190300081903000819030008A0
:1000D00019030008313B0008190300081903000840
:1000E0001903000819030008190300081903000880
:1000F0001903000819030008190300081903000870
:10010000190300081903000819030008190300085F
:10011000190300081903000819030008190300084F
:10012000190300081903000819030008190300083F
:10013000190300081903000819030008190300082F
:10014000190300081903000819030008190300081F
:10015000190300081903000819030008190300080F
:1001600019030008190300081903000819030008FF
:100170001903000819030008190300080000000013
:10018000190300081903000800F002F800F0A2F8B3
:100190000AA090E8000C82448344AAF10107DA45E2
:1001A00001D100F097F8AFF2090EBAE80F0013F092
:1001B000010F18BFFB1A43F001031847C8210100C3
:1001C000F82101000A4410F8014B14F00F0508BF94
:1001D00010F8015B240908BF10F8014B6D1E05D013
:1001E00010F8013B6D1E01F8013BF9D1641E03D0EC
:1001F000641E01F8015BFBD19142E4D3704700001B
:100200000023002400250026103A28BF78C1FBD81F
:10021000520728BF30C148BF0B6070476E2900F0FD
:100220005B83702900F0A984662911F01483652985
:1002300011F01183672911F00E83612911F00D83EC
:1002400003681B0A28BF41F08001692900F0088378
:10025000642900F00583752900F002836F2900F0FE
:100260003784782900F07584E92900F0D183E429E6
:1002700000F0CE83F52900F0CB83EF2900F0348421
:10028000F82900F074840368DB0928BF41F080017D
:10029000632901F0B381732901F0B881E32901F0EA
:1002A000C381F32901F0C881002070471FB511F008
:1002B000C5FA01F01BFA04000020002111F064F9D6
:1002C000401C60600020002111F048F9E0601FBD73
:1002D00010B510BD01F0DCF91146FFF7E7FF07F09C
:1002E00063FA01F0B9FA03B4FFF7F2FF03BC03F0BD
:1002F00089FC00000C48016841F4700101600B4862
:1003000080470B480047FEE7FEE7FEE7FEE7FEE713
:10031000FEE7FEE7FEE7FEE7FEE7000005480649C8
:10032000044A064B7047000088ED00E02D370008B6
:1003300089010008981000109814001098100010FF
:10034000704753EA020C00F069802DE9F04B4FF042
:100350000006002B1FBFB3FA83F503FA05F424FA55
:1003600005F65E4012BF1643B2FA82F502FA05F4B2
:10037000C5F120051EBF22FA05FC44EA0C04203515
:1003800056EA044C4FEA144418BF641C4FF00008AE
:100390004FF00009904271EB030C39D3002919BFCB
:1003A000B1FA81F701FA07F6B0FA80F700FA07F61A
:1003B000C7F120071EBF20FA07FC46EA0C062037CB
:1003C000B6FBF4FCA7EB0507103F07F01F0BCBF1C2
:1003D00020062CFA06F60CFA0BFB44BFB3460026A7
:1003E000202FA4BF5E464FF0000B5BEA060C08BF4F
:1003F0004FF0010B19EB0B0948EB0608ABFB027C35
:1004000006FB02CC0BFB03CCC01B71EB0C01C1E75C
:100410000B46024641464846BDE8F08B13B50843FB
:1004200018BF4FF0FF300146AFF30080BDE81C401D
:10043000704700000FB4044910B503AA029800F0F9
:1004400077FA10BC5DF814FB5C04001040EA01036D
:10045000024630B59B0710D14FF0013400E008C2CE
:1004600008C91D1B9D4315EAC41FF8D013F0FF01F6
:1004700002F8011B0DD01B0AF8E711F8013B002B15
:1004800002F8013B05D011F8013B002B02F8013BBB
:10049000F3D130BD10B5431C02E010F8011B71B15F
:1004A0008107FAD14FF0013202C88C1A8C4314EA4A
:1004B000C211F9D0C01A0A0603D0C01E10BDC01A5E
:1004C00010BD0A0401D0801E10BD0902FCD0401EE0
:1004D00010BD032A40F2308010F0030C00F01580AC
:1004E00011F8013BBCF1020F624498BF11F801CB37
:1004F00000F8013B38BF11F8013BA2F1040298BF9C
:1005000000F801CB38BF00F8013B11F0030300F005
:100510006B80083AC0F0088051F8043B083A51F863
:1005200004CBA0E80810F5E7121D5CBF51F8043BAE
:1005300040F8043BAFF30080D20724BF11F8013B21
:1005400011F801CB48BF11F8012B24BF00F8013B83
:1005500000F801CB48BF00F8012B7047431A28BFB1
:100560009A427FF6B6AF10441144032A40F2268027
:1005700010F0030F1EBF11F8013D521E00F8013D9F
:1005800010F0030F7FF4F6AF11F0030300F0D783F0
:10059000083AC0F00B8051F8043D083A51F804CDF8
:1005A00040F8043D40F804CDFFF7F3BF121D5CBFD7
:1005B00051F8043D40F8043DAFF30080D20724BF5A
:1005C00011F8013D11F801CD48BF11F8012C24BFED
:1005D00000F8013D00F801CD48BF00F8012C70473C
:1005E00001B5FFF776FF01BD10B5203AC0F00B80D2
:1005F000B1E81850A0E81850B1E81850A0E8185019
:10060000203ABFF4F5AF5FEA027C24BFB1E818508E
:10061000A0E8185044BF18C918C0BDE810405FEAF0
:10062000827C24BF51F8043B40F8043B08BF70476C
:10063000D20728BF31F8023B48BF11F8012B28BF71
:1006400020F8023B48BF00F8012B704701B501F0CC
:10065000FF03114643EA032242EA024200F013F884
:1006600001BD02F0FF0343EA032242EA024200F026
:100670000AB802F0FF0343EA032242EA024200F012
:1006800024B84FF000020429C0F0128010F0030CCF
:1006900000F01B80CCF1040CBCF1020F18BF00F875
:1006A000012BA8BF20F8022BA1EB0C0100F00DB824
:1006B0005FEAC17C24BF00F8012B00F8012B48BF82
:1006C00000F8012B70474FF0000200B51346944626
:1006D0009646203922BFA0E80C50A0E80C50B1F19A
:1006E0002001BFF4F7AF090728BFA0E80C5048BFAE
:1006F0000CC05DF804EB890028BF40F8042B08BF4C
:10070000704748BF20F8022B11F0804F18BF00F847
:10071000012B70470000000030B44FF0013C50F84E
:10072000042B51F8043BCCFA52F4D51A20D1FCB971
:1007300050F8042B51F8043BCCFA52F4D51A17D1D7
:10074000B4B950F8042B51F8043BCCFA52F4D51A42
:100750000ED16CB950F8042B51F8043BCCFA52F48A
:10076000D51A05D1002CDAD030BC4FF0000070470C
:1007700029BAB1FA81F111F01801D1F120008440B9
:10078000F2D1CA40CB4012F0FF0213F0FF0330BC9D
:10079000D01A7047704770477047704770B504466D
:1007A00085690068C10601D5302600E02026C00713
:1007B00007D070BDD4E9012130469047206A401C23
:1007C00020626D1EF6D570BD70B50446856900784F
:1007D000C00707D170BDD4E9012120209047206ACD
:1007E000401C20626D1EF6D570BD09684A0501D512
:1007F00040B27047C905FCD500B2704709684A0588
:1008000001D5C0B27047C905FCD580B2704770B53C
:100810000C460546012A05D02878800600D5EA69ED
:10082000002302E0012305E05B1C934202D2E05C5E
:100830000028F9D1A869E618C01AA861286A1844E6
:1008400028622846FFF7AAFF04E0D5E9012114F841
:10085000010B9047B442F8D32846FFF7B5FF70BDAF
:100860002DE9F0410646002410687529314616A589
:1008700010D0FFF7BAFF002802DA404213A507E0C4
:1008800031688A0701D512A502E0490704D511A5F0
:10089000012401E0FFF7B2FF00210A2206F124073C
:1008A00009E0B0FBF2FCB0FBF2F302FB1C003030BD
:1008B00078541846491C0028F3D123462A4630466E
:1008C000BDE8F04100F0AABA000000002D000000D1
:1008D0002B0000002000000011680268006A530528
:1008E00001D508700AE0D30501D5088006E013069B
:1008F00003D5C217C1E9000200E00860012070477B
:1009000001694A1C02610878704700B58FB0CDE9D3
:1009100001310021059105497944CDE903101146C3
:10092000684600F035F90FB000BD0000E5FFFFFF9D
:10093000074B70B50D467B44FFF7E7FF044628469A
:1009400000F07EFE10B14FF0FF3070BD204670BD4C
:10095000E33300002DE9FF5F15468A460446DFF8C1
:10096000AC80F8440027D8E900103E46CDE90010DD
:1009700010E03AF816106A4602A800F065FE411C25
:1009800007D02178890603D5E269391891420DD83C
:100990000744761C2078800602D5E069B84205DD60
:1009A000AE42E6DB3AF816000028E2D1A069C01B8F
:1009B000A0612046FFF7F2FED8E90010CDE9001053
:1009C000002017E03AF818106A4602A800F03CFE32
:1009D000B0F1FF3F81460BD000250DF1080B05E07B
:1009E000D4E901211BF8050090476D1C4D45F7D354
:1009F00008F10100B0428046E4DB206A38442062FE
:100A00002046FFF7E1FEBDE8FF9F0000CA17010086
:100A10002DE9F0418046D21D22F007020025D2E9DF
:100A20000002F52915A614D0011E72F1000106DAA4
:100A30000023D0EB030063EB020211A608E0D8F814
:100A400000108B0701D50FA602E0490701D50EA6BD
:100A500001251146002408F1240704E000F099F96B
:100A600030323A55641C50EA0102F7D12B46324627
:100A700021464046BDE8F04100F0D0B9000000003A
:100A80002D0000002B0000002000000030B40021E9
:100A900000F1240408E002F00705D208303542EAEC
:100AA0004372DB086554491C52EA0305F3D104681C
:100AB000002310A2250708D504F020040C4304D01D
:100AC000C46901230CA2641EC46130BC00F0A6B945
:100AD00010B5044621461068FFF790FE02462046F6
:100AE000BDE810400023D1E7D21D22F00701D1E973
:100AF0000023CBE70000000030000000F0B40D46FA
:100B00000188090502D5214C7C4402E01F4C7C443D
:100B10000E34002100F1240608E002F00F0712094C
:100B2000E75D42EA03721B097754491C52EA030746
:100B3000F3D102780023120704D5702D06D009B135
:100B4000022311342246F0BC00F068B901231034AE
:100B5000F8E770B504460D4621461068FFF74EFED3
:100B6000024629462046BDE870400023C6E7D21D54
:100B700022F00703D3E90023C0E70368126843F0BB
:100B8000200303600823C3610023B7E72C1601008C
:100B90002DE9F05F894604464FF0000ADFF874B192
:100BA000FB44C0F820A02046E1688847002874D0A4
:100BB000252806D0D4E901219047206A401C2062F4
:100BC000F1E700265F462046E16888472028054671
:100BD00007DB312D05D2781910F8200C08B1064337
:100BE000F1E7B00701D526F00406C4F81CA00027E1
:100BF000C4F818A02A2D09D0284610F0A7FC38B355
:100C000004EB8708303DC8F8185019E059F8041B68
:100C1000204604EB87029161E1688847012F054671
:100C200018D1E069002820DA26F020061DE0D8F867
:100C3000180000EB800005EB40003038C8F81800C1
:100C40002046E1688847054610F080FC0028EED178
:100C5000012F0AD02E2D08D12046E16888477F1C3D
:100C60000546022F46F02006C4DBA069002803DAFF
:100C7000404246F00106A061F00701D026F01006C0
:100C80006C2D0BD0682D09D04C2D39D06A2D35D064
:100C9000742D35D07A2D33D016E038E0E1682F4638
:100CA00020468847B842054609D16C2F26D04FF41C
:100CB0008060E168064320468847054604E06C2FC3
:100CC0001AD04FF4807006430DB3A5F141001928E6
:100CD00002D8203546F400664A462946204626605A
:100CE0004E46FFF79BFA80B101280BD0F61D26F087
:100CF000070000F1080956E74020E4E78020D8E724
:100D00000020D6E706F104094DE7284652E7206A9D
:100D1000BDE8F09FBC150100431A28BF9A427FF638
:100D200063AC1044114410F0030F1EBF11F8013DD5
:100D3000521E00F8013D10F0030F7FF4F6AF103A99
:100D4000C0F00A8010B531E9185020E91850103A67
:100D5000BFF4F9AFBDE81040530724BF31E90810D4
:100D600020E9081044BF51F8043D40F8043D12F05A
:100D7000030F08BF7047D20728BF31F8023D48BFB4
:100D800011F8012C28BF20F8023D48BF00F8012CC3
:100D9000704730B5B0F10A0271F100034FEA900ECE
:100DA0004EEA817EB0EB0E0061EB91014FEA101E1E
:100DB0004EEA017E10EB0E0041EB11114FEA102EAE
:100DC0004EEA016E10EB0E0041EB11214FEA104E7E
:100DD0004EEA014E10EB0E0041EB1141401841F17B
:100DE00000014FEAD00040EA41704FEAD1014FEADA
:100DF000810444EA907410EB800544EB01046D1902
:100E000044EB0404521BA3414FF0000348BF0A32D5
:100E100000D530BD401C41F1000130BD2DE9F04747
:100E20000D4699469246044600F12408016888065A
:100E300004D5E06921F01001216000E00120A84202
:100E400001DD471B00E00027A1697A1902EB0900C8
:100E5000081AA0612078C00602D42046FFF79EFC45
:100E6000002608E0D4E901211AF806009047206A1C
:100E7000401C761C20624E45F4DB2078C0060AD563
:100E80002046FFF78BFC06E0D4E901213020904793
:100E9000206A401C2062381EA7F10107F4DC07E03D
:100EA000D4E9012118F805009047206A401C20620F
:100EB000281EA5F10105F3DC2046FFF785FC20780C
:100EC000000602D50220BDE8F0870120FBE72DE9EE
:100ED000FF4F0C461E464FF0FF378BB0D2E90001A2
:100EE000DDF860800A908A46C1F30A5505B93D468F
:100EF000002108464FF00000BAF1000F00F4400056
:100F000005DA00EB80004FF4400101EA50004FEA9F
:100F10009059B9F1010F00DDB9460A9850EA4A002C
:100F20000ED044F61050A5F2FF3545432F14B8F10A
:100F3000000F1ED07542291E1EDDC9F100021CE003
:100F4000B8F1010F4FF0000001D0302103E0F2436F
:100F500005E02154401CB042FBDB3046002200215A
:100F600021540B99C1F80880C1E900200FB0BDE8F9
:100F7000F08FBD1B6D1CDEE74A4600DA694206A809
:100F800000F0F8FB06AB93E8070003AB83E807002B
:100F900050460A990AF000FE8DE80700A0F50050BF
:100FA0001F3800900398002D0ADD42F21F014A46C7
:100FB0000844002303A9039068460BF069F809E090
:100FC000A0F500504A461F38002303A90390684645
:100FD0000BF073F88DE807000004000C03D04FF00D
:100FE000FF30410800E01046B8F1000F03D00022A6
:100FF000009215461EE0751E05D4FFF7CAFE30327A
:1010000062556D1EF9D5B3460122084302D0002275
:101010007F1C04E02078302801D100227F1E002AA6
:10102000099784D01DE0112D07DAFFF7B2FE3032A8
:1010300062556D1C50EA0102F5D1084302D00098B8
:10104000C8B10EE00021681E05E0235C625C6354B9
:101050002254401E491C8142F7DBAB46A81B401EB0
:101060000990002004F80B000B98099AC0F808803A
:10107000C0E9002B7AE711264FF0000857E72DE969
:10108000F04F88460446D21D22F0070191B0D1E905
:101090000001CDE90A0110F01FFA02460B98C00FBB
:1010A00001D02D2007E02068810701D52B2002E028
:1010B000202101EAC000032A099001D0072A05DB9C
:1010C00003464146204600F015FB0BE120788006E0
:1010D00001D5E06900E00620B8F1650F814606D031
:1010E000B8F1660F18D0B8F1670F70D131E0002069
:1010F000B9F1110F009001DB112301E009F10103A7
:101100000AAA01A90CA8FFF7E2FEDDE90C7000268F
:1011100009F10105834647E001204B4600904FF05E
:1011200000470AAA01A90CA8FFF7D1FEDDE90DB01E
:101130000C995D46002610B909F101000D18B9EBB4
:10114000050003D4C0F1FF3609F10105A5EB090044
:101150002BE0B9F1010F01DA4FF001090020B9F1DC
:10116000110F0090484601DD112300E003460AAA52
:1011700001A90CA8FFF7ABFEDDE90C704D46002677
:101180008346207800070AD4AB4500DA5D4601A803
:10119000012D04DD411911F8011C302907D04F45FC
:1011A00002DA17F1040F04DA012082460FE06D1E07
:1011B000EEE7002F02DCED1B3E4403E0781CA84262
:1011C00000DD7D1CB81B00F1010A4FF000472078BC
:1011D000000703D4AA4501DB4FF0FF3A0021B7F125
:1011E000004F0DF143088DF8431024D002202B232B
:1011F000002F01DA7F422D230A21021EA0F10100F7
:1012000000DC5FB197FBF1FC97FBF1F201FB1C7C6A
:1012100017460CF1300C08F801CDEEE7A8F10100FB
:1012200003702188090501D5452100E06521A0F161
:10123000010800F8011C09980FA9A1EB0807FF1D80
:1012400000B10120411901EBEA70A1693844081A84
:10125000401EA0612078C00602D42046FFF79EFA07
:10126000099828B1D4E901219047206A401C2062E6
:101270002078C00622D52046FFF790FA1EE0002E07
:1012800004DBB34502DD01A8805D00E03020D4E935
:1012900001219047206A401C2062761CAAF10100BF
:1012A0005FEA000A0AD100F021FAC0680168405CD8
:1012B000D4E901219047206A401C2062281EA5F134
:1012C0000105DCDC07E0D4E9012118F8010B9047A7
:1012D000206A401C2062381EA7F10107F3DC20467B
:1012E000FFF772FA032011B041E600002DE9F04F3C
:1012F00004460D46D21D22F0070089B0D0E90097C0
:101300004846394610F0E8F80246F80F01D02D2380
:1013100007E02068810701D52B2302E0202101EAA4
:10132000C0038DF820300BB1012000E00020032A1B
:10133000824601D0072A04DB2946204600F0DAF96C
:101340003FE12078800601D40D2500E0E569C7F370
:101350000A560D2D49DA00214FEA175B08464FF077
:101360000000002F00F4400007DA00EB80004FF48B
:10137000400100EBD07001EA60008115012901DD18
:101380004FF0FF3100224FEA850CBCF1180F06D355
:101390001346ACF118004FF08052C24003E04FF406
:1013A000801323FA0CF30CF10C0CBCF1200F04D3C6
:1013B000ACF1200C09FA0CF001E007FA0CF000295E
:1013C0004FF0004801DD18B90FE00ED140450CD3B5
:1013D00019EB02095F4121B9404502D19F4329EA37
:1013E0000209BBEB175F00D0761C2088000502D5F0
:1013F0007B48784402E07A487844193808AA3023B8
:1014000002F80A30037C0AF10101002E0AF1020AF7
:1014100053546A4602DC4FF0300101E04FF03101D5
:101420004FF001088DF8001002D0A6F2FF3603E05D
:1014300059EA470100D06B4E002D02DC21780907E4
:1014400004D54FF002082E218DF80110C44600216A
:101450000BE0C7F303433F01C35C491C6D1E02F858
:101460000830052908F1010801DA002DF1DC00211E
:101470000CE000EB1973491C1B786D1E082902F85B
:1014800008304FEA091908F1010801DA002DF0DCF3
:1014900021688B0602D516E0A8F10108E04505DDBC
:1014A00002EB080313F8013C302BF5D0B8F1000F24
:1014B00009DD02EB080313F8013C2E2B03D10907C9
:1014C00001D4A8F10108002D05DD3E2102F8081025
:1014D0006D1E08F10108407C002E02F8080008F19A
:1014E000010804DA2D20764202F8080002E02B20E1
:1014F00002F808000A214FF47A70864208F10108C8
:101500000BDB96FBF0F3303302F8083096FBF0F378
:1015100008F1010800FB136601E0642E0CDB642077
:1015200096FBF0F3303302F8083096FBF0F308F145
:10153000010800FB136601E00A2E06DB96FBF1F0C2
:10154000303002F8080008F1010896FBF1F001FBC9
:101550001060303002F80800A16908F1010808EBBA
:10156000050202EB0A00081AA0612078C00602D426
:101570002046FFF713F9216A08AE01EB0A0020624A
:1015800004E0D4E9012116F8010B9047BAF1010AF1
:10159000F7D22078C00602D52046FFF7FFF86E4646
:1015A00009E016F8010B3E280FD0D4E9012190473D
:1015B000206A401C2062B8F10108F2D22046FFF7F1
:1015C00003F909B00320BDE8F08F206A28442062A7
:1015D00003E0D4E90121302090476D1EEBD3F8E7FA
:1015E0008E0D010002FCFFFF10B5436913B1AFF38C
:1015F000008001E0FFF70BF9012010BD127800F127
:1016000024010A7000224A700122EDE711684FF0B0
:10161000FF32E9E710B5436913B1AFF3008001E091
:10162000FFF798F9012010BD128800F1240182848F
:101630000022C2840122EDE711684FF0FF32E9E792
:10164000007B00F0800070472DE9F04116460C4603
:10165000054600F043F8036893F80101012807D01C
:10166000FF2C12D8185D80B101202C70BDE8F081EC
:10167000D3F807013246214603F20713C71828465C
:10168000BC46BDE8F041002360474FF0FF30EDE776
:10169000754600F0EBF8AE4605006946534620F06B
:1016A0000700854618B020B5FEF738FEBDE820409B
:1016B0004FF000064FF000074FF000084FF0000B0E
:1016C000AC46ACE8C009ACE8C009ACE8C009ACE87D
:1016D000C00921F007018D467047000010B500F0E9
:1016E00005F8001D10BD00BFA1FE000000487047B6
:1016F0000C0400102DE9F0411F4604460326016842
:10170000072A01F4006004DB08B116A505E016A560
:1017100003E008B115A500E015A521F01000206038
:10172000A069C01EA0610FB1401EA0612046FFF756
:1017300035F84FB1D4E9012138469047206A401C62
:101740002062C01C206206E0206AFAE7D4E9012189
:1017500015F8010B9047761EF8D22046FFF734F8B3
:10176000BDE8F0814E414E006E616E00494E46006C
:10177000696E66002DE9F047814616468AB0354805
:1017800078440DC88DE80D0032487844801C03ACC5
:101790000DC884E80D0041F69B300844372190FBCA
:1017A000F1F290FBF1F5A5F1800501FB12041B3C61
:1017B00002D56442012000E00020DFF898A08046B6
:1017C0000027FA44AAF1BE0A0EE0E0070AD032462A
:1017D000684607EB470101230AEB81010AF06DFC23
:1017E0008DE8070064107F1C002CEED1194F7F4458
:1017F000AE3F19E0E80715D007EB04100DF1180A09
:1018000090E80E008AE80E00C068F04201D19819F5
:1018100008903246012306A903A80AF04EFC03AB48
:1018200083E807006D10641C002DE3D14FF0010325
:1018300032466946B8F1000F03A802D00AF028FC2E
:1018400001E00AF03AFCC9E90001C9F808200AB031
:10185000BDE8F087900A010010B50446AFF30080A0
:101860002046BDE81040FEF73EBD0000004870472E
:10187000EC030010FFE7FEE77047000085B004901E
:10188000039102920193002000900198B0F5804FDF
:1018900022D1FFE70498029950F8210000900098A7
:1018A0000021CCF6F0710840009003990868D1F847
:1018B00004C08B68CA6840EA0C1040EA032040EA82
:1018C00002408969014300980843009000980499F8
:1018D000029A41F8220006E00499029A6FF07040E3
:1018E00041F82200FFE7002005B0704784B0039064
:1018F00002910020019003980299096850F8210094
:10190000019001988021CFF6F07108400190029972
:1019100000914868D1F808C0CB680A6940EA0C0019
:10192000184310434A6910438A691043CA69104337
:101930000A6A10434A6A10438A6A1043CA6A10430B
:10194000CA6B1043096B0143019808430190029848
:101950008068082805D1FFE7019840F04000019019
:10196000FFE701980399029A126841F822000020CB
:1019700004B0704780B584B00390029101920020BA
:1019800000900399019A01EB820149680091009946
:1019900001F040410091029A1168D2F804E0D2F8B7
:1019A00008C0D36841EA0E1141EA0C2141EA034123
:1019B000D2F810C00023CFF6F07303EB0C53194399
:1019C0005369FE3341EA036192690A430099114366
:1019D00000910099039A019B02EB8302516004B0CD
:1019E00080BD000080B582B00190019808F0D8FA5F
:1019F00002B080BD80B50120FFF7F4FF80BD00007C
:101A000080B509F0D3FB80BD80B509F0F5FB80BD42
:101A100080B540F68440C1F2000000684FF0FF310D
:101A200009F008FA80BD000080B540F68440C1F29C
:101A300000000068002319461A4608F0C5FF80BD63
:101A400080B584B002900298806D019000F0B8FAE1
:101A50000090029890F8350002280DD0FFE7029917
:101A600080204865FFE70299002081F83400FFE7F5
:101A700001208DF80F0054E002980168086820F0FA
:101A80001600086002980168486920F080004861EB
:101A90000298006C20B9FFE70298806C38B1FFE72C
:101AA00002980168086820F008000860FFE70298C3
:101AB0000168086820F001000860FFE702980068EC
:101AC0000068C007C0B1FFE700F07AFA0099401A39
:101AD000062810D3FFE7029920204865FFE7029906
:101AE000002081F83400FFE70299032081F83500D7
:101AF0008DF80F0015E0E1E70298C16D3F208840A6
:101B000001998860FFE70299002081F83400FFE71F
:101B10000299012081F83500FFE700208DF80F00C1
:101B2000FFE79DF80F0004B080BD000082B0009078
:101B3000009890F83500022807D0FFE70099802030
:101B4000486501208DF807000EE00099052081F816
:101B5000350000980168086820F001000860FFE780
:101B600000208DF80700FFE79DF8070002B07047DE
:101B70008EB00D900C9100200A90099008900B9067
:101B8000FFE70B980F2800F2CC81FFE70B990120AB
:101B900088400A900C9800680A99084009900998B2
:101BA0000A99884240F0B881FFE70C98406800F03D
:101BB0000300012807D0FFE70C98406800F00300FD
:101BC00002282FD1FFE70D98806808900B984100FC
:101BD000032000FA01F10898884308900C98C06827
:101BE0000B99490000FA01F10898084308900898F9
:101BF0000D9988600D98406808900B99012000FAB3
:101C000001F10898884308900C984068C0F30010D0
:101C10000B9900FA01F108980843089008980D996B
:101C20004860FFE70C98406800F00300032818D0D4
:101C3000FFE70D98C06808900B984100032000FA58
:101C400001F10898884308900C9880680B99490026
:101C500000FA01F108980843089008980D99C860A7
:101C6000FFE70C98406800F00300022826D1FFE748
:101C70000D980B996FF0030202EA51010844006AC3
:101C800008900B9800F0070081000F2000FA01F186
:101C90000898884308900C9800690B9901F0070197
:101CA000890000FA01F108980843089008980D99F6
:101CB0000B9B02EA530211440862FFE70D9800688B
:101CC00008900B984100032000FA01F1089888431E
:101CD00008900C98406800F003000B99490000FA46
:101CE00001F108980843089008980D9908600C982D
:101CF000C079C006002840F10E81FFE7FFE7002011
:101D0000079043F64400C4F20200016841F48041A8
:101D10000160006800F4804007900798FFE70B9887
:101D200020F0030043F60801C4F201014058089076
:101D30000B9800F0030081000F2000FA01F10898D1
:101D4000884308900D980021C4F20201884203D113
:101D5000FFE7002006905EE00D9840F20041C4F2DB
:101D60000201884203D1FFE70120059050E00D9861
:101D700040F60001C4F20201884203D1FFE70220CD
:101D8000049042E00D9840F60041C4F202018842FE
:101D900003D1FFE70320039034E00D9841F20001E6
:101DA000C4F20201884203D1FFE70420029026E03A
:101DB0000D9841F20041C4F20201884203D1FFE7CD
:101DC0000520019018E00D9841F60001C4F20201CF
:101DD000884203D1FFE7062000900AE00D9941F602
:101DE0000042C4F202020820914208BF072000907E
:101DF000FFE700980190FFE701980290FFE7029843
:101E00000390FFE703980490FFE704980590FFE72D
:101E100005980690FFE70698C0B20B9901F0030100
:101E2000890000FA01F108980843089008980B9976
:101E300021F0030143F60802C4F20102885043F680
:101E40000040C4F20100006808900999089888438E
:101E500008900C988079C00728B1FFE70999089885
:101E600008430890FFE7089843F60041C4F20101D7
:101E7000086043F60440C4F2010000680890099924
:101E80000898884308900C9880798007002805D529
:101E9000FFE70999089808430890FFE7089843F678
:101EA0000441C4F20101086043F60840C4F2010095
:101EB0000068089009990898884308900C988079E0
:101EC000C006002805D5FFE709990898084308903F
:101ED000FFE7089843F60841C4F20101086043F6A1
:101EE0000C40C4F2010000680890099908988843E2
:101EF00008900C9880798006002805D5FFE709999D
:101F0000089808430890FFE7089843F60C41C4F28C
:101F100001010860FFE7FFE7FFE70B9801300B9036
:101F20002FE60EB07047000082B00190ADF80210AD
:101F300001980069BDF80210084204D0FFE70120B3
:101F40008DF8010003E000208DF80100FFE79DF807
:101F5000010002B07047000083B00290ADF8061097
:101F6000029840690090009ABDF8060002EA00015C
:101F7000904340EA01400299886103B07047000035
:101F800082B00190ADF802108DF801209DF801009B
:101F900028B1FFE7BDF802000199886105E0BDF8AE
:101FA0000200000401998861FFE702B07047000059
:101FB00042F20000CEF204000068000C70470000FE
:101FC00040F67470C1F200000068704740F234209F
:101FD000C1F20000027840F67471C1F20001086895
:101FE000104408607047000080B543F60041C4F219
:101FF0000201086840F400700860086840F48060DE
:102000000860032000F066F80F2000F005F800F0EB
:102010003BF8002080BD000080B582B0009040F207
:10202000CC10C1F20000006840F23421C1F200017E
:102030000A784FF47A71B1FBF2F1B0FBF1F000F0E5
:102040002BFE20B1FFE701208DF8070018E0009873
:102050000F280DD8FFE700994FF0FF30002200F065
:102060001FF8009840F23821C1F20001086003E037
:1020700001208DF8070003E000208DF80700FFE73E
:102080009DF8070002B080BD7047000080B582B0A7
:102090008DF807009DF9070001F054FD02B080BDE6
:1020A00080B586B08DF8170004910392002002904D
:1020B00001F060FD02909DF91700019002980499CB
:1020C000039A01F087FA0146019801F05BFD06B022
:1020D00080BD000080B582B00190019801F074FDD0
:1020E00002B080BD80B584B002900191029820B901
:1020F000FFE701208DF80F0021E1019843F6004130
:10210000C4F20201096801F00701884212D9FFE711
:10211000019943F60040C4F202000170006800F02B
:1021200007000199884204D0FFE701208DF80F00D5
:1021300005E1FFE702980078800700282AD5FFE72D
:10214000029800784007002809D5FFE743F6080108
:10215000C4F20201086840F4E0500860FFE702980A
:1021600000780007002809D5FFE743F60801C4F20C
:102170000201086840F460400860FFE743F6080188
:10218000C4F20201086820F0F000029A926810433D
:102190000860FFE702980078C00700286ED0FFE7CC
:1021A00002984068012811D1FFE743F60000C4F20D
:1021B0000200006800F400310020B0EB514F04D160
:1021C000FFE701208DF80F00B9E02CE0029840688D
:1021D000022805D0FFE702984068032811D1FFE7E5
:1021E00043F60000C4F20200006800F00071002015
:1021F000B0EB516F04D1FFE701208DF80F009EE096
:1022000010E043F60000C4F20200006800F0020192
:102210000020B0EB510F04D1FFE701208DF80F0033
:102220008DE0FFE7FFE743F60801C4F2020108680A
:1022300020F00300029A526810430860FFF7C0FEC6
:102240000090FFE743F60800C4F20200006800F0C7
:102250000C0002994968B0EB810F0ED0FFE7FFF741
:10226000AFFE0099401A41F28931884204D3FFE75A
:1022700003208DF80F0062E0E4E7FFE7019843F6E2
:102280000041C4F20201096801F00701884212D23C
:10229000FFE7019943F60040C4F2020001700068B4
:1022A00000F007000199884204D0FFE701208DF873
:1022B0000F0044E0FFE702980078400700280CD5A3
:1022C000FFE743F60801C4F20201086820F4E05079
:1022D000029AD26810430860FFE70298007800076E
:1022E00000280DD5FFE743F60801C4F20201086893
:1022F00020F46040029A126940EAC2000860FFE7D9
:1023000000F04CF843F60801C4F202010968C9B2B2
:102310000A0942F22C21C0F60101895CC84040F252
:10232000CC11C1F20001086040F23820C1F2000077
:102330000068FFF771FE00208DF80F00FFE79DF8A1
:102340000F0004B080BD000040F2CC10C1F20000CC
:102350000068704780B5FFF7F7FF43F60801C4F245
:1023600002010968C1F3822242F23C21C0F6010158
:10237000895CC84080BD000080B5FFF7E5FF43F6EB
:102380000801C4F20201096889B24A0B42F23C21F9
:10239000C0F60101895CC84080BD000080B586B0F0
:1023A0000020059004900390029043F60800C4F2C8
:1023B0000200006800F00C000146019140B1FFE707
:1023C000019804280AD0FFE7019808280CD04FE0B4
:1023D00042F20040C0F2F40002904FE041F20020CF
:1023E000C0F27A00029049E043F60400C4F2020011
:1023F000016801F03F01059100684002002813D5F3
:10240000FFE743F60400C4F202000068C0F388103E
:1024100041F20021C0F27A01A0FB0101059A0023DC
:10242000FDF78FFF049012E043F60400C4F20200AF
:102430000068C0F3881042F20041C0F2F401A0FB32
:102440000101059A0023FDF77CFF0490FFE743F6A6
:102450000400C4F20200006800F44031022000EBE6
:10246000D130039004980399B0FBF1F0029005E09D
:1024700042F20040C0F2F4000290FFE7029806B07A
:1024800080BD000080B586B00490049820B9FFE7B5
:1024900001208DF8170050E304980078C007002849
:1024A00000F0A580FFE743F60800C4F202000068D0
:1024B00000F00C00042813D0FFE743F60800C4F234
:1024C0000200006800F00C0008281ED1FFE743F668
:1024D0000400C4F2020000684002002815D5FFE79E
:1024E00043F60000C4F20200006800F4003100204E
:1024F000B0EB514F08D0FFE70498406820B9FFE7E0
:1025000001208DF8170018E370E0FFE70498406899
:10251000B0F5803F09D1FFE743F60001C4F20201A4
:10252000086840F48030086020E004984068B0F506
:10253000A02F0DD1FFE743F60001C4F202010868A5
:1025400040F480200860086840F4803008600CE0A7
:1025500043F60001C4F20201086820F480300860EC
:10256000086820F480200860FFE7FFE7FFE7049891
:102570004068E8B1FFE7FFF723FD0390FFE743F66C
:102580000000C4F20200006800F400310020B0EB4B
:10259000514F0CD1FFE7FFF713FD0399401A65284F
:1025A00004D3FFE703208DF81700C6E2E7E71CE03D
:1025B000FFF706FD0390FFE743F60000C4F20200B8
:1025C000006800F400310020B0EB514F0CD0FFE761
:1025D000FFF7F6FC0399401A652804D3FFE70320B0
:1025E0008DF81700A9E2E7E7FFE7FFE7FFE70498A8
:1025F00000788007002840F19680FFE743F6080046
:10260000C4F20200006810F00C0F13D0FFE743F68D
:102610000800C4F20200006800F00C0008282CD169
:10262000FFE743F60400C4F20200006840020028FD
:1026300023D4FFE743F60000C4F20200006800F074
:1026400002010020B0EB510F09D0FFE70498C068E9
:10265000012804D0FFE701208DF817006DE243F652
:102660000001C4F20201086820F0F800049A12691F
:1026700040EAC2000860FFE754E00498C06870B305
:10268000FFE70021C4F2472101200860FFF798FC12
:102690000390FFE743F60000C4F20200006800F078
:1026A00002010020B0EB510F0CD1FFE7FFF788FCCF
:1026B0000399401A032804D3FFE703208DF817007D
:1026C0003BE2E7E743F60001C4F20201086820F0AC
:1026D000F800049A126940EAC200086021E0002173
:1026E000C4F2472100200860FFF76AFC0390FFE76F
:1026F00043F60000C4F20200006800F0020100206E
:10270000B0EB510F0CD0FFE7FFF75AFC0399401ACA
:10271000032804D3FFE703208DF817000DE2E7E755
:10272000FFE7FFE7FFE704980078000700284BD594
:10273000FFE70498406918B3FFE740F68061C4F2F0
:10274000472101200860FFF73BFC0390FFE743F6B9
:102750007400C4F20200006800F002010020B0EB37
:10276000510F0CD1FFE7FFF72BFC0399401A032808
:1027700004D3FFE703208DF81700DEE1E7E722E04E
:1027800040F68061C4F2472100200860FFF718FC82
:102790000390FFE743F67400C4F20200006800F003
:1027A00002010020B0EB510F0CD0FFE7FFF708FC4F
:1027B0000399401A032804D3FFE703208DF817007C
:1027C000BBE1E7E7FFE7FFE7049800784007002850
:1027D00040F1CE80FFE700208DF8070043F640006F
:1027E000C4F202000068C000002815D4FFE7FFE72C
:1027F0000020009043F64000C4F20200016841F05E
:1028000080510160006800F0805000900098FFE760
:1028100001208DF80700FFE747F20000C4F2000036
:102820000068C005002822D4FFE747F20001C4F287
:102830000001086840F480700860FFF7C1FB039056
:10284000FFE747F20000C4F200000068C00500285E
:102850000CD4FFE7FFF7B4FB0399401A032804D315
:10286000FFE703208DF8170067E1EAE7FFE7FFE7DE
:1028700004988068012809D1FFE743F67001C4F28B
:102880000201086840F0010008601FE004988068B9
:1028900005280DD1FFE743F67001C4F20201086874
:1028A00040F004000860086840F0010008600CE097
:1028B00043F67001C4F20201086820F001000860CC
:1028C000086820F004000860FFE7FFE7FFE70498CE
:1028D0008068F8B1FFE7FFF773FB0390FFE743F66B
:1028E0007000C4F20200006800F002010020B0EBAA
:1028F000510F0ED1FFE7FFF763FB0399401A41F236
:102900008931884204D3FFE703208DF8170014E1D2
:10291000E5E71EE0FFF754FB0390FFE743F6700086
:10292000C4F20200006800F002010020B0EB510F79
:102930000ED0FFE7FFF744FB0399401A41F28931BB
:10294000884204D3FFE703208DF81700F5E0E5E7A0
:10295000FFE79DF80700012809D1FFE743F6400192
:10296000C4F20201086820F080500860FFE7FFE72A
:1029700004988069002800F0DC80FFE743F6080037
:10298000C4F20200006800F00C00082800F0858006
:10299000FFE70498806902285CD1FFE76021C4F258
:1029A000472100200860FFF70BFB0390FFE743F689
:1029B0000000C4F20200006800F000710020B0EBDB
:1029C000516F0CD0FFE7FFF7FBFA0399401A032879
:1029D00004D3FFE703208DF81700AEE0E7E7049982
:1029E000C869D1F820C04B6A8A6A40EA0C0040EA04
:1029F0008310D2034FF6FF739A43A2F5803210433F
:102A0000C96A40EA016043F60401C4F202010860A9
:102A10006021C4F2472101200860FFF7D1FA03903A
:102A2000FFE743F60000C4F20200006800F0007106
:102A30000020B0EB516F0CD1FFE7FFF7C1FA03990B
:102A4000401A032804D3FFE703208DF8170074E031
:102A5000E7E721E06021C4F2472100200860FFF78A
:102A6000AFFA0390FFE743F60000C4F202000068EB
:102A700000F000710020B0EB516F0CD0FFE7FFF7C2
:102A80009FFA0399401A032804D3FFE703208DF827
:102A9000170052E0E7E7FFE74AE004988069012861
:102AA00004D1FFE701208DF8170046E043F604004B
:102AB000C4F202000068029004988069012831D0B5
:102AC000FFE7029800F480000499C969884229D17F
:102AD000FFE7029800F03F000499096A884221D17B
:102AE000FFE7029847F6C07108400499496AB0EBC5
:102AF000811F17D1FFE7029800F440300499896ADA
:102B0000C9034FF6FF729143A1F58031884209D184
:102B1000FFE7029800F070600499C96AB0EB016F9A
:102B200004D0FFE701208DF8170006E0FFE7FFE77C
:102B3000FFE700208DF81700FFE79DF8170006B0AB
:102B400080BD000080B584B002900191009202988F
:102B500020B9FFE701208DF80F002BE0029890F8D4
:102B6000490040B9FFE70299002081F84800029827
:102B700000F024F8FFE7029951F8080BFEF7B6FEC3
:102B8000029A019910689268FEF7F4FE029B009980
:102B900058689A681B6BFEF771FE0298016882689C
:102BA00051F8220040F0010041F8220000208DF889
:102BB0000F00FFE79DF80F0004B080BD80B58AB01C
:102BC0000990FFE70020039043F63800C4F20200AA
:102BD000016841F001010160006800F0010003900C
:102BE0000398FFE7FFE70020029043F63000C4F2AD
:102BF0000200016841F008010160006800F008006F
:102C000002900298FFE7FFE70020019043F63000B2
:102C1000C4F20200016841F010010160006800F098
:102C2000100001900198FFE74CF20370049002201D
:102C300005900121069107900C20089040F6004075
:102C4000C4F2020004A90091FEF792FF00994FF62A
:102C50008070049041F20000C4F20200FEF788FF89
:102C60000AB080BD81B000900098042809D1FFE728
:102C70004EF21001CEF20001086840F00400086036
:102C800008E04EF21001CEF20001086820F00400C6
:102C90000860FFE701B0704780B582B001900198ED
:102CA00000F00EFD02B080BD81B0009001B0704711
:102CB00081B0009001B0704781B0009001B07047C2
:102CC00080B582B0019001980068006900F00201AF
:102CD0000020B0EB510F28D0FFE701980068C068D2
:102CE00000F002010020B0EB510F1DD0FFE701986A
:102CF00001686FF0020008610199012008770198CE
:102D000000688069800720B1FFE70198FFF7D4FFD2
:102D100006E0019800F012F9019800F013F9FFE7BE
:102D2000019900200877FFE7FFE701980068006934
:102D300000F004010020B0EB910F29D0FFE70198CB
:102D40000068C06800F004010020B0EB910F1ED0B5
:102D5000FFE7019801686FF0040008610199022003
:102D6000087701980068806910F4407F04D0FFE77D
:102D70000198FFF7A1FF06E0019800F0DFF8019845
:102D800000F0E0F8FFE7019900200877FFE7FFE790
:102D900001980068006900F008010020B0EBD10F35
:102DA00028D0FFE701980068C06800F00801002003
:102DB000B0EBD10F1DD0FFE7019801686FF008005C
:102DC000086101990420087701980068C0698007AC
:102DD00020B1FFE70198FFF76FFF06E0019800F0D0
:102DE000ADF8019800F0AEF8FFE7019900200877F0
:102DF000FFE7FFE701980068006900F0100100207C
:102E0000B0EB111F29D0FFE701980068C06800F0FF
:102E100010010020B0EB111F1ED0FFE701980168E0
:102E20006FF0100008610199082008770198006888
:102E3000C06910F4407F04D0FFE70198FFF73CFF22
:102E400006E0019800F07AF8019800F07BF8FFE7BF
:102E5000019900200877FFE7FFE701980068006903
:102E6000C00780B1FFE701980068C068C00748B19B
:102E7000FFE7019801686FF001000861019800F018
:102E800065F8FFE7FFE7019800680069C1B200201C
:102E9000B0EBD11F13D0FFE701980068C068C1B242
:102EA0000020B0EBD11F09D0FFE7019801686FF057
:102EB000800008610198FFF7F7FEFFE7FFE7019840
:102EC0000068006900F040010020B0EB911F14D0B1
:102ED000FFE701980068C06800F040010020B0EBF7
:102EE000911F09D0FFE7019801686FF04000086169
:102EF000019800F043F8FFE7FFE7019800680069D8
:102F000000F020010020B0EB511F14D0FFE7019822
:102F10000068C06800F020010020B0EB511F09D00C
:102F2000FFE7019801686FF0200008610198FFF742
:102F3000BFFEFFE7FFE702B080BD000081B0009058
:102F400001B0704781B0009001B0704780B582B089
:102F50000190019840F62471C1F2000188420BD122
:102F6000FFE7FFE741F20040C4F202004FF4806146
:102F7000FEF7F2FFFFE7FFE702B080BD81B00090EF
:102F800001B0704782B00190ADF8021002B07047F6
:102F900081B0009001B0704780B588B00790079865
:102FA00000680068069007980068C0680590079858
:102FB000006840690490002003900290069800F099
:102FC0000F000390039888B9FFE79DF8180080066A
:102FD00000280AD5FFE79DF814008006002804D5D4
:102FE000FFE7079800F0FCFB78E1FFE70398002873
:102FF00000F0B480FFE79DF81000C00738B9FFE784
:10300000BDF8140010F4907F00F0A880FFE79DF851
:103010001800C00758B1FFE79DF81500C00730B190
:10302000FFE70799086C40F001000864FFE79DF88E
:103030001800400700280BD5FFE79DF81000C007D7
:1030400030B1FFE70799086C40F002000864FFE721
:103050009DF81800800700280BD5FFE79DF81000A9
:10306000C00730B1FFE70799086C40F0040008641E
:10307000FFE79DF818000007002811D5FFE79DF82D
:1030800014008006002805D4FFE79DF81000C00753
:1030900030B1FFE70799086C40F008000864FFE7CB
:1030A0000798006C002858D0FFE79DF818008006AC
:1030B00000280AD5FFE79DF814008006002804D5F3
:1030C000FFE7079800F08CFBFFE70798006840696E
:1030D000C0F3801002900798006C0007002803D40A
:1030E000FFE7029888B3FFE7079800F041FB0798D5
:1030F000006840694006002822D5FFE7079801686C
:10310000486920F0400048610798806B98B1FFE75C
:103110000798816B43F25170C0F60000086507986C
:10312000806BFEF703FD28B1FFE70798806B016D08
:103130008847FFE703E00798FFF72AFFFFE703E070
:103140000798FFF725FFFFE706E00798FFF720FF46
:10315000079900200864FFE7FFE7BFE00798006BCE
:10316000012840F09B80FFE79DF81800C00600286A
:1031700040F19480FFE79DF81400C006002840F15C
:103180008D80FFE7FFE70020019007980068006846
:10319000019007980068406801900198FFE7079840
:1031A00000684069400600284AD5FFE70798806B11
:1031B00000684068ADF80200BDF8020000283ED06B
:1031C000FFE7BDF802000799898D884237DAFFE7EB
:1031D000BDF802000799C8850798806BC069B0F5F3
:1031E000807F24D0FFE707980168C86820F48070CA
:1031F000C86007980168486920F001004861079895
:103200000168486920F0400048610799202081F852
:103210003E0007990020086307980168C86820F0FD
:103220001000C8600798806BFEF70AFCFFE707985C
:10323000818DC28D891A89B2FFF7A4FEFFE74DE0A8
:103240000799888DC98D401AADF800000798C08D88
:1032500018B3FFE7BDF80000F8B1FFE70798016871
:10326000C86820F49070C86007980168486920F029
:10327000010048610799202081F83E00079900204D
:10328000086307980168C86820F01000C8600798B4
:10329000BDF80010FFF776FEFFE71FE09DF818006D
:1032A000000600280AD5FFE79DF814000006002854
:1032B00004D5FFE7079800F0F1FB0FE09DF8180038
:1032C000400600280AD5FFE79DF8140040060028B4
:1032D00004D5FFE7079800F06FFAFFE708B080BD5C
:1032E00080B582B00090009820B9FFE701208DF8EA
:1032F00007003EE00098806908B1FFE700E0FFE7C3
:10330000009890F83D0040B9FFE70099002081F84F
:103310003C00009800F032F8FFE70099242081F883
:103320003D0000980168C86820F40050C86000980B
:1033300000F0E4FA00980168086920F49040086100
:1033400000980168486920F02A00486100980168E7
:10335000C86840F40050C860009900200864009AD2
:10336000202182F83D10009A82F83E108DF8070067
:10337000FFE79DF8070002B080BD000080B58EB069
:103380000D900D98006841F20001C4F201018842DD
:103390005FD1FFE7FFE7FFE70020079043F6440017
:1033A000C4F20200016841F010010160006800F001
:1033B000100007900798FFE7FFE7FFE7FFE700200F
:1033C000069043F63000C4F20200016841F00101AA
:1033D0000160006800F0010006900698FFE7FFE733
:1033E000FFE7FFE70020059043F63000C4F202003B
:1033F000016841F001010160006800F001000590E2
:103400000598FFE7FFE74FF400700890022009904D
:1034100001210A910B90072001900C900020C4F22A
:103420000200029008A90391FEF7A2FB019A0298FC
:1034300003994FF4806308930C92FEF799FB2520C3
:103440000490FEF723FE049803221146FEF728FE9F
:10345000FFE70EB080BD000080B584B002900191FE
:10346000ADF80220029890F83E00202828D1FFE70E
:10347000019820B1FFE7BDF8020020B9FFE7012065
:103480008DF80F0020E0FFE7029890F83C0001283B
:1034900004D1FFE702208DF80F0015E0029901200A
:1034A00081F83C00FFE7FFE70299002008630298DB
:1034B0000199BDF8022000F0BFFA8DF80F0003E07B
:1034C00002208DF80F00FFE79DF80F0004B080BDCB
:1034D00080B582B001900198006841F20001C4F209
:1034E000010188426AD1FFE740F27460C1F2000036
:1034F00000880004002855D4FFE740F27460C1F250
:10350000000000884004002819D5FFE740F2C440BD
:10351000C1F2000000780A2807D0FFE740F274618A
:10352000C1F200010020088008E040F27461C1F29D
:103530000001088840F400400880FFE731E040F2D5
:10354000C440C1F2000000780D2809D1FFE740F225
:103550007461C1F20001088840F4804008801FE0D7
:1035600040F2C440C1F20000017840F27460C1F240
:10357000000003886FF39F3340F2AC52C1F20002A7
:10358000D1540188013101800088C82807DBFFE79A
:1035900040F27461C1F2000100200880FFE7FFE7FC
:1035A000FFE7FFE740F26850C1F2000040F2C4417B
:1035B000C1F200010122FFF74FFFFFE702B080BD1B
:1035C00081B0009001B07047FFE7FEE7FFE7FEE73C
:1035D0007047000088B0079006910592079800F0A8
:1035E000070004900498C0F10700052803D3FFE703
:1035F0000420019004E00498C0F107000190FFE767
:103600000198039004980430062803D8FFE70020AF
:10361000009003E0049803380090FFE700980290C0
:1036200006980399012202FA01F101390840029B30
:10363000984005999A40013A1140084308B07047F4
:10364000EFF30980BFF36F8F144B1A681EF0100F51
:1036500008BF20ED108A20E9F04F10602DE9090025
:103660004FF0500080F31188BFF34F8FBFF36F8F7F
:1036700006F034FF4FF0000080F31188BDE8090028
:1036800019680868B0E8F04F1EF0100F08BFB0ECE2
:10369000108A80F30988BFF36F8F70478C0C00107D
:1036A000064B19680868B0E8F04F80F30988BFF34B
:1036B0006F8F4FF0000080F3118870478C0C001062
:1036C00080B582B0009000980138B0F1807F03D3BC
:1036D000FFE70120019019E0009801384EF2140133
:1036E000CEF2000108604FF0FF300F2100F04AFADF
:1036F0004EF21801CEF20001002008604EF21002D6
:10370000CEF20002072111600190FFE7019802B09C
:1037100080BD000080B5FEF759FC07F051FD01287F
:1037200003D0FFE707F058F8FFE780BD4EF6885159
:10373000CEF20001086840F4700008607047000095
:1037400080B540F62470C1F20000FFF7B9FA80BDE1
:1037500080B582B001900198806B009000990020A4
:10376000C8850099C8840098FFF712FC02B080BD9C
:1037700081B0009000980168C86820F49070C8601B
:1037800000980168486920F0010048610098006BCA
:10379000012807D1FFE700980168C86820F01000F1
:1037A000C860FFE70099202081F83E0000990020C2
:1037B000086301B07047000080B582B001900198A5
:1037C0000168C86820F04000C8600199202081F895
:1037D0003D000198FFF7F4FE002002B080BD00001C
:1037E00080B584B00290029890F83E0022287CD1E7
:1037F000FFE702988068B0F5805F15D1FFE7029877
:10380000006988B9FFE7002001900298806A009063
:103810000298006840686FF35F2000990880029961
:10382000886A0230886225E00298806A0190002050
:10383000009002988068B0F5805F08D0FFE702989A
:10384000806850B9FFE70298006930B9FFE7029835
:10385000006840680199087007E0029800684068B5
:1038600000F07F0001990870FFE70299886A013033
:103870008862FFE70299C88D0138C885000480BBC3
:10388000FFE702980168C86820F02000C86002982D
:103890000168C86820F48070C860029801684869AF
:1038A00020F0010048610299202081F83E00029832
:1038B000006B01280BD1FFE702980168C86820F06F
:1038C0001000C8600298818DFFF75CFB03E002984E
:1038D000FFF7FEFDFFE70299002008638DF80F0057
:1038E00007E000208DF80F0003E002208DF80F00A4
:1038F000FFE79DF80F0004B080BD000080B586B0E2
:10390000059005980068006920F44050059A1168F8
:10391000D26810430861059988680B694A69C969CA
:10392000184310430843049005980068C06849F2A2
:103930000C6188430499084305990968C860059893
:103940000068406920F44070059A1168926910433C
:1039500048610598006841F20001C4F20101884203
:1039600009D0FFE70598006841F20041C4F2010167
:10397000884204D1FFE7FEF7FFFC039003E0FEF767
:10398000E9FC0390FFE70598C069B0F5004F29D125
:10399000FFE703981921A0FB0101059A1368029320
:1039A00053685A00DB0FFCF7CCFC0299864648F2BC
:1039B0001F53C5F2EB13AEFB0320420910014FF079
:1039C000640C02FB1CEC322202EBCC02A2FB0332A1
:1039D000F82303EA521300EB4300C2F342121044EF
:1039E000886026E003981921A0FB0101059A13685D
:1039F000019353689A009B0FFCF7A3FC019984463E
:103A000048F21F52C5F2EB12ACFB023043096420AE
:103A100003FB10CC322000EB0C10A0FB0202F020C4
:103A200000EA521000EB0310C2F343121044886006
:103A3000FFE706B080BD000083B002900191ADF8B1
:103A40000220019802998862BDF8020002998885D7
:103A5000BDF802000299C885029900200864029905
:103A6000222081F83E00FFE70299002081F83C0007
:103A7000FFE702980168C86840F48070C860029847
:103A80000168486940F00100486102980168C8680F
:103A900040F02000C860002003B0704783B0019060
:103AA000019890F83D0021283AD1FFE701988068FD
:103AB000B0F5805F13D1FFE70198006978B9FFE79F
:103AC0000198006A0090009800886FF35F200199C8
:103AD000096848600199086A0230086208E0019AA2
:103AE000106A411C11620078019909684860FFE77B
:103AF0000199C88C0138C884000468B9FFE70198AF
:103B00000168C86820F08000C86001980168C86832
:103B100040F04000C860FFE700208DF80B0003E094
:103B200002208DF80B00FFE79DF80B0003B07047F3
:103B300080B540F26850C1F20000FFF72DFA80BD59
:103B4000FFE7FEE781B08DF803009DF90300002830
:103B50000ED4FFE79DF9031001F01F0201209040F1
:103B60004A094EF20011CEF2000141F82200FFE7AF
:103B700001B070474EF60C50CEF200000068C0F362
:103B80000220704782B08DF8070000919DF9070070
:103B900000280AD4FFE7009800019DF907104EF2B3
:103BA0000042CEF2000288540BE0009800019DF81C
:103BB000071001F00F014EF61452CEF200028854A5
:103BC000FFE702B07047000083B00290029800F057
:103BD000070000904EF60C51CEF2000108680190EB
:103BE00001984FF6FF02104001900198009A40EAB8
:103BF00002200022C0F2FA5210430190019808609E
:103C000003B0704781B0009001B0704780B582B0BA
:103C1000ADF806000420FFF725F8BDF8060040F2D5
:103C2000B441C1F200010860BDF8060000900098A0
:103C30004FF47A71484300904EF21001CEF2000129
:103C4000086840F00200086000984EF21402CEF2BC
:103C500000021060086840F00100086002B080BDFA
:103C600080B582B0ADF8060000200090FFE7009814
:103C7000BDF80610884209D2FFE74FF47A7000F0D1
:103C800007F8FFE7009801300090F0E702B080BD30
:103C900086B00590002001904EF21400CEF2000094
:103CA00000680090059840F2B441C1F20001096833
:103CB000484304904EF21800CEF2000000680390D2
:103CC000FFE74EF21800CEF2000000680290029862
:103CD000039988421ED0FFE702980399884207D2D1
:103CE000FFE703980299411A01980844019008E0FF
:103CF00000980299401A03990144019808440190E0
:103D0000FFE70298039001980499884201D3FFE7E6
:103D100001E0FFE7D5E706B07047000082B00190F0
:103D20000091FFE741F20000C4F201000068400684
:103D3000002801D4FFE7F5E79DF8040041F20401F3
:103D4000C4F201010860019802B0704780B582B0EA
:103D500040F25440C1F2000069464860012008600A
:103D600049F20920C0F6000042F26D21C0F60101BF
:103D70008022002307F0EEF906F05EFB02B080BD62
:103D800081B00090009841680844043801B0704741
:103D900080B58EB0FFE7FFE70020089043F63000C3
:103DA000C4F20200016841F010010160006800F0F7
:103DB000100008900898FFE7FFE7FFE7FFE7002003
:103DC000079043F63000C4F20200016841F0100190
:103DD0000160006800F0100007900798FFE7FFE718
:103DE000FFE7FFE70020069043F63000C4F2020030
:103DF000016841F010010160006800F010000690B9
:103E00000698FFE7FFE7FFE7FFE70020059043F68E
:103E10003000C4F20200016841F001010160006855
:103E200000F0010005900598FFE7FFE710200990DA
:103E3000002002900A90012001900B900220039034
:103E40000C9041F20000C4F20200009009A9049114
:103E5000FDF78EFE0098019BDDF808C0039A0499D7
:103E60004FF0080ECDF824E0CDF828C00B930C924B
:103E7000FDF77EFE0098019BDDF808C0039A0499C7
:103E80004FF0040ECDF824E0CDF828C00B930C922F
:103E9000FDF76EFE019B029A0398049909930A921A
:103EA0000B900C900020C4F20200FDF761FE0EB0F2
:103EB00080BD000080B584B0ADF80E0000210091F7
:103EC000029140F27660C1F20000028801924288BD
:103ED000019850430190084603F0AAFA03F0C0FB92
:103EE00000980290FFE70298019988420BD2FFE701
:103EF000BDF80E008021C6F600410880FFE7029859
:103F000001300290EFE704B080BD000080B582B0C0
:103F10008DF807009DF8070040F27661C1F20001BC
:103F200088719DF80700002840F08080FFE740F28C
:103F30007660C1F20000F02101804FF4A071418051
:103F4000808845F21051884214D1FFE740F2766133
:103F5000C1F200014FF4305008814FF428504881DD
:103F60004FF42C5088814FF4F07008804FF4487063
:103F7000488026E040F27660C1F20000808841F679
:103F80006311884211D1FFE740F27661C1F200016E
:103F90002C2008812B2048812A2088814FF4F07042
:103FA00008804FF4487048800AE040F27661C1F220
:103FB00000012C2008812A2048812B208881FFE7DE
:103FC000FFE740F27660C1F20000808845F21031D0
:103FD00088420AD0FFE740F27660C1F20000808894
:103FE00047F2967188420BD1FFE740F27661C1F249
:103FF00000014FF4A07008804FF4F0704880FFE794
:1040000040F27660C1F20000808849F606018842DD
:104010000BD1FFE740F27661C1F200014FF4F0707E
:1040200008804FF448704880FFE773E040F2766004
:10403000C1F200004FF4A0710180F021418080881E
:1040400045F21051884214D1FFE740F27661C1F287
:1040500000014FF4305008814FF4285048814FF44C
:104060002C5088814FF4487008804FF4F0704880DD
:1040700030E040F27660C1F20000808841F66311C2
:1040800088420AD0FFE740F27660C1F200008088E3
:1040900049F60601884211D1FFE740F27661C1F28C
:1040A00000012C2008812A2048812B2088814FF490
:1040B000487008804FF4F07048800AE040F2766162
:1040C000C1F200012C2008812A2048812B20888100
:1040D000FFE7FFE740F27660C1F20000808845F21A
:1040E000103188420AD0FFE740F27660C1F200004A
:1040F000808847F2967188420BD1FFE740F27661E3
:10410000C1F200014FF4F07008804FF4A0704880B5
:10411000FFE7FFE7002002F0DDFF02B080BD0000F6
:1041200080B58CB0CF2003F08BFA00200A9003F00A
:1041300077FAC120009003F073FA3020019003F069
:104140006FFAED2003F07CFA642003F069FA032093
:1041500003F066FA122003F063FA812003F060FA9C
:10416000E82003F06DFA852003F05AFA102004903D
:1041700003F056FA7A2003F053FACB2003F060FAEA
:10418000392003F04DFA2C2003F04AFA0A9803F084
:1041900047FA342003F044FA022003F041FAF720F2
:1041A00003F04EFA202003F03BFAEA2003F048FA2D
:1041B0000A9803F035FA0A9803F032FAC02003F0A7
:1041C0003FFA1B2003F02CFA009803F039FA012083
:1041D000079003F025FAC52003F032FA019803F0A6
:1041E0001FFA019803F01CFAC72003F029FAB72040
:1041F00003F016FA362003F023FA482003F010FAF1
:104200003A2003F01DFA552003F00AFAB12003F01A
:1042100017FA0A9803F004FA1A2003F001FAB620FC
:1042200003F00EFA0A20039003F0FAF9A22003F03B
:10423000F7F9F22003F004FA0A9803F0F1F92620C6
:1042400003F0FEF9079803F0EBF9E02003F0F8F92A
:104250000F20059003F0E4F92A20099003F0E0F91B
:10426000282003F0DDF90820029003F0D9F90E2090
:1042700003F0D6F9029803F0D3F9542003F0D0F9F3
:10428000A92003F0CDF9432003F0CAF9039803F005
:10429000C7F9059803F0C4F90A9803F0C1F90A9820
:1042A00003F0BEF90A9803F0BBF90A9803F0B8F9D5
:1042B000E12003F0C5F90A9803F0B2F9152003F0E4
:1042C000AFF9172003F0ACF9072003F0A9F911208A
:1042D0000B9003F0A5F9062003F0A2F92B2006901D
:1042E00003F09EF9562003F09BF93C2003F098F967
:1042F000052003F095F9049803F092F9059803F06E
:104300008FF93F20089003F08BF9089803F088F9A3
:10431000059803F085F9069803F092F90A9803F0DE
:104320007FF90A9803F07CF9079803F079F9089867
:1043300003F076F9099803F083F90A9803F070F90D
:104340000A9803F06DF90A9803F06AF9EF2003F078
:1043500067F90B9803F074F97820FFF781FC2920A6
:1043600003F06EF90CB080BD80B596B0FF200190CF
:1043700003F066F9019803F053F9982003F050F91F
:1043800006200D9003F04CF9BC2003F059F90120F0
:10439000129003F045F90F20109003F041F96120CD
:1043A00003F03EF9019803F03BF9129803F038F955
:1043B000129803F035F90B200A9003F031F9102020
:1043C000099003F02DF9372003F02AF9632003F058
:1043D00027F9019803F024F9019803F021F91298C4
:1043E00003F01EF9129803F01BF90020159003F05A
:1043F00017F9159803F014F9019803F011F95220F8
:1044000003F00EF9129803F00BF9159803F008F970
:104410004020069003F004F9BD2003F011F9129832
:1044200003F0FEF82320029003F0FAF845200390F1
:1044300003F0F6F86720049003F0F2F8129803F006
:10444000EFF8029803F0ECF8039803F0E9F8049809
:1044500003F0E6F8BE2003F0F3F8159803F0E0F857
:10446000129803F0DDF8AB2003F0DAF8602003F0D7
:10447000D7F82220059003F0D3F8059803F0D0F880
:10448000059803F0CDF8059803F0CAF8059803F0F5
:10449000C7F8C72003F0D4F83620149003F0C0F812
:1044A000ED2003F0CDF87F2003F0BAF8109803F068
:1044B000B7F8C02003F0C4F8109803F0B1F80A98D8
:1044C00003F0AEF80A200E9003F0AAF8FC2003F0E7
:1044D000B7F8082003F0A4F8DF20139003F0B0F839
:1044E000159803F09DF8159803F09AF8159803F0C5
:1044F00097F8159803F094F8159803F091F8202098
:10450000089003F08DF8F32003F09AF8742003F07C
:1045100087F8B42003F094F8159803F081F8159803
:1045200003F07EF8159803F07BF8F72003F088F885
:10453000822003F075F8B12003F082F8159803F09B
:104540006FF813200B9003F06BF80B9803F068F8EA
:10455000F22003F075F8802003F062F8042003F0E5
:104560005FF8069803F05CF8282003F059F8C120A2
:1045700003F066F8172003F053F88820079003F043
:104580004FF8079803F04CF8089803F049F8E0203A
:1045900003F056F8159803F043F80E9803F040F82E
:1045A000122003F03DF8099803F03AF80E200F901E
:1045B00003F036F8089803F033F8CC2003F030F815
:1045C000072003F02DF80D9803F02AF80A9803F05D
:1045D00027F80F9803F024F8109803F021F80D2025
:1045E0000C9003F01DF81520119003F019F80998AC
:1045F00003F016F8159803F013F8E12003F020F803
:10460000159803F00DF80A9803F00AF80B9803F0D8
:1046100007F80C9803F004F80F9803F001F81B203A
:1046200002F0FEFF712002F0FBFF0D9802F0F8FF90
:104630000D9802F0F5FF0E9802F0F2FF109802F0CC
:10464000EFFF0F9802F0ECFF109802F0E9FF1198CD
:1046500002F0E6FF0C2002F0E3FF159802F0E0FF05
:104660002A2002F0EDFF159802F0DAFF159802F00B
:10467000D7FF129802F0D4FF139802F0D1FF2B203D
:1046800002F0DEFF159802F0CBFF159802F0C8FF8C
:10469000032002F0C5FF1F2002F0C2FF3A2002F003
:1046A000CFFF552002F0BCFF149802F0C9FF159807
:1046B00002F0B6FF112002F0C3FF7820FFF7D0FA16
:1046C000292002F0BDFF1420FFF7CAFA2C2002F0C7
:1046D000B7FF16B080BD000080B5CEB0ED2002F06F
:1046E000AFFF0120219002F09BFFFE2002F098FF17
:1046F000EE2002F0A5FFDE2002F092FF21200B90B9
:1047000002F08EFFF12002F09BFF219802F088FF5B
:10471000DF2002F095FF1020459002F081FFC420B9
:104720002D9002F08DFF8F2002F07AFFC6200890B6
:1047300002F086FF00204A9002F072FFE2201690FD
:1047400002F06EFF169802F06BFF169802F068FFF9
:10475000BF2002F075FFAA20419002F061FFB02057
:1047600002F06EFF0D20009002F05AFF4A9802F00E
:1047700057FF009802F054FF4A9802F051FF1120B1
:10478000479002F04DFF4A9802F04AFF192002F0CC
:1047900047FF4A9802F044FF0B9802F041FF4A9805
:1047A00002F03EFF2D2002F03BFF4A9802F038FF56
:1047B0003D2002F035FF4A9802F032FF5D2026903E
:1047C00002F02EFF4A9802F02BFF269802F028FFF5
:1047D0004A9802F025FFB12002F032FF802002F05B
:1047E0001FFF4A9802F01CFF8B20109002F018FF68
:1047F0004A9802F015FF9620019002F011FF4A98A6
:1048000002F00EFFB22002F01BFF4A9802F008FFF0
:104810004A9802F005FF0220239002F001FF4A9817
:1048200002F0FEFE0320029002F0FAFE4A9802F027
:10483000F7FEB3202B9002F003FF4A9802F0F0FE3F
:104840004A9802F0EDFE4A9802F0EAFE4A9802F019
:10485000E7FE4A9802F0E4FE4A9802F0E1FE4A9828
:1048600002F0DEFE4A9802F0DBFE4A9802F0D8FE23
:104870004A9802F0D5FE4A9802F0D2FE4A9802F019
:10488000CFFE4A9802F0CCFE4A9802F0C9FE4A9840
:1048900002F0C6FE4A9802F0C3FE4A9802F0C0FE3B
:1048A0004A9802F0BDFE4A9802F0BAFE4A9802F019
:1048B000B7FE4A9802F0B4FE4A9802F0B1FE4A9858
:1048C00002F0AEFE4A9802F0ABFEB42002F0B8FE51
:1048D000109802F0A5FE4A9802F0A2FE019802F09C
:1048E0009FFE4A9802F09CFEA12002F099FE4A9891
:1048F00002F096FEB52002F0A3FE239802F090FE8F
:104900004A9802F08DFE029802F08AFE4A9802F060
:1049100087FE0420039002F083FE4A9802F080FE96
:10492000B62002F08DFE4A9802F07AFE4A9802F014
:1049300077FEB7201D9002F083FE4A9802F070FEC9
:104940004A9802F06DFE3F2002F06AFE4A9802F09B
:1049500067FE5E2002F064FE4A9802F061FE642069
:10496000489002F05DFE4A9802F05AFE8C2002F058
:1049700057FE4A9802F054FEAC2002F051FE4A98CD
:1049800002F04EFEDC20309002F04AFE4A9802F01F
:1049900047FE702002F044FE4A9802F041FE90204B
:1049A00002F03EFE4A9802F03BFEEB2002F038FE99
:1049B0004A9802F035FE309802F032FE4A9802F032
:1049C0002FFEB82002F03CFE4A9802F029FE4A98D9
:1049D00002F026FE4A9802F023FE4A9802F020FEDA
:1049E0004A9802F01DFE4A9802F01AFE4A9802F018
:1049F00017FE4A9802F014FEBA2002F021FE24208D
:104A0000069002F00DFE4A9802F00AFE4A9802F063
:104A100007FE4A9802F004FEC12002F011FE202099
:104A2000099002F0FDFD4A9802F0FAFD542002F0D0
:104A3000F7FD4A9802F0F4FDFF204B9002F0F0FDE4
:104A40004A9802F0EDFDC2201E9002F0F9FD0A2006
:104A5000189002F0E5FD4A9802F0E2FD039802F09A
:104A6000DFFD4A9802F0DCFDC32002F0E9FD3C20A6
:104A7000249002F0D5FD4A9802F0D2FD3A204690EB
:104A800002F0CEFD4A9802F0CBFD392002F0C8FDBD
:104A90004A9802F0C5FD372002F0C2FD4A9802F0A4
:104AA000BFFD249802F0BCFD4A9802F0B9FD362003
:104AB0000D9002F0B5FD4A9802F0B2FD322033901D
:104AC00002F0AEFD4A9802F0ABFD2F20049002F0F8
:104AD000A7FD4A9802F0A4FD2C204D9002F0A0FD05
:104AE0004A9802F09DFD2920499002F099FD4A98CC
:104AF00002F096FD2620059002F092FD4A9802F001
:104B00008FFD069802F08CFD4A9802F089FD069808
:104B100002F086FD4A9802F083FD2320379002F0D0
:104B20007FFD4A9802F07CFD249802F079FD4A98B6
:104B300002F076FD0D9802F073FD4A9802F070FDC8
:104B4000339802F06DFD4A9802F06AFD049802F075
:104B500067FD4A9802F064FD4D9802F061FD4A98A5
:104B600002F05EFD499802F05BFD4A9802F058FDA4
:104B7000059802F055FD4A9802F052FD069802F0A1
:104B80004FFD4A9802F04CFD069802F049FD4A9804
:104B900002F046FD379802F043FD4A9802F040FDCE
:104BA0002D9802F04DFD62201A9002F039FD4A98CE
:104BB00002F036FD0520179002F032FD4A9802F00F
:104BC0002FFD8420289002F02BFD4A9802F028FD4A
:104BD000F020429002F024FD4A9802F021FD1820B6
:104BE000079002F01DFD4A9802F01AFDA42002F081
:104BF00017FD4A9802F014FD079802F011FD4A983B
:104C000002F00EFD5020439002F00AFD4A9802F097
:104C100007FD0C2002F004FD4A9802F001FD172068
:104C20000A9002F0FDFC4A9802F0FAFC952002F08E
:104C3000F7FC4A9802F0F4FCF320449002F0F0FCF8
:104C40004A9802F0EDFCE620319002F0E9FC4A9827
:104C500002F0E6FCC52002F0F3FC339802F0E0FC21
:104C60004A9802F0DDFC4420409002F0D9FC4A98BA
:104C700002F0D6FC652002F0D3FC4A9802F0D0FC8A
:104C80007620349002F0CCFC4A9802F0C9FC8820CF
:104C90003C9002F0C5FC4A9802F0C2FC089802F071
:104CA000CFFC099802F0BCFC4A9802F0B9FC0A98C3
:104CB00002F0B6FC4A9802F0B3FC219802F0B0FC76
:104CC0004A9802F0ADFCC7201F9002F0B9FC4A9848
:104CD00002F0A6FC4A9802F0A3FC4A9802F0A0FC5D
:104CE0004A9802F09DFCC82002F0AAFC4A9802F003
:104CF00097FC4A9802F094FC4A9802F091FC4A987A
:104D000002F08EFCC92002F09BFC4A9802F088FC5D
:104D10004A9802F085FC4A9802F082FC4A9802F018
:104D20007FFC4A9802F07CFC4A9802F079FC4A9891
:104D300002F076FC4A9802F073FC4A9802F070FC8C
:104D40004A9802F06DFC4A9802F06AFC4A9802F018
:104D500067FC4A9802F064FC4A9802F061FC4A98A9
:104D600002F05EFC4A9802F05BFCE020159002F035
:104D700067FC16200C9002F053FC4A9802F050FC9D
:104D80001C20199002F04CFC4A9802F049FC0B9848
:104D900002F046FC4A9802F043FC0D9802F040FCF9
:104DA0004A9802F03DFC462002F03AFC4A9802F094
:104DB00037FC52200E9002F033FC4A9802F030FC8F
:104DC000489802F02DFC4A9802F02AFC7A200F90B5
:104DD00002F026FC4A9802F023FC109802F020FC16
:104DE0004A9802F01DFC99203E9002F019FC4A9866
:104DF00002F016FCA820119002F012FC4A9802F072
:104E00000FFCB920129002F00BFC4A9802F008FC4B
:104E10002D9802F005FC4A9802F002FCCA2013907B
:104E200002F0FEFB4A9802F0FBFBD220149002F045
:104E3000F7FB4A9802F0F4FBD92002F0F1FB4A9804
:104E400002F0EEFB159802F0EBFB4A9802F0E8FB4B
:104E5000449802F0E5FB4A9802F0E2FBE12002F000
:104E6000EFFB0C9802F0DCFB4A9802F0D9FB199892
:104E700002F0D6FB4A9802F0D3FB222002F0D0FBCE
:104E80004A9802F0CDFB0D9802F0CAFB4A9802F056
:104E9000C7FB4520399002F0C3FB4A9802F0C0FBE3
:104EA0000E9802F0BDFB4A9802F0BAFB489802F057
:104EB000B7FB4A9802F0B4FB0F9802F0B1FB4A9896
:104EC00002F0AEFB109802F0ABFB4A9802F0A8FB90
:104ED0003E9802F0A5FB4A9802F0A2FB119802F05E
:104EE0009FFB4A9802F09CFB129802F099FB4A98AB
:104EF00002F096FB2D9802F093FB4A9802F090FB8B
:104F0000139802F08DFB4A9802F08AFB149802F085
:104F100087FB4A9802F084FBD82002F081FB4A9874
:104F200002F07EFB159802F07BFB4A9802F078FBBA
:104F3000449802F075FB4A9802F072FB169802F052
:104F40007FFB179802F06CFB4A9802F069FB0B207C
:104F500002F066FB4A9802F063FB1B2002F060FB44
:104F60004A9802F05DFB3420329002F059FB4A98D7
:104F700002F056FB409802F053FB4A9802F050FBB7
:104F80004F2002F04DFB4A9802F04AFB612002F0EC
:104F900047FB4A9802F044FB792002F041FB4A9813
:104FA00002F03EFB3C9802F03BFB4A9802F038FBD3
:104FB00097201B9002F034FB4A9802F031FBA620A8
:104FC0001C9002F02DFB4A9802F02AFB1D9802F07B
:104FD00027FB4A9802F024FB1E9802F021FB4A9816
:104FE00002F01EFB1F9802F01BFB4A9802F018FB10
:104FF000D120209002F014FB4A9802F011FBD62039
:1050000002F00EFB4A9802F00BFBDD20229002F02A
:1050100007FB4A9802F004FB449802F001FB4A980F
:1050200002F0FEFAE32002F00BFB179802F0F8FA08
:105030004A9802F0F5FA189802F0F2FA4A9802F04B
:10504000EFFA199802F0ECFA4A9802F0E9FA3320E4
:10505000389002F0E5FA4A9802F0E2FA409802F03D
:10506000DFFA4A9802F0DCFA439802F0D9FA4A983B
:1050700002F0D6FA1A9802F0D3FA4A9802F0D0FA5F
:10508000782002F0CDFA4A9802F0CAFA3C9802F071
:10509000C7FA4A9802F0C4FA1B9802F0C1FA4A987B
:1050A00002F0BEFA1C9802F0BBFA4A9802F0B8FA75
:1050B0001D9802F0B5FA4A9802F0B2FA1E9802F072
:1050C000AFFA4A9802F0ACFA1F9802F0A9FA4A988F
:1050D00002F0A6FA209802F0A3FA4A9802F0A0FA89
:1050E000D52002F09DFA4A9802F09AFA229802F02E
:1050F00097FA4A9802F094FA449802F091FA4A9882
:1051000002F08EFAE42002F09BFA219802F088FA6D
:105110004A9802F085FA219802F082FA4A9802F041
:105120007FFA239802F07CFA4A9802F079FA2A2052
:1051300002F076FA4A9802F073FA249802F070FAB4
:105140004A9802F06DFA4B20259002F069FA4A98CD
:1051500002F066FA269802F063FA4A9802F060FAC2
:105160007420279002F05CFA4A9802F059FA2898C5
:1051700002F056FA4A9802F053FA9320299002F06E
:105180004FFA4A9802F04CFAA2202A9002F048FA0C
:105190004A9802F045FA2B9802F042FA4A9802F037
:1051A0003FFABE202C9002F03BFA4A9802F038FAFF
:1051B0002D9802F035FA4A9802F032FACD202E905E
:1051C00002F02EFA4A9802F02BFAD3202F9002F028
:1051D00027FA4A9802F024FA229802F021FA4A9813
:1051E00002F01EFA449802F01BFA4A9802F018FAEC
:1051F000E52002F025FA4A9802F012FA4A9802F0E5
:105200000FFA4A9802F00CFA4A9802F009FA239829
:1052100002F006FA4A9802F003FA499802F000FAFE
:105220004A9802F0FDF9249802F0FAF94A9802F03F
:10523000F7F9259802F0F4F94A9802F0F1F9269866
:1052400002F0EEF94A9802F0EBF9279802F0E8F93B
:105250004A9802F0E5F9289802F0E2F94A9802F03B
:10526000DFF9299802F0DCF94A9802F0D9F92A9876
:1052700002F0D6F94A9802F0D3F92B9802F0D0F94F
:105280004A9802F0CDF92C9802F0CAF94A9802F037
:10529000C7F92D9802F0C4F94A9802F0C1F92E9886
:1052A00002F0BEF94A9802F0BBF92F9802F0B8F963
:1052B0004A9802F0B5F9309802F0B2F94A9802F033
:1052C000AFF9449802F0ACF94A9802F0A9F9319884
:1052D00002F0B6F9479802F0A3F94A9802F0A0F953
:1052E000329802F09DF94A9802F09AF956203690C9
:1052F00002F096F94A9802F093F9349802F090F986
:105300004A9802F08DF977203B9002F089F94A988B
:1053100002F086F966203F9002F082F94A9802F086
:105320007FF93C9802F07CF94A9802F079F93E98AE
:1053300002F076F94A9802F073F9BB203D9002F032
:105340006FF94A9802F06CF93E9802F069F94A98B0
:1053500002F066F93F9802F063F94A9802F060F9AA
:1053600055204C9002F05CF94A9802F059F94C989B
:1053700002F056F94A9802F053F9399802F050F9C0
:105380004A9802F04DF9432002F04AF94A9802F097
:1053900047F9409802F044F94A9802F041F9E720B1
:1053A00002F04EF9339802F03BF94A9802F038F9CE
:1053B0004C9802F035F94A9802F032F9349802F02C
:1053C0002FF94A9802F02CF93F9802F029F94A98EF
:1053D00002F026F96720359002F022F94A9802F08F
:1053E0001FF9359802F01CF94A9802F019F9872044
:1053F0003A9002F015F94A9802F012F93E9802F03C
:105400000FF94A9802F00CF93D9802F009F94A9810
:1054100002F006F93E9802F003F94A9802F000F90A
:105420003B9802F0FDF84A9802F0FAF8409802F032
:10543000F7F84A9802F0F4F8369802F0F1F84A9832
:1054400002F0EEF8379802F0EBF84A9802F0E8F82C
:10545000389802F0E5F84A9802F0E2F8399802F03C
:10546000DFF84A9802F0DCF8E82002F0E9F84A9800
:1054700002F0D6F84A9802F0D3F83E9802F0D0F83D
:105480004A9802F0CDF83A9802F0CAF84A9802F029
:10549000C7F83C9802F0C4F84A9802F0C1F83B986B
:1054A00002F0BEF84A9802F0BBF83F9802F0B8F854
:1054B0004A9802F0B5F83C9802F0B2F84A9802F027
:1054C000AFF8419802F0ACF84A9802F0A9F83D987C
:1054D00002F0A6F84A9802F0A3F83E9802F0A0F86D
:1054E0004A9802F09DF83F9802F09AF84A9802F024
:1054F00097F84C9802F094F84A9802F091F84C987A
:1055000002F08EF84A9802F08BF8409802F088F882
:105510004A9802F085F8409802F082F84A9802F022
:105520007FF84C9802F07CF84A9802F079F8E9206C
:1055300002F086F8419802F073F84A9802F070F889
:105540004A9802F06DF84A9802F06AF84A9802F018
:1055500077F8419802F064F8CF2002F071F84A9889
:1055600002F05EF84A9802F05BF84A9802F058F8A8
:105570004A9802F055F84A9802F052F84A9802F018
:105580004FF84A9802F04CF84A9802F049F84A98C5
:1055900002F046F84A9802F043F84A9802F040F8C0
:1055A0004A9802F03DF84A9802F03AF84A9802F018
:1055B00037F84A9802F034F84A9802F031F84A98DD
:1055C00002F02EF8429802F03BF84A9802F028F8D0
:1055D000439802F025F84A9802F022F84A9802F01F
:1055E0001FF84A9802F01CF8449802F029F84A98EB
:1055F00002F016F8F92002F023F8062002F010F865
:10560000459802F00DF8499802F00AF84A9802F01D
:1056100007F8469802F014F84C9802F001F8479801
:1056200002F00EF84898FEF71BFB499802F008F8C4
:10563000352002F005F84A9801F0F2FF512001F000
:10564000FFFF4B9801F0ECFF532001F0F9FF4D985C
:1056500001F0E6FF4C9801F0F3FF822001F0E0FF3B
:105660004D9801F0EDFF4EB080BD000080B5B4B0A4
:105670004FF4704019905521329101F0FBFF4FF229
:1056800001001A90AA211B9101F0F4FF4FF20200D1
:105690001C9052211D9101F0EDFF4FF203001E906E
:1056A00008211F9101F0E6FF4FF204002090012134
:1056B000289101F0DFFF4FF430400D21009101F0FF
:1056C000D9FF00994BF2010001F0D4FF00994BF291
:1056D000020001F0CFFF4FF43640239034210D91AA
:1056E00001F0C8FF0D994BF2016001F0C3FF0D9965
:1056F0004BF2026001F0BEFF00994FF4314021905F
:1057000001F0B8FF00994BF20110229001F0B2FFB6
:1057100000994BF2021001F0ADFF0D994FF43740A4
:10572000249001F0A7FF0D994BF20170259001F034
:10573000A1FF0D994BF2027001F09CFF4FF4324033
:105740000021319101F096FF31994BF2012001F0D7
:1057500091FF31994BF2022001F08CFF4FF4384059
:1057600027902421029101F085FF02994BF6010058
:10577000299001F07FFF02994BF602002A9001F078
:1057800079FF28994FF43F4001F074FF4FF4334004
:105790000F21019101F06EFF01994BF2013001F0F0
:1057A00069FF01994BF2023001F064FF0D994FF44B
:1057B000394001F05FFF0D994BF6011001F05AFFDF
:1057C0000D994BF6021001F055FF1F994FF435402B
:1057D00001F050FF1F994BF2015001F04BFF1F9950
:1057E0004BF2025001F046FF4FF4424003212B914F
:1057F00001F040FF02994FF43A4001F03BFF02995B
:105800004BF6012001F036FF02994BF6022001F021
:1058100031FF31994FF43C402C9001F02BFF4BF6B7
:1058200001402D907821339101F024FF31994BF6FE
:1058300002402E9001F01EFF31994FF43D4001F0DF
:1058400019FF33994BF6015001F014FF31994BF6D3
:10585000025001F00FFF31994FF43E4001F00AFF72
:105860004BF60160642101F005FF31994FF451407E
:1058700001F000FF4DF201103321179101F0FAFE03
:1058800031994DF2021001F0F5FE0D994DF2031021
:1058900001F0F0FE31994DF2041001F0EBFE4DF2F3
:1058A00005103A21039101F0E5FE31994DF2061001
:1058B00001F0E0FE4DF207104A21049101F0DAFEFA
:1058C00031994DF2081001F0D5FE4DF209105C211E
:1058D000059101F0CFFE31994DF20A1001F0CAFE98
:1058E0004DF20B108121069101F0C4FE31994DF269
:1058F0000C1001F0BFFE4DF20D10A621079101F032
:10590000B9FE31994DF20E1001F0B4FE4DF20F10B8
:10591000E521089101F0AEFE28994DF2101001F03A
:10592000A9FE4DF211101321099101F0A3FE28994F
:105930004DF2121001F09EFE4DF2131054210A9107
:1059400001F098FE28994DF2141001F093FE4DF2EB
:10595000151082210B9101F08DFE28994DF2161041
:1059600001F088FE4DF21710CA210C9101F082FE61
:105970004DF2181002212F9101F07CFE31994DF269
:10598000191001F077FE2F994DF21A1001F072FEF6
:1059900028994DF21B1001F06DFE2F994DF21C104D
:1059A00001F068FE0D994DF21D1001F063FE2F9974
:1059B0004DF21E1001F05EFE4DF21F1067210E9198
:1059C00001F058FE2F994DF2201001F053FE4DF2D8
:1059D000211084210F9101F04DFE2F994DF22210DC
:1059E00001F048FE4DF22310A421109101F042FE77
:1059F0002F994DF2241001F03DFE4DF22510B721F4
:105A0000119101F037FE2F994DF2261001F032FE70
:105A10004DF22710CF21129101F02CFE2F994DF25B
:105A2000281001F027FE4DF22910DE21139101F01C
:105A300021FE2F994DF22A1001F01CFE4DF22B1081
:105A4000F221149101F016FE2F994DF22C1001F065
:105A500011FE4DF22D10FE21159101F00BFE2B9938
:105A60004DF22E1001F006FE4DF22F10102116916E
:105A700001F000FE2B994DF2301001F0FBFD17995B
:105A80004DF2311001F0F6FD2B994DF2321001F07C
:105A9000F1FD4DF233106D21189101F0EBFD3199BC
:105AA0004FF4524001F0E6FD17994DF2012001F04C
:105AB000E1FD31994DF2022001F0DCFD0D994DF22E
:105AC000032001F0D7FD31994DF2042001F0D2FD01
:105AD00003994DF2052001F0CDFD31994DF20620DC
:105AE00001F0C8FD04994DF2072001F0C3FD319982
:105AF0004DF2082001F0BEFD05994DF2092001F09C
:105B0000B9FD31994DF20A2001F0B4FD06994DF22C
:105B10000B2001F0AFFD31994DF20C2001F0AAFDF0
:105B200007994DF20D2001F0A5FD31994DF20E209F
:105B300001F0A0FD08994DF20F2001F09BFD28997E
:105B40004DF2102001F096FD09994DF2112001F05F
:105B500091FD28994DF2122001F08CFD0A994DF229
:105B6000132001F087FD28994DF2142001F082FDE9
:105B70000B994DF2152001F07DFD28994DF216206C
:105B800001F078FD0C994DF2172001F073FD2F996B
:105B90004DF2182001F06EFD31994DF2192001F0FF
:105BA00069FD2F994DF21A2001F064FD28994DF2FC
:105BB0001B2001F05FFD2F994DF21C2001F05AFDD2
:105BC0000D994DF21D2001F055FD2F994DF21E202B
:105BD00001F050FD0E994DF21F2001F04BFD2F9961
:105BE0004DF2202001F046FD0F994DF2212001F0E9
:105BF00041FD2F994DF2222001F03CFD10994DF20C
:105C0000232001F037FD2F994DF2242001F032FDC1
:105C100011994DF2252001F02DFD2F994DF22620EE
:105C200001F028FD12994DF2272001F023FD2F9954
:105C30004DF2282001F01EFD13994DF2292001F0AC
:105C400019FD2F994DF22A2001F014FD14994DF2FF
:105C50002B2001F00FFD2F994DF22C2001F00AFDB1
:105C600015994DF22D2001F005FD2B994DF22E20B6
:105C700001F000FD16994DF22F2001F0FBFC2B994D
:105C80004DF2302001F0F6FC17994DF2312001F071
:105C9000F1FC2B994DF2322001F0ECFC18994DF2F9
:105CA000332001F0E7FC31994FF4534001F0E2FC5E
:105CB00017994DF2013001F0DDFC31994DF20230BF
:105CC00001F0D8FC0D994DF2033001F0D3FC31996D
:105CD0004DF2043001F0CEFC03994DF2053001F095
:105CE000C9FC31994DF2063001F0C4FC04994DF223
:105CF000073001F0BFFC31994DF2083001F0BAFCD9
:105D000005994DF2093001F0B5FC31994DF20A3098
:105D100001F0B0FC06994DF20B3001F0ABFC31996B
:105D20004DF20C3001F0A6FC07994DF20D3001F058
:105D3000A1FC31994DF20E3001F09CFC08994DF216
:105D40000F3001F097FC28994DF2103001F092FCD1
:105D500009994DF2113001F08DFC28994DF2123065
:105D600001F088FC0A994DF2133001F083FC289968
:105D70004DF2143001F07EFC0B994DF2153001F01C
:105D800079FC28994DF2163001F074FC0C994DF213
:105D9000173001F06FFC2F994DF2183001F06AFCBA
:105DA00031994DF2193001F065FC2F994DF21A30FE
:105DB00001F060FC28994DF21B3001F05BFC2F993B
:105DC0004DF21C3001F056FC0D994DF21D3001F0E2
:105DD00051FC2F994DF21E3001F04CFC0E994DF202
:105DE0001F3001F047FC2F994DF2203001F042FCAA
:105DF0000F994DF2213001F03DFC2F994DF22230E8
:105E000001F038FC10994DF2233001F033FC2F994A
:105E10004DF2243001F02EFC11994DF2253001F0A5
:105E200029FC2F994DF2263001F024FC12994DF2F5
:105E3000273001F01FFC2F994DF2283001F01AFC99
:105E400013994DF2293001F015FC2F994DF22A30AB
:105E500001F010FC14994DF22B3001F00BFC2F993E
:105E60004DF22C3001F006FC15994DF22D3001F069
:105E700001FC2B994DF22E3001F0FCFB16994DF2EE
:105E80002F3001F0F7FB2B994DF2303001F0F2FB8F
:105E900017994DF2313001F0EDFB2B994DF2323074
:105EA00001F0E8FB18994DF2333001F0E3FB319932
:105EB0004FF4544001F0DEFB17994DF2014001F020
:105EC000D9FB31994DF2024001F0D4FB0D994DF20E
:105ED000034001F0CFFB31994DF2044001F0CAFBC1
:105EE00003994DF2054001F0C5FB31994DF2064092
:105EF00001F0C0FB04994DF2074001F0BBFB319962
:105F00004DF2084001F0B6FB05994DF2094001F051
:105F1000B1FB31994DF20A4001F0ACFB06994DF20C
:105F20000B4001F0A7FB31994DF20C4001F0A2FBB0
:105F300007994DF20D4001F09DFB31994DF20E4055
:105F400001F098FB08994DF20F4001F093FB28995E
:105F50004DF2104001F08EFB09994DF2114001F015
:105F600089FB28994DF2124001F084FB0A994DF209
:105F7000134001F07FFB28994DF2144001F07AFBA9
:105F80000B994DF2154001F075FB28994DF2164022
:105F900001F070FB0C994DF2174001F06BFB2F994B
:105FA0004DF2184001F066FB31994DF2194001F0B5
:105FB00061FB2F994DF21A4001F05CFB28994DF2DC
:105FC0001B4001F057FB2F994DF21C4001F052FB92
:105FD0000D994DF21D4001F04DFB2F994DF21E40E1
:105FE00001F048FB0E994DF21F4001F043FB2F9941
:105FF0004DF2204001F03EFB0F994DF2214001F09F
:1060000039FB2F994DF2224001F034FB10994DF2EB
:10601000234001F02FFB2F994DF2244001F02AFB81
:1060200011994DF2254001F025FB2F994DF22640A4
:1060300001F020FB12994DF2274001F01BFB2F9934
:106040004DF2284001F016FB13994DF2294001F062
:1060500011FB2F994DF22A4001F00CFB14994DF2DF
:106060002B4001F007FB2F994DF22C4001F002FB71
:1060700015994DF22D4001F0FDFA2B994DF22E406D
:1060800001F0F8FA16994DF22F4001F0F3FA2B992E
:106090004DF2304001F0EEFA17994DF2314001F027
:1060A000E9FA2B994DF2324001F0E4FA18994DF2D9
:1060B000334001F0DFFA31994FF4554001F0DAFA3C
:1060C00017994DF2015001F0D5FA31994DF2025075
:1060D00001F0D0FA0D994DF2035001F0CBFA31994D
:1060E0004DF2045001F0C6FA03994DF2055001F04B
:1060F000C1FA31994DF2065001F0BCFA04994DF203
:10610000075001F0B7FA31994DF2085001F0B2FA98
:1061100005994DF2095001F0ADFA31994DF20A504E
:1061200001F0A8FA06994DF20B5001F0A3FA31994B
:106130004DF20C5001F09EFA07994DF20D5001F00E
:1061400099FA31994DF20E5001F094FA08994DF2F6
:106150000F5001F08FFA28994DF2105001F08AFA91
:1061600009994DF2115001F085FA28994DF212501B
:1061700001F080FA0A994DF2135001F07BFA289948
:106180004DF2145001F076FA0B994DF2155001F0D2
:1061900071FA28994DF2165001F06CFA0C994DF2F3
:1061A000175001F067FA2F994DF2185001F062FA7A
:1061B00031994DF2195001F05DFA2F994DF21A50B4
:1061C00001F058FA28994DF21B5001F053FA2F991B
:1061D0004DF21C5001F04EFA0D994DF21D5001F098
:1061E00049FA2F994DF21E5001F044FA0E994DF2E2
:1061F0001F5001F03FFA2F994DF2205001F03AFA6A
:106200000F994DF2215001F035FA2F994DF222509D
:1062100001F030FA10994DF2235001F02BFA2F992A
:106220004DF2245001F026FA11994DF2255001F05B
:1062300021FA2F994DF2265001F01CFA12994DF2D5
:10624000275001F017FA2F994DF2285001F012FA59
:1062500013994DF2295001F00DFA2F994DF22A5061
:1062600001F008FA14994DF22B5001F003FA2F991E
:106270004DF22C5001F0FEF915994DF22D5001F020
:10628000F9F92B994DF22E5001F0F4F916994DF2CF
:106290002F5001F0EFF92B994DF2305001F0EAF94F
:1062A00017994DF2315001F0E5F92B994DF232502A
:1062B00001F0E0F918994DF2335001F0DBF9319912
:1062C0004FF4564001F0D6F917994DF2016001F0F4
:1062D000D1F931994DF2026001F0CCF90D994DF2EE
:1062E000036001F0C7F931994DF2046001F0C2F981
:1062F00003994DF2056001F0BDF931994DF2066048
:1063000001F0B8F904994DF2076001F0B3F9319941
:106310004DF2086001F0AEF905994DF2096001F007
:10632000A9F931994DF20A6001F0A4F906994DF2EC
:106330000B6001F09FF931994DF20C6001F09AF970
:1063400007994DF20D6001F095F931994DF20E600B
:1063500001F090F908994DF20F6001F08BF928993E
:106360004DF2106001F086F909994DF2116001F0CB
:1063700081F928994DF2126001F07CF90A994DF2E9
:10638000136001F077F928994DF2146001F072F969
:106390000B994DF2156001F06DF928994DF21660D8
:1063A00001F068F90C994DF2176001F063F92F992B
:1063B0004DF2186001F05EF931994DF2196001F06B
:1063C00059F92F994DF21A6001F054F928994DF2BC
:1063D0001B6001F04FF92F994DF21C6001F04AF952
:1063E0000D994DF21D6001F045F92F994DF21E6097
:1063F00001F040F90E994DF21F6001F03BF92F9921
:106400004DF2206001F036F90F994DF2216001F054
:1064100031F92F994DF2226001F02CF910994DF2CB
:10642000236001F027F92F994DF2246001F022F941
:1064300011994DF2256001F01DF92F994DF226605A
:1064400001F018F912994DF2276001F013F92F9914
:106450004DF2286001F00EF913994DF2296001F018
:1064600009F92F994DF22A6001F004F914994DF2BF
:106470002B6001F0FFF82F994DF22C6001F0FAF833
:1064800015994DF22D6001F0F5F82B994DF22E6023
:1064900001F0F0F816994DF22F6001F0EBF82B990E
:1064A0004DF2306001F0E6F817994DF2316001F0DD
:1064B000E1F82B994DF2326001F0DCF818994DF2B9
:1064C000336001F0D7F81998329901F0D3F81A988F
:1064D0001B9901F0CFF81C981D9901F0CBF81E987C
:1064E0001F9901F0C7F82098319901F0C3F821985D
:1064F000CC2101F0BFF82298319901F0BBF8239824
:10650000052101F0B7F824987021269101F0B2F826
:106510002598269901F0AEF82798289901F0AAF855
:1065200029982B9901F0A6F82A982B9901F0A2F846
:106530002B994BF6030001F09DF82C982F9901F050
:1065400099F82D98319901F095F82E98319901F02C
:1065500091F84FF44940D02101F08CF82F994CF676
:10656000011001F087F84CF602105021309101F033
:1065700081F830994CF6031001F07CF830994CF614
:10658000041001F077F831994FF4545001F072F88B
:1065900032994FF4685001F06DF84FF4885001F0D3
:1065A0004FF83398FDF774FB4FF4245001F048F88E
:1065B00034B080BD80B588B0E22001F041F81D20E4
:1065C00001F02EF80220049001F02AF80420039034
:1065D00001F026F86420FDF75BFBE020009001F05D
:1065E0002FF80120079001F01BF80A200190FDF719
:1065F00037FB009801F024F80320069001F010F812
:106600000C20FDF72DFB079801F01AF80198FDF713
:1066100027FBE62001F014F82F2001F001F8FF20FD
:10662000029000F0FDFF029800F0FAFFB02001F0A8
:1066300007F8202000F0F4FF0020059000F0F0FFA4
:10664000069800F0EDFF40F21F3000F0E9FF0798D8
:1066500000F0E6FF40F2DF1000F0E2FF059800F0E6
:10666000DFFFB42000F0ECFF039800F0D9FF40F208
:106670001F4000F0D5FF059800F0D2FF2E2000F05B
:10668000CFFF059800F0CCFF059800F0C9FF0598F2
:1066900000F0C6FF059800F0C3FFB62000F0D0FF61
:1066A000049800F0BDFF4FF4037000F0B9FF0598A7
:1066B00000F0B6FF172000F0B3FF152000F0B0FF88
:1066C000059800F0ADFF059800F0AAFFF02000F05B
:1066D000B7FF069800F0A4FF292000F0B1FFD020FA
:1066E00000F0AEFF059800F09BFFBE2000F0A8FF71
:1066F000052000F095FFFE2000F092FF079800F0C3
:106700008FFF059800F08CFF059800F089FF059831
:1067100000F086FFB82000F093FF069800F080FF9D
:10672000079800F07DFFBA2000F08AFF079800F07C
:1067300077FF08B080BD000080B58CB0112000F05C
:106740007FFF7820FDF78CFA362000F079FF0020DB
:106750000A9000F065FF3A2000F072FF052000F07B
:106760005FFFB22000F06CFF0C20019000F058FF9A
:10677000019800F055FF0A9800F052FF3320009076
:1067800000F04EFF009800F04BFFB72000F058FFDC
:10679000352000F045FFBB2000F052FF3220029070
:1067A00000F03EFFC02000F04BFF019800F038FFE2
:1067B000C22000F045FF01200B9000F031FFC32004
:1067C00000F03EFF102000F02BFFC42000F038FF47
:1067D000202000F025FFC62000F032FF0F2000F03F
:1067E0001FFFD020039000F02BFFA42000F018FF23
:1067F000A12000F015FFE02000F022FF039800F038
:106800000FFF0A9800F00CFF0220049000F008FF30
:106810000720059000F004FF0A20069000F000FF1A
:106820002820079000F0FCFE029800F0F9FE4420BA
:1068300000F0F6FE422000F0F3FE062000F0F0FE2D
:106840000E20089000F0ECFE122000F0E9FE14206B
:1068500000F0E6FE1720099000F0E2FEE12000F0D3
:10686000EFFE039800F0DCFE0A9800F0D9FE0498D1
:1068700000F0D6FE059800F0D3FE069800F0D0FE9A
:10688000079800F0CDFE312000F0CAFE542000F041
:10689000C7FE472000F0C4FE089800F0C1FE1C208F
:1068A00000F0BEFE099800F0BBFE1B2000F0B8FE11
:1068B0001E2000F0B5FE2A2000F0C2FE0A9800F06B
:1068C000AFFE0A9800F0ACFE0A9800F0A9FEEF2097
:1068D00000F0A6FE2B2000F0B3FE0A9800F0A0FE08
:1068E0000A9800F09DFE0B9800F09AFE3F2000F001
:1068F00097FE292000F0A4FE0CB080BD80B58CB0BE
:10690000112000F09DFE78200A90FDF7A9F93620AD
:10691000059000F095FE482000F082FE3A2000F03D
:106920008FFE552000F07CFEF020099000F088FEDC
:10693000C32000F075FE099800F082FE962000F05A
:106940006FFEB42000F07CFE012000F069FEB6204E
:1069500000F076FE0A2000F063FEA22000F060FE48
:10696000B72000F06DFEC62000F05AFEB92000F0FE
:1069700067FE022000F054FEE020049000F050FE7C
:10698000C02000F05DFE802000F04AFE162001903D
:1069900000F046FEC12000F053FE1920039000F0E5
:1069A0003FFEC22000F04CFEA72000F039FEC520BB
:1069B00000F046FE019800F033FEE82000F040FEB3
:1069C000402000F02DFE8A2000F02AFE00200290D8
:1069D00000F026FE029800F023FE29200B9000F024
:1069E0001FFE039800F01CFEA52000F019FE3320C6
:1069F00000F016FE049800F023FE099800F010FE47
:106A0000072000F00DFE0D2000F00AFE042000F02B
:106A100007FE052000F004FE1420069000F000FEA2
:106A2000059800F0FDFD542000F0FAFD4C20079081
:106A300000F0F6FD382000F0F3FD132000F0F0FD2B
:106A4000069800F0EDFD2E2000F0EAFD342000F065
:106A5000E7FDE12000F0F4FD099800F0E1FD1020D1
:106A6000089000F0DDFD069800F0DAFD0E2000F041
:106A7000D7FD0C2000F0D4FD082000F0D1FD35201A
:106A800000F0CEFD442000F0CBFD079800F0C8FDDB
:106A9000262000F0C5FD089800F0C2FD122000F08D
:106AA000BFFD2C2000F0BCFD322000F0B9FD09989C
:106AB00000F0C6FD3C2000F0B3FD099800F0C0FDD9
:106AC000692000F0ADFD0A98FDF7CAF8212000F01A
:106AD000B7FD0B9800F0B4FD0CB080BD80B5A8B038
:106AE000FFE7FFE70020149043F63000C4F20200F5
:106AF000016841F040010160006800F0400014901E
:106B00001498FFE7FFE7FFE7FFE70020139043F645
:106B10003000C4F20200016841F008010160006821
:106B200000F0080013901398FFE7FFE7FFE7FFE787
:106B30000020129043F63000C4F20200016841F0D8
:106B400008010160006800F0080012901298FFE749
:106B5000FFE7FFE7FFE70020119043F63000C4F2A3
:106B60000200016841F040010160006800F040004F
:106B700011901198FFE7FFE7FFE7FFE70020109073
:106B800043F63000C4F20200016841F002010160E6
:106B9000006800F0020010901098FFE7FFE74FF444
:106BA00080500C902390022024900121099125917E
:106BB00026900C20279041F60000C4F2020023A981
:106BC0000A91FAF7D5FF0A992020239040F6004059
:106BD000C4F202000890FAF7CBFF08980A99102235
:106BE0000B922392FAF7C4FF0A990C98239041F272
:106BF0000040C4F20200FAF7BBFF09980A994FF46B
:106C000000422392249040F20040C4F20200FAF7BE
:106C1000AFFF0B9B0C9A40F2C840C1F200000D90F0
:106C20004FF02041016040F20411CAF200014160BE
:106C30000621816000210E91C16043618161C161C3
:106C400041628262C1624FF48042026341638163A8
:106C50000F221C921D913C221E9222910922159214
:106C6000169117921B911CA915AAFBF76BFF3220F6
:106C7000FCF7F6FFD32000F0E3FC00F01BFA40F233
:106C80007661C1F200010F91888000F013FA0F992C
:106C9000888000F00FFA0F99888088880002888029
:106CA00000F008FA02460F9881881143818080889D
:106CB00049F24131884200F00C81FFE7042000F0E6
:106CC000BFFC00F0F7F940F27661C1F200010791D4
:106CD000888000F0EFF90799888000F0EBF90799B8
:106CE000888088880002888000F0E4F902460798CE
:106CF000818811438180808848F25251884208D1AE
:106D0000FFE740F27661C1F2000147F289708880A6
:106D1000FFE740F27660C1F20000808847F2897197
:106D2000884200F0D580FFE7D42000F089FC00F015
:106D3000C1F940F27661C1F200010691888000F04D
:106D4000B9F90699888000F0B5F906998880888895
:106D50000002888000F0AEF902460698818811434F
:106D60008180808845F21031884200F0B080FFE7D2
:106D7000D32000F065FC00F09DF940F27661C1F28D
:106D800000010591888000F095F90599888000F050
:106D900091F90599888088880002888000F08AF936
:106DA00002460598818811438180808847F2967158
:106DB000884200F08B80FFE74FF47040552100F0CF
:106DC00059FC4FF20100AA2100F054FC4FF20200DE
:106DD000522100F04FFC4FF20300082100F04AFC62
:106DE0004FF20400012100F045FC4FF4454000F053
:106DF00027FC00F05FF940F27661C1F200010491D6
:106E000088808888000288804CF2015000F018FCCD
:106E100000F050F9049902468888104388800520C4
:106E2000FCF71EFF0498808845F2105188424CD030
:106E3000FFE7D32000F004FC00F03CF940F276615B
:106E4000C1F200010391888000F034F90399888031
:106E500000F030F90399888088880002888000F06B
:106E600029F902460398818811438180808849F678
:106E70000601884228D0FFE7A12000F0E1FB00F0E6
:106E800019F940F27661C1F200010291888000F0A8
:106E900011F90299888088880002888000F00AF938
:106EA00002460298818811438180808845F2617191
:106EB000884208D1FFE740F27661C1F2000141F655
:106EC00063108880FFE7FFE7FFE7FFE7FFE7FFE7E3
:106ED000FFE740F27660C1F200000190818842F243
:106EE0007820C0F60100F9F7A5FA0198808847F2EA
:106EF0008971884203D1FFE7FFF71EFC56E040F29C
:106F00007660C1F20000808849F24131884203D1A5
:106F1000FFE7FDF705F948E040F27660C1F20000B6
:106F2000808845F21031884203D1FFE7FDF7D4FB9A
:106F30003AE040F27660C1F20000808847F2967134
:106F4000884203D1FFE7FFF7D9FC2CE040F27660DE
:106F5000C1F20000808845F21051884203D1FFE75A
:106F6000FEF784FB1EE040F27660C1F200008088EC
:106F700049F60601884203D1FFE7FDF7F5F910E075
:106F800040F27660C1F20000808841F663118842C9
:106F900006D1FFE7FFF70EFB642000F00DFBFFE7D3
:106FA000FFE7FFE7FFE7FFE7FFE7FFE740F2766075
:106FB000C1F20000808847F28971884214D0FFE74F
:106FC00040F27660C1F20000808849F24131884287
:106FD0000AD0FFE740F27660C1F20000808841F6F7
:106FE000631188420ED1FFE703201590179040F2FD
:106FF000C841C1F2000148688A680B6B15A9FAF70D
:107000003DFC36E040F27660C1F20000808845F237
:10701000103188421ED0FFE740F27660C1F20000D6
:10702000808847F29671884214D0FFE740F276607C
:10703000C1F20000808845F2105188420AD0FFE773
:1070400040F27660C1F20000808849F6060188426D
:107050000ED1FFE702201590179040F2C841C1F20F
:10706000000148688A680B6B15A9FAF707FCFFE76F
:10707000FFE70120FCF74AFFFFE740F20040C4F2BF
:1070800002004FF400410122FAF77AFFFFE74FF6C2
:10709000FF70FCF70FFF28B080BD000081B00090AA
:1070A000FFE70098411E009108B1FFE7F9E701B042
:1070B0007047000080B582B00220FFF7EFFF80200C
:1070C000C6F600400088ADF80600BDF8060002B024
:1070D00080BD000080B588B08DF81F000020ADF89D
:1070E0001C00ADF81A0040F27660C1F20000807911
:1070F00001280AD1FFE740F27660C1F200008088E3
:1071000041F66311884212D1FFE740F27660C1F286
:1071100000008079002838D1FFE740F27660C1F2A4
:107120000000808841F6631188422ED1FFE79DF868
:107130001F0001460591072826D80599DFE801F0D0
:1071400004080C1014181C2006208DF81F001BE0EA
:1071500007208DF81F0017E004208DF81F0013E0B2
:1071600005208DF81F000FE001208DF81F000BE0B7
:1071700000208DF81F0007E003208DF81F0003E0BA
:1071800002208DF81F00FFE7FFE79DF81F00014672
:107190000491072838D80499DFE801F004050C139E
:1071A0001A21282F30E0BDF81C0040F08000ADF817
:1071B0001C0029E0BDF81C0040F04000ADF81C00A8
:1071C00022E0BDF81C0040F0C000ADF81C001BE040
:1071D000BDF81C0040F02000ADF81C0014E0BDF824
:1071E0001C0040F06000ADF81C000DE0BDF81C0074
:1071F00040F0A000ADF81C0006E0BDF81C0040F017
:10720000E000ADF81C00FFE73620ADF81A0040F2B0
:107210007660C1F20000808845F21051884205D1A5
:10722000FFE74FF45850ADF81A00FFE740F27660E0
:10723000C1F20000808849F24131884214D0FFE752
:1072400040F27660C1F20000808847F2897188427E
:107250000AD0FFE740F27660C1F20000808847F272
:107260009671884207D1FFE7BDF81C0040F0080086
:10727000ADF81C00FFE7BDF81A00BDF81C1000F0C7
:10728000F9F940F27660C1F20000808841F663119E
:10729000884235D0FFE7BDF81C008006002817D5CE
:1072A000FFE740F27661C1F2000108884988884210
:1072B0000DDAFFE740F27661C1F200010888ADF80F
:1072C000180048880880BDF818004880FFE716E0DD
:1072D00040F27661C1F200010888498888420DDDDC
:1072E000FFE740F27661C1F200010888ADF81800AE
:1072F00048880880BDF818004880FFE7FFE7FFE7EF
:1073000040F27660C1F20000808845F21051884258
:1073100058D1FFE740F27660C1F200000390408947
:1073200000F08EF90020029000F07AF9039840896D
:10733000013080B200F084F9029800F071F90398EE
:107340004089023080B200F07BF903980088013850
:10735000C0F30F2000F064F903984089033080B235
:1073600000F06EF9039800880138C0B200F058F9B7
:107370000398808900F064F9029800F051F90398AD
:107380008089013080B200F05BF9029800F048F982
:1073900003988089023080B200F052F90398408847
:1073A0000138C0F30F2000F03BF9039880890330C7
:1073B00080B200F045F9039840880138C0B200F06F
:1073C0002FF933E040F27660C1F20000019040896D
:1073D00000F036F90020009000F022F9009800F04B
:1073E0001FF9019800880138C0F30F2000F018F948
:1073F000019800880138C0B200F012F90198808924
:1074000000F01EF9009800F00BF9009800F008F960
:10741000019840880138C0F30F2000F001F901986D
:1074200040880138C0B200F0FBF8FFE708B080BD2B
:1074300080B586B0ADF81600ADF8141040F2766055
:10744000C1F20000808841F66311884261D1FFE7F4
:1074500040F27660C1F200008079F0B9FFE740F2B7
:107460007660C1F200000288BDF81610C9431144CD
:10747000ADF81610408900F0E3F80020049000F009
:10748000CFF8049800F0CCF89DF8170000F0C8F889
:107490009DF8160000F0C4F81DE040F27660C1F2DD
:1074A00000000390408900F0CBF89DF8170000F031
:1074B000B7F89DF8160000F0B3F80398008801387B
:1074C000C0F30F2000F0ACF8039800880138C0B278
:1074D00000F0A6F8FFE740F27660C1F200000290EB
:1074E000808900F0ADF89DF8150000F099F89DF83E
:1074F000140000F095F8029840880138C0F30F207E
:1075000000F08EF8029840880138C0B200F088F888
:1075100050E040F27660C1F20000808845F21051E0
:10752000884229D1FFE740F27660C1F20000019065
:10753000408900F085F89DF8170000F071F8019877
:107540004089013080B200F07BF89DF8160000F011
:1075500067F80198808900F073F89DF8150000F035
:107560005FF801988089013080B200F069F89DF8D9
:10757000140000F055F81CE040F27660C1F2000003
:107580000090408900F05CF89DF8170000F048F882
:107590009DF8160000F044F80098808900F050F83B
:1075A0009DF8150000F03CF89DF8140000F038F844
:1075B000FFE7FFE706B080BD80B582B08DF8070019
:1075C000BE2000F03DF8052000F02AF89DF80700E5
:1075D0000AF01FF841EC100B9FED0F1B53EC112B21
:1075E00051EC100B0AF02CF841EC100B51EC100B85
:1075F00009F0E0FF00F014F8012000F011F8FF207E
:1076000000F00EF80020009000F00AF8009800F05A
:1076100007F802B080BD00BF666666666666044015
:1076200081B0ADF80200BDF80200ADF80200BDF86F
:1076300002008021C6F60041088001B070470000BA
:1076400081B0ADF80200BDF80200ADF80200BDF84F
:1076500002007E21C6F60041088001B0704700009C
:1076600040F27660C1F2000000897E21C6F600413A
:107670000880704781B0ADF80200ADF80010BDF889
:1076800002007E21C6F600410880BDF8000080217E
:10769000C6F60041088001B07047000080B582B096
:1076A0000190FFE7012002F07BFCFBE780B58AB088
:1076B000FFE7FFE70020049043F63000C4F2020029
:1076C000016841F020010160006800F02000049092
:1076D0000498FFE7FFE7FFE7FFE70020039043F68A
:1076E0003000C4F20200016841F02001016000682E
:1076F00000F0200003900398FFE7FFE74FF40070CD
:1077000005900120069007900220089041F2004069
:10771000C4F20200019005A90291FAF729FA019832
:1077200002994FF480620592FAF722FAFFE741F2DC
:107730000040C4F202004FF400710122FAF720FC6D
:10774000FFE7FFE741F20040C4F202004FF480611E
:107750000122FAF715FCFFE70AB080BD80B5FFE70C
:10776000FFE741F20040C4F202004FF40071FAF763
:10777000F3FBFFE7FFE741F20040C4F202004FF4E1
:107780008061FAF7E9FBFFE74FF4FA7002F008FCBA
:10779000E6E7000080B582B00190FFE7FFF7DEFF6B
:1077A000012005F07FF8F9E780B582B0FAF71CFCFC
:1077B0004FF4A87008210222072301F0A5FDA8209C
:1077C000FCF724FA4FF4E13002F08CF9FFF76EFF7A
:1077D000FFF784F9FCF7DCFA40F2EC10C1F200008C
:1077E0000068804701F008FC0020019000F0C4F818
:1077F000012000F0C1F8FCF7A9FA019802B080BDA1
:1078000080B584B00290029818B9FFE70020039079
:1078100035E002981B3020F00300029040F2B040A7
:10782000C1F2000000680190FFE7019820B3FFE774
:107830000198007AE0B9FFE7019840680299884210
:1078400016D3FFE70198029901F09CFB01990120F2
:107850000872019945F6A520C5F6A5200860019893
:1078600002F0A6FE0198143000900098039006E004
:10787000019800690190D8E700200390FFE7039882
:1078800004B080BD80B586B0059004918DF80F20BE
:1078900040F2B840C1F200000078C00708B1FFE72D
:1078A00067E0059820B1FFE70498172801D8FFE7A3
:1078B0005FE00598033020F00300029002980599DC
:1078C000401A0190029840F2C041C1F200010860E4
:1078D00001980499884207D9FFE740F2B841C1F204
:1078E00000010120087044E004980199401A033017
:1078F00020F0030040F2BC41C1F2000108609DF895
:107900000F00C00768B1FFE740F2C040C1F20000BD
:10791000006840F2BC41C1F200010968F8F7B1FE0D
:10792000FFE740F2C040C1F20000016840F2B04001
:10793000C1F200000160026845F6A521C5F6A52147
:10794000116040F2BC41C1F2000109680268516057
:107950000268002111720268D1600268116100683A
:1079600002F026FE40F2B841C1F200010120087089
:10797000FFE706B080BD000080B584B08DF80F0031
:107980009DF80F2040F2D010C1F20000029000EBF1
:107990008200006942F24C21C0F6010151F8221028
:1079A0004A000021019100F053F8019902989DF8D6
:1079B0000F3000EB8300806842F24422C0F60102DF
:1079C00052F8232000F044F802989DF80F1001446B
:1079D0000120087604B080BD83B08DF80B00002034
:1079E00001900090FFE700989DF80B2042F24C2197
:1079F000C0F6010151F82210884217D2FFE79DF826
:107A00000B1040F2D010C1F2000000EB81000069C1
:107A1000009930F8110020B1FFE701980130019082
:107A2000FFE7FFE7009801300090DCE701984FF492
:107A30007A7148439DF80B2042F24C21C0F60101B7
:107A400051F82210B0FBF1F080B203B07047000093
:107A500084B003908DF80B10019203980090FFE71B
:107A60000198411E019138B1FFE79DF80B00009984
:107A70004A1C00920870F3E704B0704780B588B0E4
:107A80000790069141F28400C1F200000068049062
:107A900040F69440C1F200000068039040F69C401C
:107AA000C1F200000068029040F68C40C1F2000074
:107AB0000268002182F859100068043002F034F89E
:107AC00088B9FFE740F68C40C1F200000068C16A47
:107AD000012000FA01F240F68871C1F20001086845
:107AE0009043086000E0FFE70798013028BBFFE7FC
:107AF000069810B3FFE7FFE741F25C01C1F2000115
:107B000048680190019A40F68C40C1F20000036879
:107B10009A60019A92680368DA6002680432019BF5
:107B20009B685A6002680432019B9A600068416158
:107B3000086801300860FFE735E0049807990844B9
:107B40000590059840F68C41C1F200010968486033
:107B50000598049988420AD2FFE7029840F68C41C2
:107B6000C1F200010968043102F028F81AE0039814
:107B700040F68C41C1F200010968043102F01EF8A0
:107B8000059840F6E871C1F200010968884207D201
:107B9000FFE7059840F6E871C1F20001086000E0D7
:107BA000FFE7FFE7FFE708B080BD000080B582B0C7
:107BB000019002F061F840F67871C1F200010868A6
:107BC0000130086040F68C40C1F20000006898B9AE
:107BD000FFE7019840F68C41C1F20001086040F6D1
:107BE0007870C1F200000068012803D1FFE700F0BF
:107BF000ADFB00E0FFE71CE041F25000C1F20000E5
:107C00000068A0B9FFE740F68C40C1F200000068B0
:107C1000C06A0199C96A884207D8FFE7019840F60F
:107C20008C41C1F20001086000E0FFE700E0FFE7DF
:107C3000FFE740F68470C1F2000001680131016085
:107C4000006801994864FFE70198C16A012000FAC1
:107C500001F240F68871C1F2000108681043086023
:107C6000FFE70198C06A00EB800040F6A441C1F232
:107C7000000101EB8000406800900098019A90603C
:107C800000988068019AD06001980430009A926848
:107C9000506001980430009A9060019AD06A00EB1D
:107CA000800001EB800050610198C06A00EB800207
:107CB00051F82200013041F82200FFE7FFE702F00F
:107CC00009F841F25000C1F200000068D8B1FFE7A6
:107CD000FFE740F68C40C1F200000068C06A0199DD
:107CE000C96A88420CD2FFE74EF60451CEF2000179
:107CF0004FF080500860BFF34F8FBFF36F8F00E0ED
:107D0000FFE7FFE700E0FFE702B080BD80B582B08B
:107D100001F0B2FF41F28800C1F200000068B0BB80
:107D2000FFE740F68C70C1F20000009001F026FFE2
:107D300040F6A070C1F20000019001F01FFF009911
:107D4000019840F69042C1F20002116040F6A04155
:107D5000C1F20001086005201021002202F05CFD44
:107D6000014641F28800C1F200000160006860B184
:107D7000FFE741F28800C1F20000006842F2DF2113
:107D8000C0F6010102F07CF800E0FFE700E0FFE749
:107D900001F0A0FF02B080BD80B582B0FFE740F6E1
:107DA0007C70C1F20000006808B3FFE701F064FFD7
:107DB00041F27000C1F20000C068C06801900198F3
:107DC000043001F0B1FE40F67871C1F2000108689C
:107DD0000138086040F67C71C1F200010868013882
:107DE000086001F077FF019800F026F9D7E702B0AC
:107DF00080BD000080B582B0019000910198006CB8
:107E0000B8B1FFE70199C8680A6C1044C8600198CE
:107E10008168C068884204D3FFE701990868C86098
:107E200000E0FFE70098019AD168126CF8F751FB67
:107E3000FFE702B080BD000080B586B005900491D8
:107E40000392002002900598806B01900598006CC9
:107E500078B9FFE70598006848B9FFE7059880689A
:107E600003F010FB029005990020886000E0FFE716
:107E700041E00398B8B9FFE7059A04995068126C7D
:107E8000F8F727FB059948680A6C10444860059983
:107E900048688968884204D3FFE705990868486004
:107EA00000E0FFE726E0059A0499D068126CF8F725
:107EB00010FB0599C8680A6C801AC86005980168AB
:107EC000C068884206D2FFE7059988680A6C801A64
:107ED000C86000E0FFE70398022809D1FFE7019896
:107EE00020B1FFE701980138019000E0FFE700E0D2
:107EF000FFE7FFE7FFE701980130059988630298E3
:107F000006B080BD80B58AB001200990002007909E
:107F100006900590049003900290FFE702980E28C7
:107F200013D8FFE7029A42F2B720C0F60100815C45
:107F300004A881540299405C08B9FFE705E0FFE717
:107F4000FFE7029801300290E8E7029A04A90020B6
:107F500088540890FFE70898002821DCFFE748F2E2
:107F60006510C0F6000003900398089A40F6E0718F
:107F7000C1F2000101EB820269464A6000230B60F6
:107F800004A9802203F0E6F809900998012801D09D
:107F9000FFE705E0FFE7FFE7089801300890DAE720
:107FA00009980AB080BD000070B58AB0DDF83CC009
:107FB000DDF838C009900891ADF81E200693BDF891
:107FC0001E00800000F00CFE04900498A0B1FFE7B2
:107FD0005C2000F005FE0590059840B1FFE705988C
:107FE0005C21F8F74EFB04980599086303E00498B8
:107FF00001F098FEFFE702E000200590FFE70598FA
:10800000B0B1FFE709980899BDF81E20069BDDF87E
:1080100038C00F9C059DEE460026CEF80C60CEF8C9
:108020000850CEF80440CEF800C000F0DFF8FFE7BB
:1080300005980AB070BD000080B582B0019001982B
:10804000006B01F06FFE019801F06CFE02B080BD84
:1080500082B001900198406A38B1FFE70198006B47
:108060000068C0F12000009002E000200090FFE7CF
:10807000009802B07047000082B0019040F6904036
:10808000C1F2000000680068B0FA80F04009019970
:1080900008600198006848B9FFE740F69040C1F2D7
:1080A00000000068C0680068009002E000200090B6
:1080B000FFE7009802B0704784B04FF44040009052
:1080C00046F20000C2F2000002909DF8080040074E
:1080D00088B1FFE7029807300290029820F007006D
:1080E0000290029A46F20001C2F200010098891A39
:1080F00008440090FFE7029941F25400C1F20000E9
:108100000160002141600298009A1044019001989A
:1081100008380190019820F007000190019A40F67C
:108120009840C1F20000026002685160026811606C
:10813000029903910199039A891A51600068039981
:1081400008600398406840F6E471C1F200010860DD
:108150000398406840F6DC71C1F20001086004B089
:108160007047000080B582B00190FFE7FFF714FE72
:1081700040F6A440C1F20000006802280CD3FFE7DB
:108180004EF60451CEF200014FF080500860BFF36C
:108190004F8FBFF36F8F00E0FFE7E7E780B584B054
:1081A000DDF818C00390029101928DF80330029817
:1081B00018B9FFE70698006003E001980699086087
:1081C000FFE703980699C863029806990864069821
:1081D000012102F071FB9DF80300069981F850001F
:1081E00006990020886404B080BD000080B586B088
:1081F000DDF82CC0DDF828C0DDF824C0DDF820C093
:1082000005900491ADF80E2002930A98006BBDF81A
:108210000E108900A522F8F72CFA0A98006BBDF819
:108220000E1000EB810004380190019820F0070047
:1082300001909DF80400400768B1FFE742F28420F6
:10824000C0F6010042F2BC21C0F6010140F24572C5
:10825000F8F7F0F8FFE70498F8B1FFE70020009086
:10826000FFE700980F2813D8FFE70498009A805C76
:108270000A99114481F8340004980099405C08B9C7
:10828000FFE705E0FFE7FFE7009801300090E8E72F
:108290000A99002081F8430000E0FFE708982028B1
:1082A0000DD3FFE742F28420C0F6010042F2BC2168
:1082B000C0F6010140F27B72F8F7BCF8FFE70898BE
:1082C000202803D3FFE71F20089000E0FFE708986D
:1082D0000A99C86208980A99C8640A98043001F09B
:1082E00065FC0A98183001F061FC0A980061089852
:1082F000C0F120000A9988610A98406201980599A6
:10830000029A00F00FFE0A99086001980A9909681C
:10831000411ABDF80E00B0EBA10F0DD8FFE742F2F5
:108320008420C0F6010042F2BC21C0F6010140F2F7
:10833000DE72F8F77FF8FFE7099820B1FFE70A98A7
:108340000999086000E0FFE706B080BD80B584B001
:1083500000200390FFE703981F2810D8FFE7039839
:1083600000EB800140F6A440C1F2000000EB810068
:1083700001F004FCFFE7039801300390EBE740F6BF
:10838000B470C1F20000019001F0F8FB40F6C87033
:10839000C1F20000029001F0F1FB40F6FC70C1F266
:1083A000000001F0EBFB41F27000C1F2000001F0AF
:1083B000E5FB41F25C00C1F2000001F0DFFB019936
:1083C000029840F69442C1F20002116040F69C41CE
:1083D000C1F20001086004B080BD000080B584B027
:1083E000039041F25400C1F200000290FFE70298AE
:1083F00000680399884205D2FFE7FFE7029800680A
:108400000290F4E7029841F25401C1F2000188425F
:108410002AD0FFE70299002046F20002C2F20002D1
:10842000914200900ED3FFE7029946F20000C2F29B
:1084300000004BF6FF7202440020914298BF0120D9
:108440000090FFE70098C00768B9FFE742F2842078
:10845000C0F6010042F21031C0F6010140F20622DE
:10846000F7F7E8FFFFE7FFE702980190019802990C
:10847000496808440399884209D1FFE70398426894
:1084800002994868104448600298039000E0FFE7B2
:108490000398019001980399496808440299096872
:1084A000884220D1FFE70298006840F69841C1F267
:1084B0000001096888420DD0FFE702980068426811
:1084C000039948681044486002980068006803995E
:1084D000086007E040F69840C1F200000068039988
:1084E0000860FFE704E00298006803990860FFE76E
:1084F00002980399884204D0FFE703980299086024
:1085000000E0FFE704B080BD80B586B0059004911F
:108510000392029300200190049805994860059801
:10852000006104980399884216D8FFE703980299DE
:10853000401A05998969884203D3FFE70120019019
:1085400009E040F6A040C1F200000068059904313E
:1085500001F034FBFFE717E003980299884208D244
:10856000FFE704980299884203D3FFE701200190B6
:1085700009E040F69040C1F200000068059904311E
:1085800001F01CFBFFE7FFE7019806B080BD00008B
:1085900080B582B0019001F06FFB0198806B18B933
:1085A000FFE70120009002E000200090FFE701F0CB
:1085B00091FB009802B080BD80B582B0019001F0BF
:1085C0005BFB0198806B0199C96B884203D1FFE77F
:1085D0000120009002E000200090FFE701F07AFB0C
:1085E000009802B080BD000080B586B00590059867
:1085F000806C049000200390049868B9FFE742F271
:108600008420C0F6010042F29421C0F6010140F638
:108610000F52F7F70FFFFFE70498806B0499C96BBF
:1086200088420DD3FFE742F28420C0F6010042F2F7
:108630009421C0F601014FF45162F7F7FBFEFFE70A
:108640000498806B0499C96B884247D2FFE704986D
:1086500090F845008DF80B00049805A90022FFF75B
:10866000EBFB03909DF90B00013088B9FFE70498FC
:10867000406A58B1FFE70498243003F05BF818B162
:10868000FFE70120039000E0FFE700E0FFE724E0C0
:10869000FFE701F06DFA01909DF90B000199884206
:1086A00019D2FFE79DF90B007F280DD1FFE742F2B9
:1086B0008420C0F6010042F29421C0F6010140F688
:1086C0003252F7F7B7FEFFE79DF80B00013004992F
:1086D00081F84500FFE7FFE7FFE700E0FFE70398C9
:1086E00006B080BD08480068006880F308884FF035
:1086F000000080F3148862B661B6BFF34F8FBFF3FA
:108700006F8F00DF00BF000008ED00E080B584B08F
:108710000390029140F69040C1F200000068C068EA
:10872000C06801900198043001F0FEF9019890F8BA
:1087300028004007002806D5FFE701980399029A10
:1087400000F02CF907E0019991F8280000F0FE00F4
:1087500081F82800FFE70198016A884704B080BDCE
:1087600080B58AB000200990089007900690FFE736
:1087700041F28800C1F20000006806A9002202F060
:1087800065FA002800F0BA80FFE70698B0F1FF3FD5
:1087900019DCFFE706A804300290029868B9FFE7E9
:1087A00042F28420C0F6010042F2E421C0F6010149
:1087B00040F2B932F7F73EFEFFE702990A684868CF
:1087C0008968904700E0FFE70698002800F195804F
:1087D000FFE7089805900598002800F08C80FFE7D7
:1087E0000598406928B1FFE70598043001F09CF92D
:1087F00000E0FFE704A800F009F9039006980138AB
:1088000001460191082800F274800199DFE801F027
:108810000505323A5D0505323A00059991F82800C0
:1088200040F0010081F828000598079B81691944F0
:10883000039AFFF769FED8B1FFE7059890F8280082
:108840004007002808D5FFE7059807998269114479
:10885000039A00F0A3F807E0059991F8280000F0CA
:10886000FE0081F82800FFE70598016A884700E0CC
:10887000FFE73FE0059991F8280000F0FE0081F83D
:10888000280037E0059991F8280040F0010081F8B0
:1088900028000798059988610598806968B9FFE7FD
:1088A00042F28420C0F6010042F2E421C0F6010148
:1088B00040F20E42F7F7BEFDFFE70598039B816982
:1088C00019441A46FFF720FE14E0059890F8280096
:1088D0008007002804D4FFE7059801F023FA07E099
:1088E000059991F8280000F0FE0081F82800FFE7C4
:1088F00000E0FFE700E0FFE7FFE739E70AB080BDEF
:1089000080B584B00390029101F0E0FD684600F06C
:108910007DF801900098D8BBFFE7029860B9FFE7A7
:1089200003980199884207D8FFE702F0D7FF039820
:108930000199FFF7EBFE2AE0029858B1FFE740F6F5
:10894000A040C1F2000000680068B0FA80F0400961
:108950000290FFE741F28800C1F20000006803992D
:10896000019A891A029A01F0E9FA02F0B7FF60B998
:10897000FFE74EF60451CEF200014FF08050086040
:10898000BFF34F8FBFF36F8F00E0FFE7FFE702E019
:1089900002F0A4FFFFE704B080BD000080B584B002
:1089A000039002910192FFE70398029B81691944A9
:1089B000019AFFF7A9FD48B1FFE703988169029882
:1089C000084402900398016A8847EDE704B080BD2F
:1089D00040F69440C1F200000068006840B9FFE72B
:1089E00040F6E871C1F200014FF0FF3008600CE082
:1089F00040F69440C1F200000068C068006840F68C
:108A0000E871C1F200010860FFE7704780B582B0ED
:108A1000019002F0F1FB0090009840F68841C1F20D
:108A200000010968884206D2FFE700F011F80199B9
:108A30000120086003E0019900200860FFE700982A
:108A400040F68841C1F200010860009802B080BD84
:108A500080B582B0FFE740F69040C1F200000068A8
:108A6000006870B1FFE740F69040C1F20000006876
:108A7000C0680068019001984FF0FF31FFF746FE93
:108A8000E9E740F69042C1F200021068009040F61B
:108A9000A041C1F20001086810600098086002B0AF
:108AA00080BD000080B582B00020009040F23C20E4
:108AB000C1F200000068013060B1FFE742F284209B
:108AC000C0F6010042F24531C0F60101F422F7F789
:108AD000B1FCFFE74FF0500080F31188BFF36F8FB8
:108AE000BFF34F8F0190FFE7009808B9FFE7FBE75E
:108AF00002B080BD80B584B00390FFE701A8FFF706
:108B0000BBFA029002980199FFF7FAFEFFF728FEE0
:108B1000F4E7000080B582B0019001F0ADF8019853
:108B200090F845008DF80300FFE79DF90300012848
:108B300025DBFFE70198806C50B1FFE70198FFF754
:108B400053FD18B1FFE701F041FB00E0FFE710E043
:108B50000198406A58B1FFE70198243002F0EAFD1D
:108B600018B1FFE701F032FB00E0FFE700E006E0AC
:108B7000FFE79DF8030001388DF80300D5E7019960
:108B8000FF2081F8450001F0A5F801F075F8019883
:108B900090F844008DF80200FFE79DF902000128DB
:108BA00016DBFFE70198006980B1FFE701981030FC
:108BB00002F0C0FD18B1FFE701F008FB00E0FFE79D
:108BC0009DF8020001388DF8020000E000E0E4E7C3
:108BD0000199FF2081F8440001F07CF802B080BDCB
:108BE00080B58CB00B900020079005900B9840B397
:108BF000FFE70B9810F1090F1FD8FFE70B9808301B
:108C00000B909DF82C004007A8B1FFE70B9800F0EF
:108C10000700C0F1080006900B980699C9438842E6
:108C200005D8FFE706990B9808440B9002E0002056
:108C30000B90FFE700E0FFE702E000200B90FFE76A
:108C400000E0FFE701F042FC40F69840C1F200006E
:108C5000006818B9FFE7FFF72FFA00E0FFE79DF87B
:108C60002F000006002800F13381FFE70B98002851
:108C700000F02C81FFE70B9840F6DC71C1F2000197
:108C80000968884200F22281FFE741F25400C1F2F4
:108C90000000099000680A900A99002046F200023C
:108CA000C2F20002914204900ED3FFE70A9946F205
:108CB0000000C2F200004BF6FF7202440020914215
:108CC00098BF01200490FFE70498C00760B9FFE750
:108CD00042F28420C0F6010042F21031C0F60101D8
:108CE000F622F7F7A7FBFFE7FFE70A9841680B9A20
:108CF00000209142039007D2FFE70A9800680028FD
:108D000018BF01200390FFE70398C00770B3FFE787
:108D10000A9809900A9800680A900A99002046F279
:108D20000002C2F20002914202900ED3FFE70A99BC
:108D300046F20000C2F200004BF6FF72024400202F
:108D4000914298BF01200290FFE70298C00760B9E6
:108D5000FFE742F28420C0F6010042F21031C0F673
:108D60000101FC22F7F766FBFFE7BEE70A9840F631
:108D70009841C1F200010968884200F0A580FFE730
:108D800009980068083007900799002046F2000211
:108D9000C2F20002914201900ED3FFE7079946F21A
:108DA0000000C2F200004BF6FF7202440020914224
:108DB00098BF01200190FFE70198C00768B9FFE75D
:108DC00042F28420C0F6010042F21031C0F60101E7
:108DD0004FF48372F7F72EFBFFE70A9800680999B2
:108DE00008600A9840680B9988420DD2FFE742F26A
:108DF0008420C0F6010042F21031C0F601014FF4A8
:108E00008772F7F717FBFFE70A9840680B99401A3B
:108E1000112827D3FFE70A980B99084408909DF87A
:108E20002000400768B1FFE742F28420C0F601004D
:108E300042F21031C0F6010140F21712F7F7FAFAC8
:108E4000FFE70A9840680B99401A089948600B9808
:108E50000A99486009980068089908600898099973
:108E6000086000E0FFE70A98426840F6DC70C1F253
:108E700000000168891A0160006840F6E471C1F2DF
:108E80000001096888420BD2FFE740F6DC70C1F2AE
:108E90000000006840F6E471C1F20001086000E0E3
:108EA000FFE70A98406805900A99486840F000403A
:108EB00048600A990020086040F6F071C1F2000194
:108EC00008680130086000E0FFE700E0FFE700E02D
:108ED000FFE702F003FD9DF81C00400768B1FFE7C3
:108EE00042F28420C0F6010042F21031C0F60101C6
:108EF00040F25D12F7F79EFAFFE707980CB080BDCD
:108F000081B040F68C40C1F20000006800900098EB
:108F100028B1FFE70099086D01300865FFE7009868
:108F200001B0704783B0029001910092029804381A
:108F3000029002994FF08070086002980438029005
:108F4000019820F00100029908600298043802900C
:108F5000029948F6A520C0F600000860029814386F
:108F600002900098029908600298043802900299D1
:108F70006FF002000860029820380290029803B057
:108F80007047000080B584B0039002910398406858
:108F90000299401A01900198332801D8FFE729E08F
:108FA0000398029908440090009945F6A520C5F65B
:108FB000A520086001980099486000990020087277
:108FC00003980099C86003980069009908610398A4
:108FD000006928B1FFE7009803990969C860FFE7B5
:108FE000009803990861029803994860009801F07D
:108FF000DFFAFFE704B080BD80B59AB0FFE7FFE776
:1090000000200D9043F63000C4F20200016841F0E8
:1090100040010160006800F040000D900D98FFE7EE
:10902000FFE7FFE7FFE700200C9043F63000C4F2B3
:109030000200016841F008010160006800F00800CA
:109040000C900C98FFE7FFE7FFE7FFE700200B908D
:1090500043F63000C4F20200016841F008010160EB
:10906000006800F008000B900B98FFE7FFE7FFE7B0
:1090700000200A9043F63800C4F20200016841F073
:1090800001010160006800F001000A900A98FFE702
:10909000FFE70020099043F63000C4F202000168A7
:1090A00041F008010160006800F00800099009988B
:1090B000FFE7FFE70020089043F63000C4F202000B
:1090C000016841F010010160006800F01000089094
:1090D0000898FFE7FFE70020079043F63000C4F24E
:1090E0000200016841F020010160006800F02000EA
:1090F00007900798FFE7FFE70020069043F630004F
:10910000C4F20200016841F040010160006800F013
:10911000400006900698FFE74FF48060159002200B
:109120000590169001210091179118900C2019902C
:1091300041F60000C4F20200029015A90391F8F76D
:1091400017FD03992020159040F60040C4F202005C
:109150000190F8F70DFD01980399102204921592E1
:10916000F8F706FD009B01980399059A4FF6037CDA
:10917000CDF854C0169217931892F8F7F9FC03999A
:109180004FF68370159041F20000C4F20200F8F728
:10919000EFFC03994FF23F00159041F20040C4F2FA
:1091A0000200F8F7E5FC029803993F221592F8F7C0
:1091B000DFFC049B059A40F21850C1F200004FF00A
:1091C0002041016040F20411CAF200014160042113
:1091D00081600021C160016143618161C1614162BF
:1091E0004FF480538362C1620163416381630E92D5
:1091F0000F9108221092119114910EAA1146F9F7BD
:10920000A1FC1AB080BD000080B58CB00B90FFE7C8
:1092100000200A9043F63000C4F20200016841F4D5
:1092200080510160006800F480500A900A98FFE7BE
:109230004FF0D0404FF480110122FEF723FB4FF492
:109240002050FEF7DDFA09904FF49620FEF7D8FA89
:1092500008904FF44830FEF7D3FA07904FF40070AF
:109260000390FEF7CDFA014603980691FEF7C8FA7F
:10927000059000F001FD40F25040C1F20000694647
:1092800048600520086047F29570C0F6000042F281
:109290006421C0F601014FF400620023049301F041
:1092A00059FF039A049B40F25840C1F200006946FE
:1092B00048600320086049F20140C0F6000042F215
:1092C0005421C0F6010101F045FF039A049B40F2CE
:1092D0004C40C1F20000694648600420086047F233
:1092E0009D60C0F6000042F25A21C0F6010101F073
:1092F00031FF40F25440C1F20000006800F08AFEE5
:1093000000F0E8FC0CB080BD80B59AB018901791C1
:109310001692159300208DF85300FFE7002002906D
:1093200043F64000C4F20200016841F08051016040
:10933000006800F0805002900298FFE7FFE70020ED
:10934000019047F20000C4F20000016841F480413E
:109350000160006800F4804001900198FFE701205F
:1093600003904FF480300490022009904FF4800065
:109370000A9018980C9017980B9016980D901598C5
:109380000E9003A8F9F77EF88DF853009DF853006E
:1093900020B1FFE701208DF867002DE00F200F902E
:1093A00002201090002011904FF4A05012904FF422
:1093B000805013900FA80421F8F794FE8DF8530005
:1093C0009DF8530020B1FFE701208DF8670013E0FE
:1093D000F8F7EEFD41F20101884209D1FFE743F6BB
:1093E0000041C4F20201086840F480700860FFE7A1
:1093F00000208DF86700FFE79DF867001AB080BD78
:1094000080B582B00190FFE7012000F0C9FDFBE7C5
:1094100080B58EB040F2EC11C1F20001002081F85D
:10942000440040F27660C1F20000807900F0010251
:1094300091F84400104381F84400FFE7FFE7002063
:10944000089043F63000C4F20200016841F00201C6
:109450000160006800F0020008900898FFE7FFE74D
:10946000FFE7FFE70020079043F63000C4F2020058
:10947000016841F004010160006800F004000790F9
:109480000798FFE7FFE7FFE7FFE70020069043F6B6
:109490003000C4F20200016841F00201016000687E
:1094A00000F0020006900698FFE7FFE7FFE7FFE7FE
:1094B0000020059043F63000C4F20200016841F03C
:1094C00020010160006800F0200005900598FFE78A
:1094D000FFE7FFE7FFE70020049043F63000C4F207
:1094E0000200016841F002010160006800F0020022
:1094F00004900498FFE7FFE70220099000200A90FB
:10950000012003900B90032000900C9040F200404B
:10951000C4F20200019009A90291F8F729FB019811
:10952000029904220992F8F723FB00980299039A02
:109530004FF4006309930A920B920C9041F20040A1
:10954000C4F20200F8F714FB01980299039A0992F9
:10955000F8F70EFB02994FF40050099040F6000016
:10956000C4F20200F8F704FB03980EB080BD0000BF
:1095700080B582B08DF8070000208DF80600ADF8A8
:109580000400FFE740F20040C4F202000121002283
:10959000F8F7F6FCFFE7FFE741F20040C4F20200F3
:1095A0004FF400610022F8F7EBFCFFE7FFE740F61D
:1095B0000000C4F202004FF400510022F8F7E0FC72
:1095C000FFE79DF8070000F03BFA0620FAF760FB82
:1095D000FFE740F20040C4F2020001210022F8F748
:1095E000CFFCFFE70120FAF753FBFFE740F2004012
:1095F000C4F2020001221146F8F7C2FCFFE7012085
:10960000FAF746FBFFE740F20040C4F202000121F6
:109610000022F8F7B5FCFFE700208DF80600FFE711
:109620009DF806000F2832DCFFE7BDF8040040007B
:10963000ADF80400FFE740F20040C4F2020001214F
:109640000022F8F79DFCFFE70120FAF721FBFFE776
:1096500040F20040C4F2020001221146F8F790FCEB
:10966000FFE740F20040C4F202000421F8F75CFC7E
:1096700030B1FFE7BDF804000130ADF80400FFE7AA
:10968000FFE79DF8060001308DF80600C8E7BDF839
:1096900004000009ADF80400FFE740F60000C4F242
:1096A00002004FF400510122F8F76AFCFFE7BDF811
:1096B000040002B080BD000080B586B08DF81700B0
:1096C0000020ADF80600ADF81400FFE7BDF8140067
:1096D000042810DCFFE79DF81700FFF749FFBDF8ED
:1096E000142002A921F81200FFE7BDF81400013090
:1096F000ADF81400EAE70020ADF81400FFE7BDF86C
:10970000140003283BDCFFE7BDF814000130ADF87E
:109710001200FFE7BDF81200042829DCFFE7BDF8BE
:10972000140002A931F81000BDF8122031F812100F
:10973000884216DDFFE7BDF8140002A931F81000D9
:10974000ADF80400BDF8120031F81000BDF8142087
:1097500021F81200BDF80400BDF8122021F8120013
:10976000FFE7FFE7BDF812000130ADF81200D1E7C6
:10977000FFE7BDF814000130ADF81400BFE700208A
:10978000ADF806000120ADF81400FFE7BDF81400A5
:10979000032811DCFFE7BDF8141002A830F81110FF
:1097A000BDF806000844ADF80600FFE7BDF8140058
:1097B0000130ADF81400E9E7BDF806004AF6AB2128
:1097C000CAF6AA21A0FB01104008ADF80400BDF8BC
:1097D000040006B080BD000080B584B00390029103
:1097E00040F2EC10C1F2000090F84400C00758B1FC
:1097F000FFE79020FFF760FFADF80600D020FFF7ED
:109800005BFFADF804000AE0D020FFF755FFADF88C
:1098100006009020FFF750FFADF80400FFE7BDF809
:10982000060003990880BDF804000299088004B07E
:1098300080BD000080B586B0049003910DF10A0050
:1098400002A9FFF7C9FF0DF1060001A9FFF7C4FF48
:10985000BDF80600BDF80A10884208DCFFE7BDF835
:109860000A00BDF80610323188420FDBFFE7BDF871
:109870000A00BDF8061088423ADCFFE7BDF8060092
:10988000BDF80A103231884232DAFFE7BDF8040031
:10989000BDF80810884208DCFFE7BDF80800BDF8F5
:1098A0000410323188420FDBFFE7BDF80800BDF835
:1098B000041088421CDCFFE7BDF80400BDF8081066
:1098C0003231884214DAFFE7BDF80A00BDF806100D
:1098D0000844400804990880BDF80800BDF8041049
:1098E000084440080399088001208DF8170003E020
:1098F00000208DF81700FFE79DF8170006B080BD27
:1099000080B582B08DF8070040F20040C4F202003A
:109910000221F8F709FB00286FD1FFE79DF8070047
:1099200050B1FFE740F2EC11C1F2000101F10C006F
:109930002031FFF77FFF4AE040F2EC11C1F2000155
:1099400001F10C002031FFF775FF00283ED0FFE742
:1099500040F2EC11C1F2000100918889B1F8402079
:10996000801A00B200EE100AB8EEC00A91ED0E1A8D
:1099700080EE010A40F27660C1F2000002885208CF
:1099800001EE102AB8EEC11A30EE010ABDEEC00A8F
:1099900010EE102A8A810A8CB1F84230D21A12B223
:1099A00000EE102AB8EEC00A91ED0F1A80EE010AFF
:1099B0004088400801EE100AB8EEC11A30EE010AE4
:1099C000BDEEC00A10EE100A0884FFE7FFE740F280
:1099D000EC10C1F20000808E000400280CD4FFE7D8
:1099E00040F2EC11C1F200014FF4404088868889B2
:1099F000C883088C4886FFE71EE040F2EC10C1F2F5
:109A00000000808E0004002809D5FFE740F2EC1129
:109A1000C1F20001888E6FF3DF3088860BE040F2E0
:109A2000EC11C1F200010020C88348864FF6FF7098
:109A300088810884FFE7FFE7002002B080BD0000B6
:109A400080B582B08DF8070000208DF806008DF8F3
:109A50000600FFE79DF80600072841DCFFE79DF8B8
:109A60000700000600280CD5FFE7FFE741F20040A1
:109A7000C4F202004FF400610122F8F781FAFFE717
:109A80000BE0FFE741F20040C4F202004FF4006136
:109A90000022F8F775FAFFE7FFE79DF8070040009E
:109AA0008DF80700FFE740F20040C4F202000121F8
:109AB0000022F8F765FAFFE70120FAF7E9F8FFE777
:109AC00040F20040C4F2020001221146F8F758FAB1
:109AD000FFE7FFE79DF8060001308DF80600B9E7C3
:109AE00002B080BD80B582B0019040F26850C1F2F2
:109AF0000000009041F20001C4F2010101600199EF
:109B0000416000218160C160016181610C2141617E
:109B1000F9F7E6FB009840F2C441C1F200010122CE
:109B2000F9F79AFC02B080BD82B0019001980069FB
:109B30000090019841688068886001994868896848
:109B40004860009840680199884205D1FFE7019874
:109B500080680099486000E0FFE7019900200861F3
:109B600000990868013808600098006802B07047E2
:109B700040F67870C1F200000068704781B0009034
:109B8000009901F10800486000994FF0FF308860AB
:109B9000009901F10800C860009901F1080008610E
:109BA00000990020086001B07047000081B000906B
:109BB00000990020086101B07047000084B0039054
:109BC00002910298006800900098013020B9FFE7E8
:109BD00003980069019010E0039808300190FFE7B6
:109BE0000198406800680099884205D8FFE7FFE7C0
:109BF000019840680190F3E7FFE7019840680299F7
:109C000048600298416888600198029988600298CB
:109C10000199486003980299086103990868013026
:109C2000086004B07047000083B002900191029870
:109C300040680090009801994860009880680199F8
:109C40008860019800998968486001980099886047
:109C5000029801990861029908680130086003B010
:109C600070470000DFF80C00016841F470010160EA
:109C70007047000088ED00E080B582B04FF05000E2
:109C800080F31188BFF36F8FBFF34F8F019040F2C5
:109C90003C20C1F200000168013101600068012828
:109CA00016D1FFE74EF60450CEF200000068000621
:109CB00068B1FFE742F28420C0F6010042F245316C
:109CC000C0F6010140F2E712F6F7B4FBFFE7FFE749
:109CD00002B080BD80B582B040F23C20C1F20000ED
:109CE000006868B9FFE742F28420C0F6010042F242
:109CF0004531C0F601014FF4F772F6F79BFBFFE721
:109D000040F23C20C1F200000168013901600068A6
:109D100030B9FFE700200190019880F31188FFE738
:109D200002B080BD80B584B0039003980290039880
:109D3000002800F08080FFE702980838029002981F
:109D400001900199002046F20002C2F20002914205
:109D500000900ED3FFE7019946F20000C2F2000026
:109D60004BF6FF7202440020914298BF0120009000
:109D7000FFE70098C00768B9FFE742F28420C0F609
:109D8000010042F21031C0F601014FF4B872F6F74B
:109D900051FBFFE70198C1790020B0EBD11F0DD135
:109DA000FFE742F28420C0F6010042F21031C0F613
:109DB000010140F27112F6F73DFBFFE701980068E0
:109DC00068B1FFE742F28420C0F6010042F2103190
:109DD000C0F601014FF4B972F6F72CFBFFE70198CA
:109DE000C1790020B0EBD11F23D0FFE701980068B4
:109DF000E8B9FFE70199486820F00040486000F0AA
:109E000065FB0198426840F6DC71C1F20001086808
:109E1000104408600198FEF7E1FA40F6F471C1F2CF
:109E2000000108680130086001F058FD00E0FFE71C
:109E300000E0FFE7FFE704B080BD00004EF2100134
:109E4000CEF20001002008604EF21802CEF20002AD
:109E5000106040F2CC10C1F20000006844F6D3520A
:109E6000C1F26202A0FB02024FF0FF3000EB921041
:109E70004EF21402CEF20002106007200860704714
:109E800080B584B00390029100200090039868B9D7
:109E9000FFE742F28420C0F6010042F29421C0F6AE
:109EA000010140F6CC32F6F7C5FAFFE70298C8B3D5
:109EB000FFE700200190FFE70198072831D8FFE76E
:109EC0000398019A41F21001C1F2000101EBC201B5
:109ED0004968884209D1FFE7019941F21000C1F2B7
:109EE000000000EBC10000901BE0009890B9FFE774
:109EF000019941F21000C1F2000050F8310048B958
:109F0000FFE7019941F21000C1F2000000EBC1002F
:109F1000009000E0FFE7FFE7FFE7019801300190C4
:109F2000CAE7FFE7009838B1FFE702980099086098
:109F3000039800994860FFE704B080BD80B584B005
:109F400003900291019203980090FFF795FE00980C
:109F500090F94400013028B9FFE70099002081F80A
:109F60004400FFE7009890F94500013028B9FFE769
:109F70000099002081F84500FFE7FFF7ABFE00984D
:109F8000806B38B9FFE7009824300299019A00F0FD
:109F900049F900E0FFE70098FEF7BCFD04B080BD82
:109FA00080B582B00190002000900198F8B1FFE7E1
:109FB00000F08CFA40F68070C1F2000000680128C1
:109FC0000DD0FFE742F28420C0F6010042F2BC212E
:109FD000C0F601014FF41B62F6F72CFAFFE7019877
:109FE0000021FDF74BFD01F079FC009000E0FFE758
:109FF000009860B9FFE74EF60451CEF200014FF031
:10A0000080500860BFF34F8FBFF36F8F00E0FFE712
:10A0100002B080BD80B586B0059000200390FFF7A8
:10A020002BFE059838B9FFE740F68C40C1F20000DE
:10A030000068019002E005980190FFE70198049004
:10A04000049868B9FFE742F28420C0F6010042F2AA
:10A05000BC21C0F6010140F6BD02F6F7EBF9FFE7BF
:10A0600004980430FFF760FDE0B9FFE7FFE70498CC
:10A07000C06A00EB800140F6A440C1F2000050F835
:10A08000210068B9FFE70498C16A012000FA01F2D3
:10A0900040F68871C1F20001086890430860FFE74C
:10A0A000FFE700E0FFE70498806A28B1FFE7049823
:10A0B0001830FFF739FD00E0FFE740F68471C1F288
:10A0C0000001086801300860049840F68C41C1F234
:10A0D00000010968401AB0FA80F04009029041F28C
:10A0E0005000C1F200000068A8B1FFE7029890B1EB
:10A0F000FFE70498011D41F27000C1F20000FFF774
:10A1000093FD40F67C71C1F20001086801300860DF
:10A110000120039009E040F67871C1F2000108685F
:10A1200001380860FEF754FCFFE7FFF7D3FD039802
:10A13000012804D0FFE70498FDF77EFFFFE741F216
:10A140005000C1F20000006858B3FFE7049840F6E1
:10A150008C41C1F200010968884220D1FFE740F636
:10A160008070C1F20000006868B1FFE742F284200D
:10A17000C0F6010042F2BC21C0F6010140F63612E1
:10A18000F6F758F9FFE74EF60451CEF200014FF012
:10A1900080500860BFF34F8FBFF36F8F00E0FFE781
:10A1A000FFE706B080BD000081B0009040F6EC7083
:10A1B000C1F2000000680099086041F28400C1F219
:10A1C000000000680099486001B0704741F29001BA
:10A1D000C1F20001012008607047000080B582B024
:10A1E00001900091019868B9FFE742F28420C0F61F
:10A1F000010042F2BC21C0F601014FF4A652F6F76D
:10A2000019F9FFE7019840F68C41C1F20001096895
:10A210001831FFF7D3FC00980121FDF72FFC02B0A5
:10A2200080BD000080B584B0039002910192039834
:10A2300068B9FFE742F28420C0F6010042F2BC2177
:10A24000C0F6010141F2FE42F6F7F4F8FFE7FFE73E
:10A25000039840680090009840F68C41C1F20001DC
:10A260000A68D061009880680A681062086818302F
:10A27000009A9268506008681830009A90600398BD
:10A28000096888620399086801300860FFE701984F
:10A2900020B1FFE74FF0FF300290FFE702980199ED
:10A2A000FDF7ECFB04B080BD80B588B00790069147
:10A2B00007980590012002900798002800F0B980C7
:10A2C000FFE70598006D68B9FFE742F28420C0F609
:10A2D000010042F2BC21C0F6010141F6CC22F6F7A2
:10A2E000A9F8FFE70598C06C0699884203D2FFE7FA
:10A2F0000698039003E00598C06C0390FFE705986B
:10A30000C06A0399884200F09280FFE70598006DCB
:10A31000012840F08A80FFE7059840F68C41C1F2A1
:10A320000001096888420DD1FFE742F28420C0F69F
:10A33000010042F2BC21C0F6010141F6E722F6F726
:10A3400079F8FFE70598C06A049003980599C862F8
:10A350000598C07E0006002806D4FFE70398C0F1E8
:10A3600020000599886100E0FFE70598406904999D
:10A3700001EB810240F6A441C1F2000101EB820130
:10A38000884250D1FFE705980430FFF7CDFB60B954
:10A39000FFE70499012000FA01F240F68871C1F24A
:10A3A000000108689043086000E0FFE7FFE70598B8
:10A3B000C16A012000FA01F240F68871C1F2000181
:10A3C000086810430860FFE70598C06A00EB80004A
:10A3D00040F6A441C1F2000101EB80004068019009
:10A3E0000198059A906001988068059AD060059858
:10A3F0000430019A9268506005980430019A906088
:10A40000059AD06A00EB800001EB8000506105984E
:10A41000C06A00EB800251F82200013041F82200AE
:10A42000FFE7FFE700E0FFE700E0FFE700E0FFE70E
:10A4300000E0FFE708B080BD80B582B0FDF762FDA7
:10A4400000900098012804D1FFE701F06DFB009017
:10A4500000E0FFE7009801281FD1FFE74FF0500010
:10A4600080F31188BFF36F8FBFF34F8F019040F6D9
:10A47000E871C1F200014FF0FF30086041F2500175
:10A48000C1F200010120086041F28401C1F2000123
:10A490000020086000F09AF811E00098013068B9D7
:10A4A000FFE742F28420C0F6010042F2BC21C0F670
:10A4B000010140F6CE62F5F7BDFFFFE7FFE742F28C
:10A4C0008030C0F60100006802B080BD40F68071A7
:10A4D000C1F20001086801300860704780B584B09F
:10A4E00040F68070C1F20000006838B1FFE741F229
:10A4F0009001C1F200010120086057E041F2900193
:10A50000C1F2000100200860FFE740F68870C1F248
:10A510000000006803900398B0FA80F08DF80B00FB
:10A520009DF80B00C0F11F000190019800EB800125
:10A5300040F6A440C1F2000050F8210068B9FFE7DE
:10A5400042F28420C0F6010042F2BC21C0F60101B3
:10A5500041F23A42F5F76EFFFFE7FFE7019800EBA3
:10A56000800140F6A440C1F2000000EB81000090A1
:10A5700000994868406848600099486808318842F6
:10A5800004D1FFE70099C8684860FFE70098406879
:10A59000C06840F68C41C1F200010860FFE7FFE7A8
:10A5A00040F68C40C1F200000068FFE704B080BDB7
:10A5B00080B582B001900198F9F7E2FB01464BF6B5
:10A5C000EF60CDF6AD60086002B080BD80B586B0AA
:10A5D0004EF60050CEF2000000684CF27121C4F239
:10A5E0000F1188420DD1FFE742F28420C0F601002E
:10A5F00042F24531C0F601014FF49B72F5F71AFFA4
:10A60000FFE74EF60050CEF2000000684CF27021D9
:10A61000C4F20F1188420DD1FFE742F28420C0F648
:10A62000010042F24531C0F6010140F23712F5F760
:10A6300001FFFFE74EF60850CEF2000000680590DB
:10A640000598C06A43F2A161C0F6000188420DD0AE
:10A65000FFE742F28420C0F6010042F24531C0F625
:10A6600001014FF4AB72F5F7E5FEFFE70598806B4B
:10A6700043F24161C0F6000188420DD0FFE742F28B
:10A680008420C0F6010042F24531C0F6010140F2DB
:10A690005712F5F7CFFEFFE7002003904EF200407F
:10A6A000CEF20000029001788DF81310FF210170A6
:10A6B00000788DF807009DF8070000F0500140F683
:10A6C0006C70C1F200000170007868B9FFE742F2D7
:10A6D0008420C0F6010042F24531C0F601014FF47A
:10A6E000BD72F5F7A7FEFFE79DF80700C04310F025
:10A6F000500F0DD0FFE742F28420C0F6010042F275
:10A700004531C0F601014FF4BF72F5F793FEFFE744
:10A71000FFE79DF807000006002809D5FFE703982A
:10A72000013003909DF8070040008DF80700F0E726
:10A730000398082807D1FFE740F67071C1F20001C5
:10A740000020086008E00398C0F1070040F670712F
:10A75000C1F200010860FFE740F67071C1F200012C
:10A76000086800020860086800F4E06008609DF86E
:10A7700013004EF20041CEF2000108704EF6205157
:10A78000CEF20001086840F47F000860086840F0DD
:10A790007F4008604EF61C51CEF200010020009070
:10A7A0000860FFF74BFB009840F23C21C1F200012A
:10A7B0000860FFF757FA4EF63471CEF200010868D0
:10A7C00040F040400860FDF78DFFFFF787FEFEF781
:10A7D00069F9009806B080BD80B582B04FF0500096
:10A7E00080F31188BFF36F8FBFF34F8F009000F09D
:10A7F0000DFD40B1FFE74EF60451CEF200014FF0DF
:10A800008050086000E0FFE700200190019880F38D
:10A81000118802B080BD000080B588B00790069115
:10A820008DF8172000200490079880B3FFE7079960
:10A830004FF0FF30B0FBF1F00699884227D3FFE7D5
:10A8400007980699484310F1550F20D8FFE707985D
:10A8500006994843039003985430FEF7C1F90490D9
:10A86000049890B1FFE70498029002985430029047
:10A8700007980699029A9DF81730DDF810C0EE4649
:10A88000CEF800C0FDF78AFC00E0FFE710E0049876
:10A8900068B9FFE742F28420C0F6010042F2942139
:10A8A000C0F6010140F22D22F5F7C4FDFFE7FFE7F6
:10A8B000049808B080BD000080B584B00390029178
:10A8C0000120019003980090009868B9FFE742F2D8
:10A8D0008420C0F6010042F29421C0F6010140F24A
:10A8E0003712F5F7A7FDFFE70098002856D0FFE7DD
:10A8F0000098C06B002851D0FFE70098C26B016C34
:10A900004FF0FF30B0FBF2F0884247D3FFE7FFF78C
:10A91000B3F900990B68C86B0A6C00FB02308860C1
:10A9200000990020886300990868486000990B68C6
:10A93000C86B0A6C013800FB0230C8600099FF2028
:10A9400081F84400009981F845000298D0B9FFE7EA
:10A9500000980069A0B1FFE70098103000F0EAFE0F
:10A9600060B1FFE74EF60451CEF200014FF0805087
:10A970000860BFF34F8FBFF36F8F00E0FFE700E089
:10A98000FFE708E000981030FFF7F8F8009824304F
:10A99000FFF7F4F8FFE7FFF79DF902E000200190D0
:10A9A000FFE7019868B9FFE742F28420C0F6010092
:10A9B00042F29421C0F601014FF4B672F5F73AFD68
:10A9C000FFE7019804B080BD80B58EB00C900B916C
:10A9D0000A920993002008900C980490049868B992
:10A9E000FFE742F28420C0F6010042F29421C0F653
:10A9F00001014FF47072F5F71DFDFFE70B99002080
:10AA0000029039B9FFE70498006C002818BF0120B4
:10AA10000290FFE70298C00768B1FFE742F2842086
:10AA2000C0F6010042F29421C0F6010140F2C132A9
:10AA3000F5F700FDFFE7099900200229019007D1F1
:10AA4000FFE70498C06B013818BF01200190FFE7B1
:10AA50000198C00768B1FFE742F28420C0F6010008
:10AA600042F29421C0F6010140F2C232F5F7E2FC55
:10AA7000FFE700F0A5FB01460020009031B9FFE799
:10AA80000A98002818BF01200090FFE70098C0072F
:10AA900068B1FFE742F28420C0F6010042F294213F
:10AAA000C0F6010140F2C532F5F7C4FCFFE7FFE74D
:10AAB000FFF7E2F80498806B0499C96B884204D3CD
:10AAC000FFE70998022858D1FFE70498806B0390AC
:10AAD00004980B99099AFDF7AFF907900498806CD8
:10AAE000E0B1FFE70998022804D1FFE7039808B115
:10AAF000FFE712E00498FDF777FD60B1FFE74EF63F
:10AB00000451CEF200014FF080500860BFF34F8F28
:10AB1000BFF36F8F00E0FFE7FFE729E00498406A8A
:10AB2000A0B1FFE70498243000F004FE60B1FFE715
:10AB30004EF60451CEF200014FF080500860BFF392
:10AB40004F8FBFF36F8F00E0FFE710E0079860B111
:10AB5000FFE74EF60451CEF200014FF0805008603E
:10AB6000BFF34F8FBFF36F8F00E0FFE7FFE7FFE713
:10AB7000FFF7B0F801200D9065E00A9828B9FFE7CB
:10AB8000FFF7A8F800200D905DE0089830B9FFE7C6
:10AB900005A8FFF709FB0120089000E0FFE7FFE7A9
:10ABA000FFE7FFF797F8FFF791FCFFF765F80498C8
:10ABB00090F94400013028B9FFE70499002081F89A
:10ABC0004400FFE7049890F94500013028B9FFE7F9
:10ABD0000499002081F84500FFE7FFF77BF805A8FE
:10ABE0000AA900F035FA28BBFFE70498FDF7E4FC5A
:10ABF000C8B1FFE7049810300A99FFF7EFFA0498FC
:10AC0000FDF788FF00F06AFE60B9FFE74EF60451D9
:10AC1000CEF200014FF080500860BFF34F8FBFF3BA
:10AC20006F8FFFE705E00498FDF774FF00F056FE14
:10AC3000FFE707E00498FDF76DFF00F04FFE0020EE
:10AC40000D9000E034E70D980EB080BD80B58CB05B
:10AC50000A9009910892002007900A98049004989D
:10AC600068B9FFE742F28420C0F6010042F2942165
:10AC7000C0F601014FF4BE62F5F7DCFBFFE709996E
:10AC80000020029039B9FFE70498006C002818BF33
:10AC900001200290FFE70298C00768B1FFE742F287
:10ACA0008420C0F6010042F29421C0F6010140F276
:10ACB000F452F5F7BFFBFFE700F082FA01460020EF
:10ACC000019031B9FFE70898002818BF01200190D2
:10ACD000FFE70198C00768B1FFE742F28420C0F6A1
:10ACE000010042F29421C0F6010140F2F952F5F759
:10ACF000A1FBFFE7FFE7FEF7BFFF0498806B03901F
:10AD0000039830B3FFE704980999FDF773F80398A7
:10AD100001380499886304980069A0B1FFE704989A
:10AD2000103000F007FD60B1FFE74EF60451CEF29F
:10AD300000014FF080500860BFF34F8FBFF36F8F5B
:10AD400000E0FFE700E0FFE7FEF7C4FF01200B9003
:10AD50006DE0089828B9FFE7FEF7BCFF00200B90D4
:10AD600065E0079830B9FFE705A8FFF71DFA012055
:10AD7000079000E0FFE7FFE7FFE7FEF7ABFFFFF715
:10AD8000A5FBFEF779FF049890F94400013028B93B
:10AD9000FFE70499002081F84400FFE7049890F948
:10ADA0004500013028B9FFE70499002081F84500EB
:10ADB000FFE7FEF78FFF05A808A900F049F930BBAF
:10ADC000FFE70498FDF7E4FBD0B1FFE704982430D7
:10ADD0000899FFF703FA0498FDF79CFE00F07EFD4A
:10ADE00060B9FFE74EF60451CEF200014FF08050FB
:10ADF0000860BFF34F8FBFF36F8F00E0FFE705E000
:10AE00000498FDF787FE00F069FDFFE70EE0049867
:10AE1000FDF780FE00F062FD0498FDF7B9FB18B164
:10AE2000FFE700200B9002E0FFE7FFE763E70B98E6
:10AE30000CB080BD80B58CB00A90099100200890BC
:10AE40000A9905910490059868B9FFE742F28420B9
:10AE5000C0F6010042F29421C0F6010140F289627D
:10AE6000F5F7E8FAFFE70598006C68B1FFE742F2F2
:10AE70008420C0F6010042F29421C0F6010140F2A4
:10AE80008D62F5F7D7FAFFE700F09AF90146002046
:10AE9000019031B9FFE70998002818BF01200190FF
:10AEA000FFE70198C00768B1FFE742F28420C0F6CF
:10AEB000010042F29421C0F6010140F29262F5F7DE
:10AEC000B9FAFFE7FFE7FEF7D7FE0598806B03901E
:10AED000039860B3FFE703980138059988630598E4
:10AEE000006828B9FFE7FEF70BF80599886000E0D5
:10AEF000FFE705980069A0B1FFE70598103000F062
:10AF000019FC60B1FFE74EF60451CEF200014FF09C
:10AF100080500860BFF34F8FBFF36F8F00E0FFE7F3
:10AF200000E0FFE7FEF7D6FE01200B908DE00998C8
:10AF300028B9FFE7FEF7CEFE00200B9085E00898C9
:10AF400030B9FFE706A8FFF72FF90120089000E0CD
:10AF5000FFE7FFE7FFE7FEF7BDFEFFF7B7FAFEF7F3
:10AF60008BFE059890F94400013028B9FFE7059958
:10AF7000002081F84400FFE7059890F94500013072
:10AF800028B9FFE70599002081F84500FFE7FEF7A3
:10AF9000A1FE06A809A900F05BF8A8BBFFE7059889
:10AFA000FDF7F6FA48B3FFE70598006850B9FFE7E8
:10AFB000FEF762FE0598806800F00AFB0490FEF739
:10AFC00089FE00E0FFE7059824300999FFF706F9AC
:10AFD0000598FDF79FFD00F081FC60B9FFE74EF694
:10AFE0000451CEF200014FF080500860BFF34F8F44
:10AFF000BFF36F8F00E0FFE705E00598FDF78AFDDE
:10B0000000F06CFCFFE71FE00598FDF783FD00F002
:10B0100065FC0598FDF7BCFAA0B1FFE7049870B194
:10B02000FFE7FEF729FE0598FDF712F80290059854
:10B0300080680299FFF738F9FEF74CFEFFE7002021
:10B040000B9002E0FFE7FFE73DE70B980CB080BDF7
:10B0500080B586B005900491059868B9FFE742F283
:10B060008420C0F6010042F2BC21C0F6010141F289
:10B07000E552F5F7DFF9FFE7049868B9FFE742F218
:10B080008420C0F6010042F2BC21C0F6010141F269
:10B09000E652F5F7CFF9FFE7FEF7EEFD41F2840047
:10B0A000C1F2000000680290029805994968401AB0
:10B0B000019040F68C40C1F20000006890F8590001
:10B0C00058B1FFE740F68C40C1F200000168002053
:10B0D00081F859000120039037E00498006801309E
:10B0E00018B9FFE7002003902EE040F6EC70C1F2A3
:10B0F000000000680599096888420CD0FFE70298B3
:10B1000005994968884206D3FFE701200390049916
:10B110000020086017E001980499096888420BD262
:10B12000FFE7019A04990868801A08600598FFF7FC
:10B130003BF80020039005E00499002008600120FE
:10B140000390FFE7FFE7FFE7FFE7FEF7C3FD039884
:10B1500006B080BD10B588B0DDF82CC0DDF828C081
:10B1600007900691ADF81620049307980699BDF84C
:10B170001620049BDDF828C00B9CEE46CEF8044058
:10B18000CEF800C0FCF710FF0390039830B1FFE742
:10B190000398FCF70BFD0120029003E04FF0FF3015
:10B1A0000290FFE7029808B010BD000081B040F6A1
:10B1B0008C40C1F2000000680090009801B0704718
:10B1C00081B041F25000C1F20000006818B9FFE7F9
:10B1D000012000900DE040F68070C1F20000006890
:10B1E00018B9FFE70220009002E000200090FFE77E
:10B1F000FFE7009801B0704781B041F28400C1F2CE
:10B20000000000680090009801B0704780B588B0D9
:10B210000020059040F68070C1F200000068002810
:10B2200040F02581FFE741F28401C1F20001086886
:10B230000130049004980860049878BBFFE7FFE7AA
:10B2400040F69440C1F200000068006868B1FFE772
:10B2500042F28420C0F6010042F2BC21C0F6010196
:10B2600041F29D22F5F7E6F8FFE740F69442C1F27D
:10B2700000021068039040F69C41C1F2000108688A
:10B2800010600398086040F6EC71C1F20001086894
:10B2900001300860FDF79CFBFFE700E0FFE7049842
:10B2A00040F6E871C1F2000109688842C0F0BE8032
:10B2B000FFE7FFE740F69440C1F200000068006835
:10B2C00040B9FFE740F6E871C1F200014FF0FF30EE
:10B2D0000860AAE040F69440C1F200000068C0682F
:10B2E000C0680790079840680690049806998842BD
:10B2F00007D2FFE7069840F6E871C1F20001086046
:10B3000093E0FFE7FFE7079840690290079881689C
:10B31000C068886007998868C96848600298406872
:10B3200007990431884205D1FFE70798C068029960
:10B330004860FFE7079900204861029908680138D2
:10B340000860FFE70798806A08B3FFE7FFE7079800
:10B35000806A01900798C169006A88600799C86986
:10B36000096A48600198406807991831884205D1F8
:10B37000FFE70798006A01994860FFE707990020F6
:10B3800088620199086801380860FFE700E0FFE77C
:10B39000FFE70798C16A012000FA01F240F68871C0
:10B3A000C1F20001086810430860FFE70798C06A0F
:10B3B00000EB800040F6A441C1F2000101EB8000E7
:10B3C000406800900098079A906000988068079AFB
:10B3D000D06007980430009A926850600798043053
:10B3E000009A9060079AD06A00EB800001EB800021
:10B3F00050610798C06A00EB800251F822000130CA
:10B4000041F82200FFE7FFE70798C06A40F68C4149
:10B41000C1F200010968C96A884203D9FFE7012027
:10B42000059000E0FFE7FFE744E7FFE740F68C40C8
:10B43000C1F200000068C06A00EB800140F6A44041
:10B44000C1F2000050F82100022803D3FFE70120D9
:10B45000059000E0FFE741F29000C1F200000068B3
:10B4600018B1FFE70120059000E0FFE707E040F694
:10B47000F871C1F20001086801300860FFE7059823
:10B4800008B080BD80B584B003900398029000207E
:10B4900001900398002800F09680FFE7029840F69C
:10B4A0008C41C1F20001096888420DD0FFE742F2E9
:10B4B0008420C0F6010042F2BC21C0F6010141F631
:10B4C0006E22F4F7B7FFFFE70298006D68B9FFE757
:10B4D00042F28420C0F6010042F2BC21C0F6010114
:10B4E00041F66F22F4F7A6FFFFE70299086D0138D5
:10B4F00008650299C86AC96C884262D0FFE7029861
:10B50000006D00285BD1FFE702980430FEF70CFBCA
:10B5100068B9FFE70298C16A012000FA01F240F61B
:10B520008871C1F2000108689043086000E0FFE7FD
:10B530000299C86CC8620299C86AC0F1200088618B
:10B54000FFE70298C16A012000FA01F240F6887113
:10B55000C1F20001086810430860FFE70298C06A62
:10B5600000EB800040F6A441C1F2000101EB800035
:10B57000406800900098029A906000988068029A53
:10B58000D06002980430009A9268506002980430AB
:10B59000009A9060029AD06A00EB800001EB800074
:10B5A00050610298C06A00EB800251F8220001301D
:10B5B00041F82200FFE7FFE70120019000E0FFE7EC
:10B5C00000E0FFE700E0FFE7019804B080BD000065
:10B5D00080B584B0039003980290002001900398F6
:10B5E000002800F0A380FFE70298C06A40F68C4173
:10B5F000C1F200010968C96A884280F08680FFE7CD
:10B600000298C07E000600280BD4FFE740F68C406D
:10B61000C1F200000068C06AC0F120000299886190
:10B6200000E0FFE702994869C96A01EB810240F630
:10B63000A441C1F2000101EB8201884259D1FFE728
:10B6400002980430FEF770FA68B9FFE70298C16A01
:10B65000012000FA01F240F68871C1F20001086889
:10B660009043086000E0FFE740F68C40C1F2000024
:10B670000068C06A0299C862FFE70298C16A0120A7
:10B6800000FA01F240F68871C1F200010868104327
:10B690000860FFE70298C06A00EB800040F6A44112
:10B6A000C1F2000101EB8000406800900098029A0E
:10B6B000906000988068029AD06002980430009AE6
:10B6C0009268506002980430009A9060029AD06AA2
:10B6D00000EB800001EB800050610298C06A00EB33
:10B6E000800251F82200013041F82200FFE7FFE715
:10B6F00008E040F68C40C1F200000068C06A029980
:10B70000C862FFE7012001900FE00298C06C40F68C
:10B710008C41C1F200010968C96A884203D2FFE77F
:10B720000120019000E0FFE7FFE700E0FFE701985C
:10B7300004B080BD80B588B007900798C068C06825
:10B740000690069868B9FFE742F28420C0F601002F
:10B7500042F2BC21C0F6010141F23552F4F76AFE13
:10B76000FFE7FFE70698806A04900698C169006ABF
:10B7700088600699C869096A486004984068069913
:10B780001831884205D1FFE70698006A049948609D
:10B79000FFE706990020886204990868013808606C
:10B7A000FFE740F68070C1F20000006800285DD11C
:10B7B000FFE7FFE706984069039006988168C06834
:10B7C000886006998868C968486003984068069947
:10B7D0000431884205D1FFE70698C06803994860A4
:10B7E000FFE706990020486103990868013808605E
:10B7F000FFE7FFE70698C16A012000FA01F240F670
:10B800008871C1F20001086810430860FFE70698DC
:10B81000C06A00EB800040F6A441C1F2000101EBD8
:10B820008000406802900298069A906002988068B2
:10B83000069AD06006980430029A92685060069882
:10B840000430029A9060069AD06A00EB800001EB07
:10B85000800050610698C06A00EB800251F8220017
:10B86000013041F82200FFE7FFE71DE0FFE740F667
:10B87000FC71C1F20001486801900198069AD061FC
:10B8800001988068069A106206981830019A9268AA
:10B89000506006981830019A906006988162086896
:10B8A00001300860FFE7FFE70698C06A40F68C4168
:10B8B000C1F200010968C96A884208D9FFE701207E
:10B8C000059041F29001C1F20001086002E0002001
:10B8D0000590FFE7059808B080BD000080B588B0EE
:10B8E0000020009007900690FEF7C6F9009805909A
:10B8F00040F68070C1F20000006868B9FFE742F2CC
:10B900008420C0F6010042F2BC21C0F6010140F6DD
:10B91000CC72F4F78FFDFFE740F68070C1F20000B3
:10B920000168013901600068002840F0F680FFE7F7
:10B9300040F67870C1F200000068002800F0EC804A
:10B94000FFE7FFE740F6FC70C1F200000068002846
:10B9500000F09880FFE740F6FC70C1F20000C0687C
:10B96000C0680790FFE70798806A04900798C1694C
:10B97000006A88600799C869096A48600498406845
:10B9800007991831884205D1FFE70798006A0499A2
:10B990004860FFE707990020886204990868013829
:10B9A0000860FFE7FFE70798406903900798816800
:10B9B000C068886007998868C968486003984068CB
:10B9C00007990431884205D1FFE70798C0680399B9
:10B9D0004860FFE70799002048610399086801382B
:10B9E0000860FFE7FFE70798C16A012000FA01F24B
:10B9F00040F68871C1F20001086810430860FFE753
:10BA00000798C06A00EB800040F6A441C1F2000133
:10BA100001EB8000406802900298079A90600298BB
:10BA20008068079AD06007980430029A9268506044
:10BA300007980430029A9060079AD06A00EB800061
:10BA400001EB800050610798C06A00EB800251F85A
:10BA50002200013041F82200FFE7FFE70798C06AA3
:10BA600040F68C41C1F200010968C96A884207D9D1
:10BA7000FFE741F29001C1F200010120086000E0FF
:10BA8000FFE75FE7079818B1FFE7FCF7A1FFFFE7C3
:10BA900040F6F870C1F20000006801900198E0B132
:10BAA000FFE7FFE7FFF7B2FB38B1FFE741F2900194
:10BAB000C1F200010120086000E0FFE701980138B1
:10BAC0000190FFE701980028ECD1FFE740F6F871FC
:10BAD000C1F200010020086000E0FFE741F29000A1
:10BAE000C1F200000068A8B1FFE701200690FFE75F
:10BAF00040F68C40C1F2000000684EF60451CEF2D0
:10BB000000014FF080500860BFF34F8FBFF36F8F7D
:10BB1000FFE700E0FFE7FFE700E0FFE7FEF7DAF806
:10BB2000069808B080BD000080B584B00020039066
:10BB3000FCF7ECF841F28800C1F200000068B8B1EF
:10BB4000FFE741F28C00C1F20000694648601F2007
:10BB5000086048F6F520C0F6000042F20831C0F651
:10BB600001014FF480720023FFF7F4FA039000E024
:10BB7000FFE7039868B9FFE742F28420C0F60100AE
:10BB800042F2E421C0F601014FF4A372F4F752FC33
:10BB9000FFE7039804B080BD5FEA400C08BF91F056
:10BBA000000F4FEA8C234FEAC12243EA51514FEA7A
:10BBB0001C5018BF00F5F0404FEA300018BF41F0AC
:10BBC00000415FEA6C5C00F02980BCF1FF3F08BFD8
:10BBD00040F080407047130C06BF12044FF0100C69
:10BBE0004FF0000C130E04BF12020CF1080C130FDF
:10BBF00004BF12010CF1040C930F04BF92000CF16E
:10BC0000020CD30F04BF52000CF1010C11464FF08F
:10BC10000002A0F11F00A0EB0C00704711F0004FD4
:10BC200008BF704731F000413FF4D5AF0B0C06BFA1
:10BC300009044FF0100C4FF0000C0B0E04BF09026A
:10BC40000CF1080C0B0F04BF09010CF1040C8B0F55
:10BC500004BF89000CF1020CCB0F04BF49000CF1AA
:10BC6000010CCCF1200322FA03F341EA030102FAAA
:10BC70000CF2A0EB0C0000F10100704723F07F47AD
:10BC800020F07F4C80EA030000F00040ACEB07039B
:10BC900003F57C5303F1FF032DE9804909B44FEA12
:10BCA000144324EA03484FEA154B25EA0B4E0FF2E2
:10BCB000042606EB13273E7803FB0667C7F500074B
:10BCC00007FB06F64FEAD64606F102064FEA54375E
:10BCD00007FB066CCCF1005C4FEA1C472CEA074CD2
:10BCE0000CFB06F507FB06F404EB15464FEA961627
:10BCF00049085FEA320234BF00204FF000404FEAAB
:10BD0000D13706FB07FC4FEA1C4C0CFB0BF7D21B90
:10BD100003FB0CF761EB07010CFB0EF7B0EB0740E0
:10BD200072EB17420CFB08F734BFA2EB0742B2EBF1
:10BD3000074261EB17414FEA0C444FEA910706FBBB
:10BD400007FC4FEA1C4C0CFB0BF7B0EBC74072EB47
:10BD5000573203FB0CF734BFA2EBC742B2EBC7422A
:10BD600061EB57310CFB0EF7B0EBC70072EB57726B
:10BD70000CFB08F734BFA2EBC702B2EBC70261EBC2
:10BD800057714FEA816141EA92114FEA826242EAB9
:10BD900090124FEA806004EBCC04039F4FEAD13746
:10BDA00006FB07FC4FEA1C4C0CFB0BF7D21B03FBFA
:10BDB0000CF761EB07010CFB0EF7B0EB074072EBE1
:10BDC00017420CFB08F734BFA2EB0742B2EB074265
:10BDD00061EB17414FEA8C5504EB9C244FEA910725
:10BDE00006FB07FC4FEA1C4C0CFB0BF7B0EBC74003
:10BDF00072EB573203FB0CF734BFA2EBC742B2EB36
:10BE0000C74261EB57310CFB0EF7B0EBC70072EB8A
:10BE100057720CFB08F734BFA2EBC702B2EBC702A4
:10BE200061EB57714FEA816141EA92114FEA8262F8
:10BE300042EA90124FEA806015EB4C2544F1000471
:10BE40004FEAD13706FB07FC4FEA1C4C0CFB0BF703
:10BE5000D21B03FB0CF761EB07010CFB0EF7B0EBF9
:10BE6000074072EB17420CFB08F734BFA2EB074206
:10BE7000B2EB074261EB17414FEA813141EA92414F
:10BE80004FEA823242EA90424FEA80304FEA0C7623
:10BE900015EB1C1544F1000448EA03434EEA0B4835
:10BEA0004FF0000EB2EB080C71EB030724BF6246A3
:10BEB00039464EEB0E0E4FF0000B0018524149412F
:10BEC0004BEB0B0BB2EB080C71EB03077BF1000B98
:10BED00024BF624639464EEB0E0E4FF0000B0018A1
:10BEE000524149414BEB0B0BB2EB080C71EB0307D2
:10BEF0007BF1000B24BF624639464EEB0E0E51EA31
:10BF0000020718BF46F0010616EB0E7655F1000247
:10BF100054F1000103D5BDE88901BDE80088BDE802
:10BF20008901BDE80048B619524141EB0101A3F176
:10BF30000103704780807F7E7D7C7B7A797877767D
:10BF400076757473727171706F6E6E6D6C6C6B6AF6
:10BF50006A69686867666665646463636261616094
:10BF6000605F5F5E5E5D5D5C5C5B5B5A5A59595811
:10BF7000585757565655555554545353525252517B
:10BF8000515050504F4F4F4E4E4D4D4D4C4C4C4BD1
:10BF90004B4B4A4A4A494949484848474747474618
:10BFA0004646454545444444444343434342424254
:10BFB000424141419C46002B30D477002BD04FEAC0
:10BFC00037071CB503B44FF010004FF01001BAF161
:10BFD000000F06D0BCF1000FDCBF40F0080040F0BD
:10BFE00008014FF000000FBCBDE810400BF1010B41
:10BFF000BBF1010F08BF5FEA170722BF12F1010270
:10C0000011F101014FF0004143F1000300F0004045
:10C0100043EA00007047F9D35708D0E746EA0646DE
:10C020004FEA164613F1400F1FDD13F1200FDFBF5B
:10C0300016430A46002120335B42BED0C3F12007DD
:10C0400046EA06464FEA164602FA07F746EA0706A8
:10C0500022FA03F2C3F1200701FA07F742EA0702C6
:10C0600021FA03F14FF00003A7E746EA020646EA89
:10C0700006464FEA164646EA0106BCBF46EA0646B1
:10C08000360C4FF000034FF000024FF0000194E730
:10C090002DE9804C70B49A46934691E8380007C861
:10C0A00031EA400C48BF34EA430C03D5FFF7E6FD04
:10C0B000FFF780FFF0BCBDE8008C2DE9804C70B428
:10C0C0009A46934691E8380007C810F0804F08BFA1
:10C0D00013F0804F03D100F005F8FFF76BFFF0BCC1
:10C0E000BDE8008C20F07F4723F07F4C80EA0300FE
:10C0F00000F0004007EB0C03A3F57C53A3F1FE0313
:10C1000092F0000F00F0B38095F0000F00F0778000
:10C110002DE901494FEA114021EA00484FEA14464F
:10C1200024EA064700FB06FC08FB06F607FB08F8B6
:10C1300018EB06484CEB164C00FB07F718EB0748CA
:10C140004CEB17404FEA124B22EA0B4E4FEA1546D2
:10C1500025EA06470BFB06FC0EFB06F607FB0EFE68
:10C160001EEB064E4CEB164C0BFB07F71EEB074E77
:10C170004CEB174B18EB0B0840F1000018EB0E0BC3
:10C1800058EB000840F100008F1A4FF000014FF00B
:10C1900000063CBFC943661B14BFB5EB040C00216D
:10C1A0003CBFC943F61B4FEA174427EA04454FEA50
:10C1B0001C472CEA074C04FB076205FB07F70CFB46
:10C1C00005F616EB074642EB174204FB0CFC16EB98
:10C1D0000C4642EB1C421BEB060658EB02024141A7
:10C1E0004EEA8E0E46EA9E0601D5BDE80189B619D3
:10C1F000524141EB0101A3F10103BDE801894FEA7E
:10C20000144524EA05464FEA114721EA074C05FB8D
:10C2100007F406FB07F70CFB06F111EB074144EBB3
:10C22000174405FB0CFC11EB0C4144EB1C444FEA9A
:10C23000124722EA074C05FB07F206FB07F70CFB47
:10C2400006F616EB074642EB174205FB0CFC16EB15
:10C250000C4642EB1C456A1854F1000148BF704778
:10C26000B619524141EB0101A3F10103704795F06A
:10C27000000F37D04FEA114221EA02464FEA144735
:10C2800024EA074C02FB07F106FB07F70CFB06F458
:10C2900014EB074441EB174102FB0CFC14EB0C447C
:10C2A00041EB1C414FEA154725EA074C02FB07F515
:10C2B00006FB07F70CFB06F616EB074645EB1745A2
:10C2C00002FB0CFC16EB0C4645EB1C42121951F11B
:10C2D000000148BF7047B619524141EB0101A3F17B
:10C2E000010370474FEA144524EA05464FEA114717
:10C2F00021EA074C05FB07F106FB07F70CFB06F2EA
:10C3000012EB074241EB174105FB0CFC12EB0C4210
:10C3100051EB1C414FF0000648BF7047921841EBAB
:10C320000101A3F101037047104810B5006800F047
:10C33000B9FF0F48006800F0C0FF012000F0F2FFD5
:10C34000002000F0FDFF002001F00AF8002108465F
:10C3500000F030FB002000F0BBFF0648006800F052
:10C36000C3FFBDE81040002000F0CEBF1800001051
:10C3700014000010100000102DE9F04FDFF828B174
:10C3800091B04FF0FF35DBF80030B3F92210069181
:10C39000DE69B3F92490F469A189814206D8E28963
:10C3A000824203D3471AD4F8008012E0D4E9018115
:10C3B00000296FD00A8882426CD84D88854269D3A3
:10C3C000801A82B2486800EB8200B0F90070B0F9C0
:10C3D0000250781C5ED0307EA17C10FB01FA217CDB
:10C3E000CDE90701B3F92A60304602F093F8C0B2F4
:10C3F0000E90DBF8000007FB0A81A37C826B01270B
:10C40000CDE90412CDE90273C069089AC17E807E2D
:10C41000CDE90001DDE90603494601F0C3FD681CD2
:10C4200018D046F0020002F075F8DBF80000A37C9B
:10C4300005FB0A81826BCDE90273CDE90412C06964
:10C44000089AC17E807ECDE90001DDE906034946F8
:10C4500001F0A8FDDBF800005D46C069417E007E6A
:10C46000814214D9022E12D086F0040002F052F854
:10C470002868C069027EC37E12FB0391437E857EDD
:10C48000089A06984B4412FB050201F08DFE0E98A7
:10C4900002F040F8DBF80000627C418C11444184DA
:10C4A00011B0BDE8F08F00001C00001004480068C7
:10C4B000C069C06909B1027C0A60407C7047000015
:10C4C0001C000010022008807047C06982898A42DF
:10C4D00002D8C2898A4210D2806880B102888A421A
:10C4E0000DD843888B420AD3406800EB8100A0EB53
:10C4F0008200B0F90000002801DB01207047002015
:10C50000704710B5040009D000F064FA204603F02B
:10C510003FF8044601F094F8204610BD002010BDFD
:10C5200038B5054600F056FA2846FFF7EAFF040042
:10C530000AD000F0B5F8064B00902A461B6800218F
:10C540009847684600F0DCF801F07AF8204638BDDC
:10C550000001001010B5040011D000F03BFA0848AB
:10C56000042101EBC401406B4158486802F0C8FF48
:10C57000204604F0FBF9BDE8104001F061B810BDA1
:10C5800040020010002808D00449CA6B0260002253
:10C590004260026802B15060C863704740020010F8
:10C5A0002DE9F041044604F03DF82848E41C24F04D
:10C5B0000305016C2D1DA94200D90D46C46B13E083
:10C5C00054F8042CAA420ED184B1216809B16268E2
:10C5D0004A60616809B122680A60C26BA24231D127
:10C5E0002168C1632EE02468002CE9D18046816B6C
:10C5F000C0680F1857F8040C3E1A306838B1002094
:10C6000004F010FA57F8040C3E1A3068D0B970687C
:10C61000A84217DB3044441B3046241D04F0BAF90D
:10C62000D8F80C10491BC8F80C10D8F8141029447D
:10C63000C8F814107068401B02D0314602F060FF49
:10C6400044F8045C2046BDE8F08100004002001080
:10C6500010B5002403F0E6FF0C490F2001EBC002E7
:10C66000526C1AB101EBC000406C08E0401EF5D5D9
:10C6700008E04168A14200D90C46806810B180688A
:10C680000028F6D1A4F10C0010BD000040020010FB
:10C6900002488169491C8161704700004002001016
:10C6A0000549CA69521CCA61496B01EBC0010A788D
:10C6B000521C0A7000F03CB84002001010B500F0A7
:10C6C00089F9FFF7C5FF64220849B0F5800F04D946
:10C6D00090FBF2F4086A444303E0096A4143B1FB6A
:10C6E000F2F400F0ADFF204610BD00004002001043
:10C6F00002488169491E81617047000040020010B4
:10C700000A4902684B6B52F8082C03EBC2021378FB
:10C71000022B03D3CB690BB15B1ECB611178491E91
:10C7200011700021016008467047000040020010AF
:10C730000349042202EBC000496B085808307047D7
:10C74000400200102DE9F0411C4616460D460746F2
:10C75000022B02DB0020BDE8F0811C20FFF720FF48
:10C760000028F8D00DB105610AE0094A52F82410FA
:10C7700009B905E011460A68002AFBD1096901617F
:10C7800084618682002101604160C0E90217E2E70E
:10C7900054000010FFF7F6BE70B5C0B38269022ADC
:10C7A00036DA2149531C0C789C4200DA0B701F4C7E
:10C7B00054F8221019B944F8220032E019464B68A7
:10C7C000002BFBD106E0CB68C5681B682D68AB4227
:10C7D00003DD09680029F6D11AE0C1B1CB68C6684B
:10C7E0001B683668B3420CD1838A012B05D008E060
:10C7F0001946DB681B68AB4203DB0B68002BF7D1E3
:10C8000029B14B6833B118604A68426004E0FFE721
:10C81000012070BD44F822004860884200D1002108
:10C820000160002070BD00006E0000105400001078
:10C8300010B503E00468FFF7AFFF20460028F9D1E8
:10C8400010BD000010B50C4B8269002153F8224046
:10C85000844205D1046843F82240026802B1516065
:10C8600042680AB10368136002680AB14368536002
:10C870000160416010BD00005400001000207047AE
:10C88000022801DB00207047054951F8200004E030
:10C89000C16809680029F6D000680028F8D17047FF
:10C8A000540000102DE9F0410446F5F7ADF80619E3
:10C8B000164F1FE000F02EF83868844200DD044671
:10C8C000A04600F087F812480568FFF7E1FE2C004B
:10C8D00017D000BF00F0B4FE641EFBD14046F5F750
:10C8E00081F81DB100F076F86D1EFBD1FFF700FF57
:10C8F00000F0A6FEF5F788F8341A002CDADCBDE863
:10C90000F0814046F5F76EF8F0E70000780000107F
:10C910003001001010B5002400E0012400F004F8FC
:10C920000028FAD1204610BD0B4810B5006800243D
:10C9300010B1804700B1012401F0F2FF00B10124E1
:10C940000648006810B1804700B10124044800681F
:10C9500000B18047204610BD280000105C00001088
:10C9600020000010034951F82000C1688A6A08219C
:10C97000104700005400001070B50C46054600F04A
:10C9800029F82146284601F0A3F9BDE8704000F0DF
:10C9900057BE0000024951F8200000690068704746
:10C9A00054000010024951F82000006940687047A7
:10C9B0005400001070B50C46054600F00BF8044812
:10C9C00000684584848400F03BFE002070BD0000B8
:10C9D0001C00001070B5184CE06820B1F5F710F895
:10C9E0006168884204D0F5F713F8F5F709F860603C
:10C9F000E068401CE06001281CD103F0DDFD054625
:10CA00002068854216D0002813DBFFF737FF014668
:10CA10002068C0EB0012206900EBC2025167C5EB31
:10CA20000511064A00EBC100011D1160406FFFF7C0
:10CA3000FFFE256070BD0000240100101C000010E6
:10CA40001CB5040004D10E480068C46D002C16D03B
:10CA5000FFF7C0FF2046FFF723FE009044696846B9
:10CA6000FFF74EFE4CB12046FFF71AFE0190816899
:10CA70008968884701A8FFF743FE00F0E1FD1CBD6F
:10CA80001C00001001490A4600F002B801F0FFFF47
:10CA90002DE9F04387B015460C465FEA000846D002
:10CAA000FFF798FF002000F013FC81462148006842
:10CAB000C66D4046FFF7F4FD00900068806900F005
:10CAC000D5FB074640F6FF70C44204D10098B0F988
:10CAD0000440B0F906500098611E0289ADF8044088
:10CAE0001144ADF808104189681E0844ADF806509D
:10CAF000ADF80A0001F048FE6846FFF701FE01A804
:10CB000002F0F0F906E02A462146404600F0D0FA4D
:10CB100002F0BCF90028F6D1384600F0A7FB3046F9
:10CB200000F090F9484600F0D3FB00F089FD07B013
:10CB3000BDE8F0831C0000102DE9FE4F9846914699
:10CB40008A46834600270C9EFFF744FF1848194980
:10CB50000068407C51F82040E1680968042903D04E
:10CB60002468002CF8D100E01CB9FFF789FE041EF0
:10CB70001BD0E0680121C26A20469047050011D011
:10CB80002469A0688047401C02D10B4C46F0010686
:10CB90000096CDE9015443464A465146584600F0B6
:10CBA000E5F9074600F04CFD3846BDE8FE8F000071
:10CBB0001C000010540000108C20010838B504003F
:10CBC0001CD0FFF707FF0E480068C06DA04201D1DE
:10CBD00000F03EFB2046FFF763FD0090406908B17E
:10CBE00000F017FD00980068FFF7D4FD6846FFF7D6
:10CBF00087FD2046FFF7AEFC00F022FD38BD0000A7
:10CC00001C0000102DE9FF4F83B09A468B46074663
:10CC1000FFF7E0FEDFF83891D9F80000447C4D487A
:10CC200000570128204606DD01F0FCFA05462046A3
:10CC300001F004FB05E001F0E3FA0546204601F0AF
:10CC4000E5FA04461FB302A901A8FFF795FEB7F95C
:10CC50000000002800DA0020B7F902608046002EAC
:10CC600000DA002601984119B7F90400491E03F0C3
:10CC700067FD054602980119B7F90600491E03F041
:10CC80005FFDA5EB0802841B521C641C03E04FF0FF
:10CC9000000846462A46BAF1000F01D1C4F1000A45
:10CCA000002A51DD002C4FDD10980090534631468C
:10CCB0004046FFF741FF5FEA000A10D000F07CF821
:10CCC0000746A04206D0D9F80000406C10B13221CE
:10CCD00002F08EFB504600F0B5F8002523E05946DF
:10CCE0000598884700F0ACFC012007B0BDE8F08F44
:10CCF000611BB94202DA504600F088F83DB1721962
:10CD00004146504600F0C6F85046FFF799FE594696
:10CD1000059888471048016809B1002088475046A7
:10CD2000FFF7B0FE3D44A542E2DB5046FFF746FF69
:10CD3000002000F087F8A74206D0D9F80000406C28
:10CD400010B1332102F054FB00F07AFC0020CCE754
:10CD50001C0000106C0000106401001038B50500C4
:10CD60004FF0000411D0FFF735FE2846FFF798FC7E
:10CD70000090006800698068804701F0EBFC044681
:10CD80006846FFF7BDFC00F05BFC204638BD38B5B7
:10CD900004000ED0FFF71EFE2046FFF781FC00F1D5
:10CDA000180400906846FFF7ABFC00F049FC2046F1
:10CDB00038BD002038BD000038B504460025FFF717
:10CDC00009FE1CB908480068C46D44B12046FFF74D
:10CDD00067FC0090B0F90A506846FFF791FC00F03C
:10CDE0002FFC284638BD00001C00001070B5054619
:10CDF0000024284602F06EFC641C18B1BDE87040A7
:10CE000000F07AB8052CF4DB70BD000038B50C4694
:10CE1000050004D10A480068C56D002D0FD0FFF74A
:10CE2000D9FD2846FFF73CFC0090B0F90A10A1425A
:10CE300000DD44816846FFF763FC00F001FC38BD6B
:10CE40001C000010F8B50546FFF7C4FD104E306811
:10CE5000C46DCDB10CB100F0FBF901F09FFC284688
:10CE6000FFF71EFC00903168CD650068FFF794FC69
:10CE70006846FFF745FC01F053FB01F02BFB00BFB8
:10CE800000F0DEFB2046F8BD00F0E2F9F8E7000014
:10CE90001C0000107CB515460E46040004D1154850
:10CEA0000068C46D002C24D0FFF794FD2046FFF7E6
:10CEB000F7FB2DB20090C58034B2848001F00AFBEC
:10CEC0000098406980B1FFF7EBFB009A0190B2F93E
:10CED00008108180B2F90A20C28011B10AB1048021
:10CEE000458001A8FFF70CFC6846FFF709FC00F03D
:10CEF000A7FB7CBD1C00001001490A4600F002B8E7
:10CF000001F0FFFF7FB515460C4606002DD0FFF758
:10CF100061FD3046FFF7C4FB40F6FF710190CC4243
:10CF200003D1B0F90440B0F906500289611E1144E2
:10CF3000ADF80840ADF80C104189681E0844ADF802
:10CF40000E00ADF80A5001A8FFF7DAFB02A801F0C5
:10CF5000C9FF06E02A462146304600F091F801F06C
:10CF600095FF0028F6D100F06BFB7FBD2DE9FF4F48
:10CF7000DFF8E8B083B01C46DBF80010DDE9106094
:10CF800092464FF000084B7C42461299FFF7DAFBBD
:10CF9000050060D028698068804701F0DBFB81468E
:10CFA0000AFB09F1C91DCF08FFF788FBF10705D17E
:10CFB000C11700EB9170801000EB4000002C09DCE1
:10CFC0001FB11838B0FBF7F000E000206442A04227
:10CFD00000DC0446F00707D10090DDE90301234699
:10CFE000524600F09BFA8046002C03DC2846FFF7EF
:10CFF000D1FB30E004FB07F01830F10702D0FFF757
:10D0000080FA01E0FFF78CFA06001CD0FFF748FB1E
:10D0100001900560039981800499C180A0F808A05F
:10D020004481C0F81480C0E9037901A8FFF768FBC8
:10D030001298AE602861DBF80000407CA8613046A1
:10D0400007B0BDE8F08F2846FFF7A4FBB8F1000059
:10D0500001D0FFF77FFA0020F2E700001C0000106B
:10D06000054B30B41B68054C5B7C54F823301B69BE
:10D0700030BC03F0DBBD00001C00001054000010A9
:10D08000F8B515460E460746FFF70AFB0090006804
:10D090001621C068426A0020904704466846FFF7A0
:10D0A0002FFB002C03D02A4631463846A047F8BD56
:10D0B000F8B516460F46050012D0FFF7F1FA0090BA
:10D0C00044696846FFF71CFB2846FFF747FE034606
:10D0D000082800DD2CB132463946284603F070FEA0
:10D0E000F8BD32463946284604F00AF8F8BD10B5B6
:10D0F000002821D009B30AB3B1F90040B2F90030D9
:10D100009C4200DA23460380B1F90240B2F90230B2
:10D110009C4200DA23464380B1F90440B2F904305E
:10D120009C4200DD23468380B1F90610B2F9062047
:10D13000914200DC1146C18010BD11460A680260B0
:10D140004968416010BD00280BD003880B44038060
:10D15000838819448180418811444180C1881144E9
:10D16000C180704770B50025FFF734FC094CD4E945
:10D17000002082420AD0D2E90056104603F048FA55
:10D1800020603146284601F0CBFC012500F058FA1A
:10D19000284670BD140100102DE9FC41154DDDE954
:10D1A00008742D68B5F90860864200DD3046B5F98F
:10D1B0000C60964200DA3246824219DBB5F90A6009
:10D1C0008E4200DD3146B5F90E509D4200DA2B4605
:10D1D0008B420DDB00E02C46E5682D6825B1042D5F
:10D1E00002D02568002DF6D1CDE9007401F05CF87D
:10D1F000BDE8FC811C000010B0F90220B1F9063036
:10D200009A4213DCB1F90220B0F906309A420DDCE3
:10D21000B0F90020B1F904309A4207DCB1F90010EE
:10D22000B0F90400814201DC012070470020704702
:10D230000146024870220068F3F7D6B91C000010BE
:10D24000024970220968F3F7CFB900001C000010F2
:10D2500010B5FFF7BFFB01F0F3F801F061F901F041
:10D2600093FABDE8104000F0EBB9000070B50B4D2B
:10D2700004462868467CFFF7ADFB022C09D2204605
:10D28000FFF7FEFA28B128684474FFF7E1FF04486D
:10D29000046000F0D5F9304670BD00001C0000109D
:10D2A0008C00001010B50446FFF794FB204601F0F7
:10D2B000E7F8BDE8104000F0C3B910B50446FFF729
:10D2C00089FB204601F014F9BDE8104000F0B8B920
:10D2D00010B50446FFF77EFB204601F01BF904461B
:10D2E00000F0AEF9204610BD70B50446FFF772FBA2
:10D2F00004480068C56904B1C46100F0A1F928467A
:10D3000070BD00001C00001070B50546FFF762FB01
:10D3100003480068847E857600F092F9204670BD4F
:10D320001C00001070B50546FFF754FB0348006869
:10D33000047E057600F084F9204670BD1C000010C4
:10D3400070B50446FFF746FB04480068B0F92C505E
:10D35000848500F075F9284670BD00001C0000109F
:10D3600070B50446FFF736FB04480068B0F92A5050
:10D37000448500F065F9284670BD00001C000010CF
:10D3800002480068002800D00047704740010010A4
:10D3900010B504000ED0FFF71DFB204603F014FB70
:10D3A000204603F013FC2046FFF7D4F8BDE81040F8
:10D3B00000F046B910BD38B50C46050011D0FFF796
:10D3C00009FB2846FFF76CF900908089204201D0C4
:10D3D000012400E000246846FFF792F900F030F9DC
:10D3E00000E00124204638BD38B5054600202860FD
:10D3F0000648046844B12046FFF752F900900069DE
:10D4000028606846FFF77CF9204638BDA00100106F
:10D4100038B504004FF000000D46086011D02046DA
:10D42000FFF73EF90090846844B16846FFF768F959
:10D430002046FFF735F90090006928606846FFF73D
:10D440005FF9204638BD2DE9F0411E46069C17467F
:10D45000884605463A46A8687F1C3346D0F804C083
:10D4600041462846E047641EF4D1BDE8F08170B51E
:10D47000B0F90040091BB0F904408C422CDD00F1EA
:10D480001404B0F902500069521B02FB0040CA1894
:10D4900000EBE104521ED010B0EBE10501F00703F0
:10D4A0004FF0FF0102F0070221FA03F0C2F1070278
:10D4B00001FA02F1CEB221780FD001436D1E04F8BB
:10D4C000011B002D05DDFF2229462046F3F7C9F890
:10D4D0002C4420783043207070BD304001432170CF
:10D4E00070BD10B5B0F90030B0F90240C91A00F1B2
:10D4F00014030069121B02FB003000EBE10001F095
:10D50000070302788021D9400A43027010BDB0F9A8
:10D510000610026951431430F3F7D5B82DE9F843EA
:10D52000804602F10F000011470003FB07F01C4684
:10D53000154689461430FEF7F3FF060018D0FFF7B2
:10D5400049FA3046FFF7ACF80090A0F80080A0F848
:10D5500002908580C4800749816001218181076133
:10D560006846FFF7CDF800F06BF83046BDE8F88369
:10D570000020FBE71821010870B5B0F90660B0F98A
:10D5800004400B6800F1140596421BDD0069A342BC
:10D5900002FB005000EBE30214DA641EE010A0EB83
:10D5A000E30512F8010B03F00704A040C4B206E043
:10D5B00045B1083312F8014B23F007036D1E002C10
:10D5C000F6D004E0002070BD6006040E5B1C20064F
:10D5D000FAD5FF2C07D0184602E06406240E401C42
:10D5E0006606FAD400E0D81DC443640705D006E0FF
:10D5F00012F8014BFF2C09D108306D1EF8D5C01A66
:10D60000401C0B6070BD6206140E401C2206FAD44A
:10D61000F5E738B50546FFF7DDF92846FFF740F88E
:10D6200000908189491E0CB284816846FFF768F832
:10D6300014B92846FEF78EFF00F002F838BD00004E
:10D640000348C168491EC16001D1F4F7EDB97047C4
:10D65000240100100EB508B102AA00E00022002348
:10D6600001A9684600F0E6FA0EBD0000074910B5B2
:10D670000C7818B101200870801E03E000200870AB
:10D680006FF07F4000F078FC204610BD09000010CC
:10D6900010B5082A0EDC0346012A18D0022A56D0FB
:10D6A000042A76D010F8042B03F8012B491EF9D177
:10D6B000012010BD102A08DC4FEA000230F8043BBC
:10D6C00022F8023B491EF9D1F2E7002010BD10F804
:10D6D000042BD207120E491E34D010F8044B491EF9
:10D6E00004F0010442EA84122CD010F8044B491EC5
:10D6F00004F0010442EA441224D010F8044B491EFD
:10D7000004F0010442EA04121CD010F8044B491E34
:10D7100004F0010442EAC40214D010F8044B491E7C
:10D7200004F0010442EA84020CD010F8044B491EB4
:10D7300004F0010442EA440204D010F8044B04F05F
:10D740000104224303F8012B0029C0D1B0E710F8EF
:10D75000042B9207120E491E15D010F8044B491ED7
:10D7600004F0030442EA04120DD010F8044B491EE1
:10D7700004F0030442EA840205D010F8044B04F0DC
:10D7800003042243491E03F8012B0029DFD18FE750
:10D79000FFE710F8042B1207120E491E05D010F8EF
:10D7A000044B04F00F042243491E03F8012B002907
:10D7B000EFD17DE738B50024009400F001F838BDC2
:10D7C0002DE9F0410D460699044601B901461F684E
:10D7D000082A09DC0E46012A1AD0022A5BD0042A44
:10D7E0007DD0082A13D18DE0102A07DCD3F810C0B1
:10D7F0000E46BCF1000F04D0022389E00020BDE8F2
:10D80000F08101CCB84726F8020B6D1EF9D189E0F2
:10D8100001CCB847C0074FEA10686D1E36D001CC66
:10D82000B84748EA801000F0FF086D1E2ED001CCEA
:10D83000B84748EA401000F0FF086D1E26D001CC22
:10D84000B84748EA001000F0FF086D1E1ED001CC5A
:10D85000B84748EAC00000F0FF086D1E16D001CCA2
:10D86000B84748EA800000F0FF086D1E0ED001CCDA
:10D87000B84748EA400000F0FF086D1E06D001CC12
:10D88000B84740EA080000F0FF086D1E06F8018B5B
:10D89000002DBDD146E001CCB84780074FEA1068A3
:10D8A0006D1E16D001CCB84748EA001000F0FF0802
:10D8B0006D1E0ED001CCB84748EA800000F0FF088A
:10D8C0006D1E06D001CCB84740EA080000F0FF0802
:10D8D0006D1E06F8018B002DDDD123E0FFE701CCA2
:10D8E000B84700074FEA10686D1E06D001CCB84754
:10D8F00040EA080000F0FF086D1E06F8018B002DBD
:10D90000EDD10FE0D3F810C0BCF1000F04D001231B
:10D910002A462046E04705E001CCB84706F8010B4F
:10D920006D1EF9D101206AE72DE9FF4F8DB000206F
:10D93000DDF86C90164600901D4604460246C9F874
:10D94000000008AB03A902A800F074F918B1002088
:10D9500011B0BDE8F08F0898854200DD0546604FA4
:10D960000B9560493868407C51F820100491096992
:10D970000691FEF7F7FF05903868407CFFF712F834
:10D9800059498346884201D0012000E000200A90D6
:10D9900001CE1A9988478246000E079077D00098EA
:10D9A00070BB0D9800EB04084D480068B0F9080002
:10D9B000404503DDA0EB0807804600E00027029900
:10D9C000049801EB840101EB8701CDE900100B996C
:10D9D0000D98421809920E9B40461946521EFFF7B9
:10D9E000DBFB01200090059818280ADA0298DDE98F
:10D9F000052300EB840000EB8700E91B00F078F8BA
:10DA000012E00A9880B1029800EB840000EB8707CF
:10DA10000998A0EB080859463868884701C7A8F15B
:10DA200001005FEA0008F6D1304BD86980B3DDE928
:10DA3000020700EB840007EB8402CDE902022B4CC5
:10DA4000361F2B46E46930460299A047FF20316813
:10DA5000B0EB116F02D10299096804E0029A1268D2
:10DA6000B0EB126F01D1039A1160029906F104061E
:10DA7000091D02910399091D03916D1EE7D10397BA
:10DA8000D9F8000040F00100C9F8000021E022E0D0
:10DA9000FFE70798FF2812D0C0F1FF0202981B6829
:10DAA00050F824102AF07F409847039941F8240049
:10DAB000D9F8000040F00101C9F8001005E0029813
:10DAC000039950F8240041F82400641C6D1E7FF473
:10DAD0005FAF03983CE7039941F824A0E8E7000012
:10DAE0001C00001054000010A5E200087001001096
:10DAF0002DE9F05F0C1E16DD5E68014600EB840523
:10DB0000082A12DC611E012A26D0022A47D0042AE4
:10DB10006AD0082A07D1071917F8010DB04745F850
:10DB2000040D641EF8D1BDE8F09F102AFBDC5F698C
:10DB30003FB12246BC46BDE8F04F02235DF804EB3E
:10DB4000604701EB440700BF37F8020DB04745F8C6
:10DB5000040D641EF8D1E6E700EBE10001F00707D1
:10DB600010F801A98146802020FA07F8B5F10405D4
:10DB70000AEA0800C7F10701C840B04745F80409A0
:10DB80003FB14FEA48604FEA10687F1E641EEFD134
:10DB9000C9E719F801A907274FF00108F6E700EBDC
:10DBA000A10001F0030710F801A981467900C02007
:10DBB00020FA01F84FF0060BB5F104050AEA080057
:10DBC000ABEB4701C840B04745F804093FB14FEA05
:10DBD00088604FEA10687F1E641EEFD1A3E7032719
:10DBE00019F801A9B846F7E700EB6100012710F822
:10DBF00001A9A7438146B900F02020FA01F84FF0AF
:10DC0000040B2D1F0AEA0800ABEB8701C840B047A0
:10DC100045F804093FB14FEA08704FEA10687F1ECB
:10DC2000641EEFD17FE719F801A901274FF00F0813
:10DC3000F6E700002DE9F047224C06461F46A06992
:10DC400090468946002540B90120A06104F12801D1
:10DC50001D480860084600F05FF9606930B91B484C
:10DC60000068606110B900F0CEFA606107B13860F9
:10DC70004EB1A06830B960698000FEF791FCA060E9
:10DC800000B901253060B9F1000F0AD0E06830B961
:10DC900060698000FEF784FCE06000B90125C9F8E6
:10DCA0000000B8F1000F0AD0206930B96069800027
:10DCB000FEF776FC206100B90125C8F8000028466F
:10DCC000BDE8F08770010010B9070108640000107A
:10DCD000044AB2F9002002600348B0F9000008606D
:10DCE000704700007400001076000010B0F900309A
:10DCF000B1F90020934200DA0280B0F90230B1F9A4
:10DD00000220934200DA4280B0F90430B1F90420D5
:10DD1000934200DD8280B0F90620B1F906108A42F4
:10DD200000DDC180704770B5B1F90040B2F9003034
:10DD30009C4200DD23460380B1F90250B2F9024053
:10DD4000A54200DD2C464480B1F90460B2F90450CC
:10DD5000AE4200DA35468580B1F90610B2F90620E8
:10DD6000914200DB1146C1809D4201DBA14201DAF4
:10DD7000002070BD012070BD014602480068407C53
:10DD800000F002B81C0000102DE9F8430126894676
:10DD9000044602285DDA304F7A6802B190472E4D72
:10DDA0005FEA090005F1100532D0012803D0B9F16E
:10DDB000020F4ED118E055F8240088B92046FEF72E
:10DDC0005FFD009018B3C0680D21426A6846904715
:10DDD00002003ED049460098904755F8240000269E
:10DDE000401C45F8240034E02046FEF749FD009031
:10DDF00068B1C0680D21426A68469047040028D087
:10DE0000386800B1804749460098A047002620E0C6
:10DE100055F82400A846012812D12046FEF730FD0F
:10DE2000009068B1C0680D21426A684690470500BD
:10DE300006D0386800B1804749460098A8470026B8
:10DE400058F8241009B1012200E00022891A48F88C
:10DE500024103046BDE8F883E800001030B581F0AA
:10DE60007F43FF2480F07F4094EA116101D120F0CC
:10DE70007F43010E11FB02F1B1FBF4F100F0FF153D
:10DE8000C1F1FF0203F0FF14544301FB05444FF0BE
:10DE9000FF15240A05EA1323C0F30720534340F07B
:10DEA000807001FB003104F0FF1001F0FF210843F6
:10DEB00080F07F4030BD00002DE9F05F0646DDF8C0
:10DEC000389015460C4600200D99804688421ED297
:10DED000DFF840B00C9F4FF0FF0A02CE08CCAAEB4F
:10DEE000116202FB09F2B2FBFAF0C2B221F07F40EC
:10DEF0001946DBF80030984720F07F4001C57F1EAF
:10DF0000EBD10A9804EB800408F10100DCE7BDE8DE
:10DF1000F09F00007001001002490A6B4260086324
:10DF2000704700000800001070B5FF23104CB3EBE1
:10DF3000116F05D12346050E1B680AD0FF2D14D0A2
:10DF40000C4B02EB0212D2B21B68984721680840C2
:10DF500070BD514201EB01114FF07F4220F07F4034
:10DF600002EB01610843184070BD01EA030070BD77
:10DF7000B40100107001001002490A6808601046E0
:10DF800070470000B40100100449054A0968497C43
:10DF900052F8211009690968084700001C000010A8
:10DFA000540000102DE9F04F05468DB07B48DDF898
:10DFB00060901A9C00681E4617464FF0000A78B120
:10DFC0001B9B199ACDF808900593CDE90324DDE950
:10DFD0001623CDE90023046833463A46284680E0FC
:10DFE000DDE9160201EB060805EB070C1043A8F16A
:10DFF0000108ACF1010C012806D0C9F10800059018
:10E00000002002910990C6E065480268B2F90A3022
:10E01000581A002806DD361A002E63DD1946199BB2
:10E0200000FB0344B2F90E00A8EB0000002802DD5B
:10E03000361A002E56DDB2F90C00ACEB00000028B9
:10E0400000DD3F1AB2F908300020AB4235DD581B25
:10E050003F1A4B46B9F1080F26D006DC012B0BD036
:10E06000022B11D0042B28D116E0102B1ED0182B18
:10E070001FD0202B21D11CE020F0070304EBE0048B
:10E080001D4400F0070018E020F0030304EBA00497
:10E090001D4400F0030010E020F0010304EB6004D5
:10E0A0001D4400F0010008E0044404E004EB4004D7
:10E0B00001E004EB800405440020002F12DD1B9BCF
:10E0C000DDF864C0CDE90403CDE90069CDE902C4FF
:10E0D000527C34483B4650F82200C26854680A46D5
:10E0E0002946A0470DB0BDE8F08F17990298084463
:10E0F0000C902B49401E00900A68B2F90A30834206
:10E1000041DCB2F90E10029881423CDB4FF0000B6B
:10E11000D84603950A9434E0BBF1000F05D10A9864
:10E120004FF0080B10F801AB0A900599ABEB090B07
:10E130003AFA01F00AFA09F101F0FF0A04D118498C
:10E140000968097C890716D415490968C96B0A68EA
:10E150000B921B9A0AB152F8200008601699039896
:10E16000009B4218521E029900F01EF80C490B98B1
:10E170000968C96B08600399169808F101080844FA
:10E180000390B845C8DB0998401C09900C98029090
:10E19000199804440998B042A7DBA3E77000001067
:10E1A0001C0000105400001038B5134C2468B4F95A
:10E1B0000850854200DD2846B4F90C50954200DA3B
:10E1C0002A46824217DBB4F90A508D4200DD294607
:10E1D000B4F90E509D4200DA2B468B420BDB0093C4
:10E1E000647C064B53F82440E3681D6913460A46D5
:10E1F00001462046A84738BD1C00001054000010FE
:10E20000032102F081B9032002F096B9042102F043
:10E210007BB90000024801210068407C02F074B91B
:10E220001C000010012102F06FB900000248022119
:10E230000068407C02F068B91C000010022102F066
:10E2400063B900F001B800002DE9F041060008D0E4
:10E25000B76837B11248816819B13468B4F5807F66
:10E2600002DD0020BDE8F08101688C4200DD0C4633
:10E270000025804609E000BF57F82500FFF784FE1F
:10E28000D8F8081041F825006D1CA542F4DBD8F839
:10E290000410444609B130468847A068E2E7000010
:10E2A00050010010704700002DE9FF4F83B0164663
:10E2B000DDE910408B46C0684769426A7AB10121A6
:10E2C00011A8904705000AD00698CDE9000433460E
:10E2D0005A4603991198A84707B0BDE8F08F5748F0
:10E2E0000068407CFEF73EFB8246082801DC0120E6
:10E2F00005E0BAF1100F01DC022000E004208046A6
:10E30000002596E04046B8F1010F05D0022871D0F3
:10E31000B8F1040F25D17CE0BAF1090F21D2DFE872
:10E320000AF08605213F3F5959595900039815E0D5
:10E3300001465A461198B847C5F1070188404FF683
:10E340007F722178EA40114001436D1C217004EB7B
:10E35000E50425F00700054109F101008146B042BE
:10E36000E6DD64E0039817E001465A461198B84785
:10E370000621A1EB450188406B004FF63F722178E2
:10E38000DA40114001436D1C217004EBA50425F017
:10E390000300054109F101008146B042E4DD46E099
:10E3A000039813E001465A461198B8470421A1EB9F
:10E3B000850188402178AB000F229A40114001432B
:10E3C00021702C4485F0010509F101008146B0421D
:10E3D000E8DD2CE0DDF80C9007E001465A46119884
:10E3E000B847207009F1010944444846B145F4DDBD
:10E3F0001DE0FFE7DDF80C9007E001465A46119852
:10E40000B847208009F1010944444846B145F4DD8C
:10E410000DE0DDF80C9007E001465A461198B84728
:10E42000206009F1010944444846B145F4DD0BF18F
:10E43000010B06998B457FF765AF4DE71C00001077
:10E4400010B50D4C0D492068407C51F8200048B1B2
:10E45000C16811B10968042901D00068F7E708B163
:10E46000FEF7F0F920680021C16500F10801416163
:10E47000BDE8104000F02EB81C0000105400001041
:10E4800001490968496808474C01001004490968B6
:10E490000A7C520701D5C96B00E0896B08607047A0
:10E4A0001C0000107CB5094C05462068417C0848DA
:10E4B00050F82100C1680A6B6946904720686A4697
:10E4C00029460830FFF72FFC7CBD00001C0000101F
:10E4D000540000100448016804484A7C083150F890
:10E4E0002200C268126B10471C000010540000107C
:10E4F00001490968096808474C0100100449096886
:10E500000A7C520701D5896B00E0C96B086070472F
:10E510001C00001001490968896808474C01001077
:10E5200010B5074C2068006BFFF72EFDFFF7E6FFE4
:10E530002068406BFFF728FDBDE81040FFF7A6BF3D
:10E540001C0000102DE9FF4F8DB01746674ADDF81B
:10E5500070901E9E209812681D4600248AB11D9B53
:10E560001F98CDE90293CDE90460DDE91A03CDE9F6
:10E57000000314682B463A460D98A04711B0BDE839
:10E58000F08F0D9A01EB050802EB070CDDE91A2369
:10E590001A43A8F10108ACF1010C012A06D0C9F117
:10E5A00008004FF0000B029105909CE0504A126861
:10E5B000B2F90A40631A002B06DDED1A002DDDDDED
:10E5C00021461D9C03FB0466B2F90E30A8EB030341
:10E5D000002B02DDED1A002DD0DDB2F90C30ACEBD2
:10E5E0000303002B00DDFF1A0D9B1C1AB2F9083043
:10E5F000A3420DDDA3EB040C0CEB0003181A20F072
:10E6000007000444A7EB0C0706EBE30603F0070042
:10E61000002FB3DDDDF874C01F9BCDE902C6CDE944
:10E620000403CDE90059527C32483B4650F82200A1
:10E63000C26855680A462146A8479FE71B99029879
:10E6400008440C902A49401E00900A68B2F90A302A
:10E65000834242DCB2F90E10029881423DDB4FF05A
:10E66000000A0D980A96D046039034E0BAF1000FE4
:10E6700005D10A984FF0080A10F8014B0A90059945
:10E68000AAEB090A34FA01F004FA09F4E4B204D15D
:10E6900017490968097C890717D415490968C96BA6
:10E6A0000A680B921F9A0AB152F820000860039979
:10E6B0001A98009B0A18DDE90210521EFFF774FD3C
:10E6C0000B490B980968C96B086003991A9808F1FF
:10E6D000010808440390B845C8DB0C9802901D98C7
:10E6E0000BF1010B0644AB45A8DB47E770000010B7
:10E6F0001C00001054000010002818D0410817D04A
:10E70000810817D0C10817D0010917D0410917D0C7
:10E71000010A17D0410A17D0010B15D0C10B13D035
:10E72000010C11D0810C11D0000E11D020207047A7
:10E730000120704702207047032070470420704773
:10E74000052070470820704710207047122070473E
:10E750001820704700B50022FFF7CEFF012804D033
:10E76000811E062903D808220BE0012209E0A0F14E
:10E770000901072901D8102203E011380F2800D819
:10E780002022104600BD000003480121006800F867
:10E79000501F0021417070471C000010064910B541
:10E7A0000968002081F85000FEF714F9FFF792FE87
:10E7B000BDE81040FEF744BF1C00001010B5044631
:10E7C000C168D4E90020172A0DD004DC0E2A0CD031
:10E7D000142A07D104E0222A0CD0282A02D10BE007
:10E7E00000F038FB0020E06010BD2146BDE810407D
:10E7F00000F05FBA0248F6E7BDE8104000F046B905
:10E80000EFCDABFF38B5040010D0FEF7E3F820469B
:10E81000FDF746FF00900068FEF7BAFD6846FDF779
:10E820006FFF2046FDF796FEFEF70AFF38BD000099
:10E83000F8B5050070D0FEF7CDF8284600F050FC82
:10E84000002867D0284600F041FB07460B212846E8
:10E8500000F0E1FD284600F0C0FA2846FDF720FF51
:10E860000090406A08B1FEF7A9F92C4C002104F190
:10E870006402E163206952F82030AB4201D142F8D2
:10E880002010264A5C3252F82030AB4201D142F8C7
:10E890002010A06904E04368AB4200D141600068E9
:10E8A0000028F8D10721284600F031F9009800F03F
:10E8B000B9FF284600F0BAFA60690CE0FDF738FFAE
:10E8C000064640692946A84205D10846FDF730FFB3
:10E8D0004069706101E00028F0D10098806AC107AA
:10E8E00002D0E16A491EE162800602D5A088401E7E
:10E8F000A0806846FDF704FF6088401E60802846BF
:10E90000FDF728FE002F05DB04484C3050F82700A7
:10E9100000F0A0F9FEF794FEF8BD00007C000010A6
:10E9200070B50025FEF756F81B4CA06B10B1804760
:10E9300000E0012501F0D8FB0028FAD11748006853
:10E9400090F8500038B1A08828B1A06A012620B103
:10E950000068804704E0002602E00120FFF70CFA7F
:10E96000FEF76EFE00E0012501F0A4FB0028FAD1BD
:10E97000FEF730F8E069064309D0A06A20B140688C
:10E9800080470020E06002E00020FFF7F5F9FEF785
:10E9900057FE284670BD00007C0000101C000010CF
:10E9A000034804490068407C51F82000704700008B
:10E9B0001C000010C800001010B5040007D0FEF7BE
:10E9C00009F82046FDF7B4FEC469FEF739FE20467B
:10E9D00010BD10B5040007D0FDF7FCFF2046FDF781
:10E9E000A7FE8469FEF72CFE204610BD70B5050019
:10E9F0004FF0000408D0FDF7EDFF2846FDF798FE24
:10EA0000B0F90040FEF71CFE204670BD70B586B020
:10EA10000D46060031D0FDF7DDFF3046FDF740FE24
:10EA20000090846AA10723D5D0E90010CDE9011038
:10EA3000E00302D5304600F0D5FA5DB128680390B6
:10EA40006868049003A9009800F098F903A901A848
:10EA5000FFF74CF9314601A800F098F940B140F6B3
:10EA600001000440012C0AD001A9304600F0B6FA9A
:10EA70006846FDF745FEFEF7E3FD06B070BD009861
:10EA8000026A816901A800F027FBF1E70021FFF786
:10EA9000BDBFFEB515460E4604001CD0FDF700FEB6
:10EAA0000246009090F82800800711D5314601A851
:10EAB000FFF739F960B16846FDF722FE2A4601A941
:10EAC000204601F0F5FD2046FFF776FF04460CE0F6
:10EAD0006846FDF715FEFEBD2A4601A92046FFF750
:10EAE000D8FF2046FDF724FE046A002CF4D1FEBDB9
:10EAF00070B514460D460646FDF76CFF22462946C2
:10EB0000304600F0FDFABDE87040FEF799BD1FB534
:10EB1000262203910092694600F0CBF81FBD000049
:10EB200070B586B00D4606460024FDF753FF0B492D
:10EB30000948096850F8210048B10E210595009157
:10EB400004A9CDE90316694600F034FC0124FEF760
:10EB500077FD06B0204670BDE00000108C0000106C
:10EB600070B5154606468AB00C4651EA05006FD0CE
:10EB7000002E6DD0FDF72EFF3046FDF791FD05907C
:10EB8000D0E90012CDE90212CDE906127CB1816A0A
:10EB90000A0607D5890505D4BDF81810091BADF87C
:10EBA000181004E0BDF81C102144ADF81C107DB114
:10EBB000816ACA0507D5490505D4BDF81A10491B55
:10EBC000ADF81A1004E0BDF81E102944ADF81E106F
:10EBD000806AC00302D5304600F004FA05AB93E822
:10EBE0000700C0E9001290F8280080070AD506AA9D
:10EBF00002A908A8FEF77BFA0598026A816908A8AD
:10EC000000F06AFABDF91E00BDF90E10401A00901E
:10EC1000BDF91C00BDF90C10431ABDF91A00BDF96D
:10EC20000A10421ABDF91800BDF90810411A0598DA
:10EC300000F0F8FB059901F10800FFF757F80521EE
:10EC4000304600F0E8FB05A8FDF75AFDFEF7F8FC9A
:10EC50000AB070BD70B50446FDF7BCFE0C4D2868C7
:10EC6000466C0CB90B494C694464204600F098FB93
:10EC7000FFF730FC2046FDF75BFD2968B0F9002066
:10EC80008A64B0F90200C864FEF7DAFC304670BD51
:10EC90001C0000107C00001070B50C460546FDF706
:10ECA00099FE2146284600F0A3FBBDE87040FEF720
:10ECB000C7BC70B50C0005460DD0FDF78BFE28468D
:10ECC000FFF787FE18B12146A56000F073FBBDE891
:10ECD0007040FEF7B5BC70BD10B5FDF725FB0249CD
:10ECE00000200968086410BD1C000010F8B5164625
:10ECF0000C4605001DD0FDF76DFE2846FDF7D0FC43
:10ED00000090B0F90410B0F90020891A641AB0F923
:10ED10000610B0F90200641E081A361A6846761EFC
:10ED2000FDF7EEFC324621462846FFF719FFFEF7B5
:10ED300087FCF8BD0EB50E48006890F8501009B178
:10ED40000C4811E0406CFDF7ABFC0090D0E90010DE
:10ED5000CDE901106846FDF7D3FC0748016B11B1FE
:10ED600001A800F013F801A801F0BCFE0EBD0000E0
:10ED70001C000010840300107C0000100B46B0F94A
:10ED80000220B0F900101846FEF7DDB938B50C4680
:10ED900005462046FDF784FC0146009090F82800C7
:10EDA000800703D46846FDF7ABFC12E02846FEF767
:10EDB0009DFF0098806920B104466846FDF7A0FCDD
:10EDC000E7E76846FDF79CFC204600F035FD00288B
:10EDD00001DA002038BD012038BDF8B50546FDF741
:10EDE000F9FD6846FEF700FB1AE001212046FEF718
:10EDF000E2FA009981B178B10846FDF799FC4068C4
:10EE0000A84209D169462046009EFEF701FB044650
:10EE10003046FFF7F7FC04E069462046FEF7F8FAB3
:10EE20000446002CE1D1FEF70BFCF8BD38B50446D2
:10EE3000FDF736FC0090816941B1026A00F04CF99F
:10EE4000204600F08DFA0099002088616846FDF7A1
:10EE500057FC38BD38B50C4600280AD0002C08D025
:10EE6000FDF71EFC2146009000F004F86846FDF70F
:10EE700047FC38BD00224A800A8082880388D21A63
:10EE80008A80C2884088101AC88070470D4810B523
:10EE9000006890F85000002806D00B4C60690128EB
:10EEA00003DD401E6061002010BD2069401C206110
:10EEB00001F0AAF918B1FFF73DFF012010BD60690C
:10EEC000EFE700001C0000107C03001010B50446A2
:10EED000FDF72EFC80690028F9D12046BDE81040DE
:10EEE00000F0AABCF0B53A4E074687B0306890F8FB
:10EEF000501041B1374C6169491C6161012909DD3C
:10EF0000012007B0F0BD90F851000028F8D1FFF7BC
:10EF100011FFF5E7406CFDF7C3FB2F4D4FF0FF31BC
:10EF200000902161297821B181680291C068039025
:10EF300007E090F8281089073CD5D0E90010CDE90A
:10EF400002101FB1394602A8FEF7D0FE3068006CEF
:10EF500078B3009804903068006C016805914068AF
:10EF60000690286B30B104A8FDF7CAFB286BFDF7AB
:10EF700097FB049005A90498FFF700FF05A902A8D4
:10EF8000FEF7B4FE0DF11000FDF7BAFB296B19B1C5
:10EF900002A8FFF7FBFEB0B13068416C02A8FFF792
:10EFA000F5FE80B1DDE90201C4E90001FFF76EFF63
:10EFB000A7E706E06069401E60616846FDF7A0FBB8
:10EFC00004E06846E0E76069401E6061002098E761
:10EFD0001C0000107C0300107C000010202201F0B7
:10EFE00067BB000038B5040022D0FDF759FB009044
:10EFF00090F82810890718D5406A40B10D49496B2F
:10F00000A14204D0FDF7DAFD0099002048622046B5
:10F01000FFF7D2FC044606E02046FFF7E3FF204658
:10F02000FDF786FB046A002CF6D16846FDF768FB05
:10F0300038BD00007C00001070B5064615460C4631
:10F040000846FDF775FB806AC00302D54FF4804384
:10F0500000E020232A4621463046BDE87040AFF349
:10F0600000802DE9FF419846164607460D0031D035
:10F070000846FDF715FB0090846A0246A00726D5D6
:10F08000394601A8FEF74FFE08B340F601000440E0
:10F09000012C07D0424601A9284601F009FB00983F
:10F0A000C46912E000984346026A816901A8FFF72B
:10F0B000D8FFF4E7B4420AD0424601A92046FFF740
:10F0C000E8FC2046FDF734FB046A002CF2D16846C8
:10F0D000FDF716FBBDE8FF812023FFF7C2BF00004C
:10F0E00010B5044605484069002802D0A04201D16D
:10F0F000012010BDFDF71CFBF5E700007C000010AF
:10F10000F0B58BB006004FF0000015460C46049099
:10F110000590069007903ED054EA05003BD030465B
:10F12000FDF7BEFA0090D0E90012CDE902122A469E
:10F130002146FEF708F800982A4621460830FEF7D7
:10F1400002F80098C7696846FDF7DAFA2A462146B0
:10F15000384601F0F9FA3046FDF7A2FA009090F82F
:10F16000281089070AD5816941B1026AFFF764FF57
:10F170000098026A816902A8FFF75EFF6846FDF702
:10F18000BFFA0320049007AA08A882E8310004A966
:10F19000304600F00FF90BB0F0BD00002DE9F14151
:10F1A00087B000250798FDF77BFA0190D0E902129D
:10F1B000CDE9031207698669846A01A8FDF7A0FA00
:10F1C00044F2200814EA080F30D0DFB103A80799F1
:10F1D000FFF7DCFDB0B10798FFF73CFD60070DD5E8
:10F1E00056B144F30000401C0090002307AA1149C7
:10F1F00003A8FDF707FD05E00120F5E7079800F0FB
:10F2000063F801250798FDF74BFA0190816A21EA1E
:10F21000080181628A0402D541F00401816201A8DB
:10F22000FDF76EFA04498888401E888008B0284699
:10F23000BDE8F081091501087C000010F0B589B027
:10F240000546FDF72DFA0290866A0469D0E902109E
:10F25000CDE9001002A8FDF753FA002C30D0B0071A
:10F260002ED52E212846FFF717FD164C6F46207825
:10F27000401C2070F0044FF00F0609D5CDE904655D
:10F280000797FFF729FD04A9284600F093F810E03E
:10F290003846FFF727FE0AE0CDE904650797FFF738
:10F2A0001BFD04A9284600F085F8FFF7EFFD0028B4
:10F2B000F2D120782F21401E20702846FFF7ECFC69
:10F2C00009B0F0BD7C00001038B50446FDF7E8F940
:10F2D0000090806A40F601010840012805D0684688
:10F2E000FDF70EFA204601F07BFA1448C06A0028A8
:10F2F00023D0204601F0CCFA2046FDF719FA8569A3
:10F30000046A18E02046FDF713FA90F82800C0437D
:10F31000800702D1204601F075FA204601F0B8FAC4
:10F320002046FDF705FA046A002CEBD12846FDF7CC
:10F33000FFF98569046A002DF6D138BD7C00001004
:10F34000B0F90010B0F90420914205DCB0F90210C8
:10F35000B0F90600814201DD0020704701207047AE
:10F3600070B50646FDF7E4F905468069002809D026
:10F37000FDF7DEF90446C069B0420ED1FDF7D8F9B9
:10F38000006AE06170BD00BFFDF7D2F90146006A76
:10F39000B04202D1286A086270BD0028F4D170BD65
:10F3A00010B5FFF793FD002803DBBDE81040FDF723
:10F3B0005DBF10BD70B50D4C06460D462068142883
:10F3C0000DDA3046FDF7B4F901696E6041B120688D
:10F3D000401C2060284688472068401E206070BD81
:10F3E0002846BDE87040FFF7E9B900006C01001045
:10F3F0007FB50546002000900190029003900C46D6
:10F400002846FDF795F90269002A03D06846CDE940
:10F41000004590477FBD1FB5CDE900106946FFF755
:10F42000C9FF1FBD2DE9FF4F81B09B46C66962E051
:10F430003046FDF735F901460090D1E90004896AAC
:10F44000254601F420730246802B09D0B3F5207FB6
:10F45000029B134406D063F30F02029B234405E092
:10F4600002EB0B0363F30F0204EB0B0301F4A06147
:10F4700063F30F04B1F5807F0BD0B1F5A06F039952
:10F480004FEA224307D0194461F31F422314039922
:10F4900006E00E991314194461F31F420E992314C8
:10F4A00019440FFA82FA61F31F440FFA80F9171416
:10F4B0004FEA2048AAEB0901A7EB080251EA020033
:10F4C00002D03046FFF714FB2AB221B2A2EB0900AA
:10F4D000A1EB0A01091AC7EB2440C8EB2542821AA6
:10F4E00051EA020002D03046FFF73AFB0098066A64
:10F4F0006846FDF705F9002E9AD105B0BDE8F08FFA
:10F500002DE9F041214D0C460646E968A86B0844F8
:10F51000A119401E814206D80846096819B94168F8
:10F520000E4401F037FAA86BA0420AD254F8040C3A
:10F53000271A386828B978680644384601F02AFA4C
:10F540003C46304601F008F810281CD205EBC007F5
:10F550003246002120467B6C01F060FB57F8440FD7
:10F56000083400B144602060002060603C6028687E
:10F570003044286095F8291029B9E968081AA96863
:10F58000814200D2A8603046BDE8F0814002001000
:10F590002DE9F041054601F045F82A48046CAC42DB
:10F5A00002D8ED1C25F00304804600680C34A0420C
:10F5B00002D20020BDE8F08101F0B8F9071EF9D0B1
:10F5C000204600F0C9FF414630E000BF01EBC00219
:10F5D000526C52B3956845B36B68A34206D2AA68D1
:10F5E0001AB395680DB36B68A342F8D3D8F84000FE
:10F5F000191B0C301E46814200D23446284601F0C9
:10F60000C9F90421D8F8340001EBC70100234550A3
:10F6100022463946284601F001FBA64203DD29199E
:10F62000301BFFF76DFF3846C4E7401C1028CDD3D0
:10F63000204601F0F7F90028C2D0384601F096F9CB
:10F64000B7E700004002001010B510C80C60194464
:10F65000521EFAD110BD70472DE9F05F9A46DDE9E0
:10F660000A8791460C4605468B46164635F8020B2E
:10F6700041468847B84701C4761EF7D15046BAF1D3
:10F68000200F06D2024649465846BDE8F05FFDF716
:10F69000FFBFBDE8F09F2DE9F05F9A46DDE90A87DC
:10F6A00091460C4605468B46164615F8010B414619
:10F6B0008847B84701C4761EF7D15046BAF1200FEB
:10F6C00006D2024649465846BDE8F05FFDF7E0BF66
:10F6D000BDE8F09F2DE9F04786B08246FCF7E0FFD9
:10F6E0000390D0E90075D0F8249003A8FDF708F83E
:10F6F00029B20FFA87F83E14A1EB0804C6EB2545A2
:10F70000641C6D1C002C01DD002D03DC002006B004
:10F71000BDE8F087B9F1000014D0FCF7C1FF0490F8
:10F72000B0F90440B0F9065004A8FCF7E9FF38B27C
:10F73000A04201D1AE425BD0324641464846FDF779
:10F74000A9FB55E0FFF72CF9824513D1FEF762FDC6
:10F750000746FEF76BFDBC4201DC85420ADDBC4278
:10F7600000DD3C46854200DD05462A4621465046DE
:10F77000FFF7BCFA254A264901208DE807003146EB
:10F7800040462B462246FDF7F1FB06465046FCF765
:10F7900087FF0390466286B3816A41F480318162BB
:10F7A00003A8FCF7ADFF3046FDF74CFB07460120F0
:10F7B000FDF75CFF3046FDF7EAFA174B15496C433D
:10F7C0001B68A20009789847144E154C5046C6F89D
:10F7D00000A02568FFF70AF920605046FFF72EFDCC
:10F7E000002025603060FDF741FF3846FDF72AFB19
:10F7F0005046FCF79DFF406A89E7FFE703A8FCF746
:10F800007FFF5046FFF71AFD80E700008C200108BB
:10F81000E42001086801001000010010B000001091
:10F820006800001010B50446E069FFF701F8E069D0
:10F830000028F9D110BD00000146064A002000BF93
:10F8400052F820308B4204D0401C0228F8DB4FF0E5
:10F85000FF307047C80000102DE9FF4F81B091467E
:10F86000DDE90E82DFF800B198F80050C2F108041B
:10F870008A461BF80550DDE91071D5403B4A139EBE
:10F880005B461268127C12F0030220D0012A03D0DA
:10F89000022A30D0032A64D100698068804720F0B2
:10F8A0007F405946BC4200D93C463F1BEA0702D084
:10F8B0003268424032606D08641E06F10406F5D1DC
:10F8C000002F4ED018F8012F08248D5CEAE7184667
:10F8D000BC4200D93C463F1B05F001026D0851F8BF
:10F8E0002220641E04C6F7D1002F3AD018F8012F49
:10F8F0000824855CECE748680090BC4200D93C468F
:10F900003F1BBAF1000F17D095B1E80708D0DAF81D
:10F9100008004946049A03685046984700983060AA
:10F9200009F10109641E06F1040612D06D08EBE727
:10F9300006EB8406A1440CE04DB1E80701D0009825
:10F940003060641E06F1040603D06D08F4E706EB90
:10F950008406002F05D018F8011F08241BF8015059
:10F96000CBE705B0BDE8F08F841F01081C00001034
:10F970002DE9FF5F8B460FA9DDF8388091E821045F
:10F98000C0F10401CCB298F80010400081402F482B
:10F99000129F91460068CEB2007C10F0030004D0A4
:10F9A000012839D002284ED113E0AC4200DDECB280
:10F9B0002D1BB1095AF8210001C7B006060E641EBE
:10F9C00014F0FF04F5D1002D3DD0042418F8016F88
:10F9D000EBE7AC4200DDECB22D1BB0090DD0B10954
:10F9E000BBF1000F5AF82100386006D0DBF80800A0
:10F9F0004946039A036858469847B006060E641EA7
:10FA00003F1D09F1010914F0FF04E6D1002D1AD0C1
:10FA1000042418F8016FDCE7AC4200DDECB22D1BCA
:10FA2000B00903D0386880F0FF003860B006060ED9
:10FA3000641E3F1D14F0FF04F2D1002D03D00424F6
:10FA400018F8016FE8E7BDE8FF9F00001C000010F8
:10FA50002DE9F0479946DDE908540A9F92465FEA8E
:10FA60000108064608D0D8F8080023464A46D0F8D0
:10FA700004C051464046E0473069DFF88090C168D5
:10FA800039B1A20029463846D9F80030BDE8F04720
:10FA900018474168002088474FEA106828462146E9
:10FAA0004246002608C81B0E934201D106F101060A
:10FAB000A1F1010101D10029F4D166B1D9F80030DA
:10FAC0004FEA860229463846984707EB860705EB3A
:10FAD0008605A41B0DE02868010EFF2906D2084BFD
:10FAE000C1F1FF0239681B6898473860641E2D1DFC
:10FAF0003F1D002CD2D1BDE8F087000004010010AA
:10FB0000700100102DE9F05F92460BAA894692E839
:10FB100042010A9F9B468B003A78C1F102009A404D
:10FB2000D5B24D4A0E9CC0B21268127C12F003028C
:10FB30001BD0012A79D0022A37D1C1B328090DD0B0
:10FB40002909B9F1000F58F82100206006D0D9F832
:10FB500008005A465146036848469847241D0AF152
:10FB6000010A17F8015F761E49E031B12909761EB6
:10FB700058F8210001C417F8015F022E0FDB701046
:10FB800006F001062A09401E58F8221005F00F025F
:10FB900002C458F8221002C417F8015FF2D1002EF7
:10FBA00003D0290958F821002060BDE8F09F26E025
:10FBB00028090DD02909B9F1000F58F8210020605B
:10FBC00006D0D9F808005A46514603684846984777
:10FBD00015F00F000DD058F820006060B9F1000F4B
:10FBE00007D0D9F808005A460AF1010103684846CF
:10FBF000984717F8015F08340AF1020AB61E022E70
:10FC0000D6DA002ED1D02809CFD058F820002060B5
:10FC1000B9F1000FC9D0D9F808005A465146036817
:10FC20004846BDE8F05F1847FFE7B04200DDF0B29C
:10FC3000361AA90903D0216881F0FF012160290744
:10FC40000D0E401E241D10F0FF00F2D1002EACD08E
:10FC5000022017F8015FE8E71C0000102DE9FF4FB4
:10FC60000C46A5498DB00868DDE91A96DDE91D87C7
:10FC7000C06D00287ED0FCF713FD0690406908B1E6
:10FC8000FCF70EFD0A900698C068089006A8FCF7DD
:10FC900037FDE0190E900A9858B197490968097C18
:10FCA000890706D40EACCDF8009094E80E00FDF75D
:10FCB000CAFBDDE90E0101F0C5FB0446182E15DB79
:10FCC000002510E01098CDF80080CDE901040F98D0
:10FCD0000A992B18DDE90D02FFF7BAFE1C986D1C7E
:10FCE0008044089804444D45ECDBFBE0102E05D021
:10FCF000082E42D01F98002877D0ACE0002036E0D4
:10FD00000E98029009990F98DDF828A008440190F8
:10FD1000DDF840B0464625465FEA0A0007D0DAF82B
:10FD20000800DDE9012147685B465046B8470D9958
:10FD300030880969496888472860BAF1000F06D001
:10FD4000DAF80800DDE90121036850469847029877
:10FD50002D1D401C0290ABF10100B61C5FEA000BA8
:10FD6000E5D108981C99044409988844401C0990DE
:10FD7000484500E0BCE0C3DBB4E0002065E01F982C
:10FD800000280A9832D00090DDE90EA10BEB0100AB
:10FD900001901F9803905848109F454600682646DA
:10FDA000007C10F0030002D0022848D108E015F8CA
:10FDB000011B03987F1E50F8210001C6F7D13EE0D9
:10FDC000287858B1039951F820003060009828B184
:10FDD000806851460368DDE9000298476D1C361DB6
:10FDE0000AF1010A7F1EEBD129E032E00490DDE93F
:10FDF0000EA058440B904048109F45460068264688
:10FE0000007C10F0030002D0022818D106E03B4B22
:10FE10003A4641461B682046984710E0287840B192
:10FE20003060049828B1806851460B9A03680498A2
:10FE300098476D1C361D0AF1010A7F1EEED1089805
:10FE40001C99044488440BF101008346484596DB25
:10FE500048E02B481F90002542E0012E04D0022EDE
:10FE60001CD0042E37D128E023480068C06DFCF771
:10FE700017FC0690CDF800801F9A10990594CDE9E3
:10FE80000320CDE901710F980A992B18DDE90D02C5
:10FE9000FFF7E2FC06A8FCF733FC1CE010991F9862
:10FEA000CDE90087CDE902100F9804942B18DDE905
:10FEB0000D020A99FFF75CFD0DE010991F98CDE93E
:10FEC0000087CDE902100F9804942B18DDE90D028C
:10FED0000A99FFF717FE1C990898884404446D1C82
:10FEE0004D45BADB0A98002802D00AA8FCF708FCA6
:10FEF00011B0BDE8F08F00001C00001004010010DC
:10FF0000A420010808B5009200F02AF908BD0000FD
:10FF10002DE9F041134E9CB00125F46B04B97469CE
:10FF20006846FDF78DF910480068D0E90C875CB190
:10FF30002046FFF733F900B16D1E2046FCF7F8FBB1
:10FF400044690CB1002DF3D14046F463FDF7B5F9D7
:10FF50003846FDF7A7F96846FDF76AF91CB0BDE819
:10FF6000F08100007C0000101C0000102DE9FC470F
:10FF7000284F1E46154638688946C06DFCF790FB31
:10FF80000190406908B1FCF78BFB00902946484678
:10FF900001F058FA396804460198CA6B097CD0F818
:10FFA0000C801768C90716D0006800698068804710
:10FFB00020F07F47009820B181682A460B684946A7
:10FFC000984720686D1C784020600198B542C06851
:10FFD0000444EFDD13E0009858B100982A46816888
:10FFE0000B684946984727606D1C4444B542F4DDD0
:10FFF00005E0701B401C27604444401EFBD101A853
:020000040801F1
:10000000FCF77EFB0098002802D06846FCF778FBDE
:10001000BDE8FC871C0000102DE9F047234C0427A5
:10002000E06AE0B1206907EBD0014518E800FFF76E
:10003000AFFA060038D0616B07EBC600B9460F581F
:1000400020691B4BC20008371B683846D4F82C8047
:1000500098476763E6624A46691E20690EE01348C6
:10006000C030D0E901100830B1FBF0F5AD1CDDE780
:10007000666B431C02EBC007401CF3518842F7D368
:10008000636B09EBC0000021195020696062616850
:10009000281A084425616060B8F1000001D0FCF71F
:1000A00059FA0020BDE8F0870120FBE7400200106C
:1000B000040100100A4810B5006890F8500068B1BB
:1000C000084CA08850B1FCF785FCFFF721FFFDF735
:1000D000B7FAA088002800D0012010BD002010BD74
:1000E0001C0000107C000010F8B51A4D286CE8B117
:1000F000FCF770FC6C6913E02046FCF7D1FA009025
:10010000018D090408D5264644696846FCF7F8FACB
:100110003046FEF78DFB03E044696846FCF7F0FAD1
:10012000002CE9D100202864FDF78AFA686A00B142
:1001300080470948006808B1804738B90748006817
:1001400090F8500020B1FDF70DF808B10120F8BD7E
:100150000020F8BD7C000010600000101C000010A2
:100160002DE9FE4F274E1F46144630680D46DDF838
:100170003090C06DFCF794FA01902146284601F0BA
:1001800061F9791B01F1010A316880460198C96B58
:10019000D0F80CB00E68406968B3FCF781FAA9EB9F
:1001A0000401491C00915346224602902946FDF75E
:1001B0004AF902A8FCF7A4FA1DE012480068007C86
:1001C000C0070ED001985746454600680069806810
:1001D000804720F07F402968414002C57F1EFAD148
:1001E00007E0BAF1000004DD01464046491E40C068
:1001F000FCD1D844641C4C45DFDD01A8FCF780FA33
:10020000BDE8FE8F1C000010FEB54F4CD4E9020182
:10021000CDE90001206970B3A089401C00B2ADF89F
:1002200000006189ADF80210B4F90410884207DDBE
:100230002088ADF80000E08910F10100ADF802005F
:10024000BDF90200B4F90610884274DC3F4D2868FD
:10025000406CFCF725FA0290BDF90000B4F90010DB
:10026000884220D1E088ADF80600A088ADF80400EF
:100270002868406C0FE0FFE72088ADF80000608838
:10028000DCE700BFFCF754FA0646006A0022694624
:1002900000F0D5F8B0690028F4D102980022694630
:1002A000C06900F0CCF8BDF80000ADF80400286883
:1002B000406C0AE0FCF73CFA0646006A00226946F8
:1002C00000F046F80028EED1B0690028F2D102987B
:1002D00000226946C06900F03BF80028E3D1B4F978
:1002E0000400BDF90010ADF80400884207DADDE92A
:1002F0000001C4E9020102A8FCF702FA98E72868A5
:10030000406C08E0FCF714FA0546006A00226946D2
:1003100000F05CF8A8690028F4D102980022694630
:10032000C06900F053F802A8FCF7EAF9206944F626
:100330002061884201DD0020FEBDDDE90001C4E945
:1003400002010120FEBD00007C0300101C00001013
:10035000FEB517460E460546002433E02846FCF756
:100360009FF90090856A0146A80726D527B13A462D
:1003700001A8FDF7D8FC03E0D1E90001CDE90101B6
:1003800001A93046FCF738FFB8B1E80702D0009861
:10039000C56910E0BDF80800401C308001240CE065
:1003A00001AA31462846FFF7D3FF00B101242846B1
:1003B000FCF7BEF9056A002DF2D10098056A68467F
:1003C000FCF79EF9002DC9D12046FEBDFEB51646AC
:1003D0000D46044630E02046FCF762F90090846A3E
:1003E0000146A00723D526B1324601A8FDF79BFCA4
:1003F00003E0D1E90001CDE9010101A92846FCF79C
:10040000FBFEA0B1E00702D00098C4690DE0BDF882
:100410000400401EA8800AE001AA29462046FFF7F2
:10042000D5FF2046FCF784F9046A002CF4D100982B
:10043000046A6846FCF764F9002CCCD1FEBDFEB519
:1004400016460D4604464AE02046FCF729F900907E
:10045000846A0146A0073DD526B1324601A8FDF7C2
:1004600062FC03E0D1E90001CDE9010101A92846C0
:10047000FCF7C2FE10B3E00702D00098C46927E081
:1004800000983EB1B0F90210B6F90200814203DDD6
:10049000084601E0B0F90200B5F90210814207DA1E
:1004A000BDF90600B5F90610401E05E0E88011E030
:1004B000BDF90A00B5F906108842F7DB0AE001AA87
:1004C00029462046FFF7BBFF2046FCF731F9046AB6
:1004D000002CF4D10098046A6846FCF711F9002C4E
:1004E000B2D1FEBDFCF736B8012901D0002070471B
:1004F00000487047E4200108162901D00020704709
:100500000048704761D0000870B500240D460228ED
:1005100007DAFCF7B5F920B1C1688A6A2946904725
:100520000446204670BD082901D0002070472020D5
:1005300070474FF0FF30704770B500240646012524
:1005400031462846FFF7E0FF844200DA04466D1E7C
:10055000F6D5204670BD00000146054A0F2000BFB9
:1005600002EBC0031B6C8B4201D9401EF8D57047CB
:100570004002001010B50846114600F063FF006805
:1005800010BD38B50C468068FCF78AF8009080886A
:1005900020800098C088608000988188028911447A
:1005A000491EA180C18840890844401EE0806846F9
:1005B000FCF7A6F838BD000070B500240C4D0CE027
:1005C000F1F71EFA2A69C4EB041152F83110814286
:1005D00001D1204670BD29B1641CA8688442EFDBBC
:1005E000002070BDC4EB041142F83100F1E70000B7
:1005F00024010010054A904201D1503A01E000F177
:10060000080209B18A4200D010467047E403001086
:100610000021FFF7EFBF10B50468184410C1521E47
:10062000FAD110BD2DE9F0411F4C94F828000028A4
:1006300038D101251D4884F82850102204F1C0014A
:1006400002600B4688685B6808B9980888605A2081
:100650002062002002FA00F604EBC007401C3E6452
:100660001028F7D309680222C8181438C4E90D010C
:10067000C4E903320020042105E0636B421C01EB56
:10068000C006401C9A512269521E8242F5D865620A
:100690002069401E6060A16BE068FEF731FFFFF744
:1006A000BBFC2563BDE8F08140020010040000108F
:1006B000FEB514460E460546FCF73AF80090836AEC
:1006C000980739D53046FEF73BFE002834D040F677
:1006D00001000340012B2FD02846FBF7E1FF024623
:1006E0000090314601A8FDF71EFB01A8FEF728FE89
:1006F000F8B1009944F22002886A104205D008310E
:1007000001AA0846FCF7F3FC13E0DDE901232043CE
:100710000A4C8862C1E90223A088401CA0802846B8
:10072000FEF7D4FB01218140E0680143E160FCF762
:1007300027FE6846FBF7E4FFFEBD00007C000010CA
:10074000884200DD084670472DE9F0478AB004462C
:10075000002091468A4601900290039006AE4FF029
:100760000308049022E02046FBF79AFF4A465146D0
:100770000090FCF7E8FC00984A4651460830FCF728
:10078000E2FC0098D0E907576846FBF7B9FF4A46F4
:1007900051462846FFF7D8FFCDF80480CDE906A9D9
:1007A00001A920460496FEF705FE3C46002CDAD14E
:1007B0000AB0BDE8F087000010B5084CA068FBF750
:1007C000E1FEE068FBF7DEFE2069FBF7DBFE0020C0
:1007D0002061E060A0606061A06110BD7001001048
:1007E00010B50446FBF7A4FF806AC00301D5034996
:1007F00000E003492046BDE810400847EDCD000861
:100800003DF200082DE9FC411F4C80462068406CF9
:10081000FBF746FF00904046FBF742FF0146019080
:1008200000980830FCF7E8FC28B32068DDE90021D7
:10083000D0E9125601F108000832FDF774FA684653
:10084000FBF75EFF114FC7F8308001992068B1F9BE
:1008500000208264B1F90210C16401A8FBF750FFC7
:100860004046FFF7BDFF002038632068C0E91256FC
:100870000120BDE8FC816846FBF742FF01A8FBF7B9
:100880003FFF0020F5E700001C0000107C00001076
:100890002DE9FC410546FBF703FF009090F8281076
:1008A00089073DD5C46939E02046FBF7F9FE019080
:1008B00090F82810C94389072BD100990831FCF71B
:1008C0009BFC30B30098D0E902676846FBF718FF3D
:1008D00001A8FBF715FF2046FFF794FF70B12046F3
:1008E000FBF726FF01902046FFF7D2FF2046FBF7DB
:1008F0001FFF01902846FBF71BFF00902846FBF7DF
:10090000CFFE00902046FBF7CBFE01900098C0E997
:1009100002670198046A01A8FBF7F2FE002CC3D11C
:100920006846FBF7EDFEBDE8FC81000010B50E4CFB
:100930006168206B814209D8401E2063FFF76CFB81
:10094000216B491C216308B1002010BD606804229E
:10095000401E6060606A616B02EBC0028A5862628E
:10096000012201F8302010BD40020010084910B5E6
:100970004A680424521C4A604B6B04EBC0044A6A68
:100980001A514B6B002203F83020486210BD000062
:100990004002001010B504464068FFF7DDFD102846
:1009A0000DD2084963680A68D21A0A6001EBC002D6
:1009B000D4E90201443200B1416009B1086010BDC0
:1009C000106010BD400200107CB5050026D0144C0C
:1009D0002068A84206D1FBF763FE00908068206083
:1009E000684612E0044694B12046FBF759FE019098
:1009F0008068A8420DD1FBF753FE019900908068F2
:100A000088606846FBF77CFE01A8FBF779FE0020B2
:100A10007CBD044601A8FBF773FEE4E701207CBD22
:100A2000A00100102DE9F05FDFF894808346D8F82C
:100A30003840D8F80C10601E0F182046D0E9001579
:100A4000B9BB6619BE4236D2D6E9001989B3D8F8C7
:100A5000343013F83130012B2DD1D8F82C209142AD
:100A600001D1012100E000218A46FFF793FF3068A1
:100A7000D8F83410042202EBC0004A460C5031462C
:100A80002046EFF76BFDBAF1000F05D0D8F834100F
:100A9000321B891AC8F8341004EB09012846FEF706
:100AA0002FFDBBF1000F05D0834503D80020BDE822
:100AB000F09F00E04D462C44BC42BED30120F6E737
:100AC00040020010064910B509684A6B824206D000
:100AD0004863FDF759FABDE81040FDF7D7BC10BDDB
:100AE0001C0000101FB504460F480168086C38B19F
:100AF00002680292406803900C48006B18B901E04C
:100B000020460EE0486CFBF7CBFD02A90090FEF7F3
:100B100035F96846FBF7F4FD214602A8FDF7E6F833
:100B200002A8FDF7BFFC1FBD1C0000107C000010D8
:100B3000064910B509680A6B824206D00863FDF7C2
:100B400023FABDE81040FDF7D9BC10BD1C00001011
:100B500030B509490B681A7C82EA0004640707D59E
:100B60009C6BDB6B25681B6823600B68DB6B1D606F
:100B700009680874104630BD1C0000100068C36886
:100B80001B6A18477CB510481E46144600680D467F
:100B9000C06DFBF785FD01902146284600F052FC10
:100BA00006600198406950B1FBF77AFD00908168BA
:100BB00022460B68294698476846FBF7A1FD01A825
:100BC000FBF79EFD7CBD00001C0000107CB50500FD
:100BD00020D0FBF765FD104900904C68AC4214D161
:100BE0004068486013E02046FBF75AFD01904468D6
:100BF000AC4207D1009801994068486001A8FBF712
:100C00007FFD04E001A8FBF77BFD002CEBD16846DB
:100C1000FBF776FD7CBD0000A0010010006180E8BC
:100C20000E00104440F8042C704700002DE9FF4FDF
:100C30008DB0154689460D98FBF732FD0990B0F945
:100C400008100691B0F90A600068006940680790D2
:100C500009A8FBF755FD574F57493868407C51F8B4
:100C60002000C1688A6A082190478346182801D36A
:100C7000202003E0BBF1030F01D108208346109828
:100C80001099406809680B914C49884201D00120B5
:100C900000E000200A900020FCF7DCFC00287CD15A
:100CA0003868069CB0F90C2009EB0401891A491E2A
:100CB000002900DD641AB0F90810494505DDA1EBF3
:100CC00009018944641A089101E000210891002C6F
:100CD0006CDDB0F90E20A919891A491E002902DD20
:100CE000A6EB010800E0B046B0F90A00854204DA3C
:100CF000461B3544A8EB060800E00026B8F1000FBB
:100D000054DD08980190DDE906710CAA8A460D9819
:100D10000092FCF73CF8774300EB87010198009ABA
:100D200001EB8000CDE900A2024623462946484651
:100D3000FCF7FAFD0090002838D00A98F0B15A4626
:100D40002146109B0098FCF735FDB8B91098DDF8E6
:100D500018A0009FD0F810C0BCF1000F05D00423EC
:100D6000524639463846E04708E00B9938688847CC
:100D700001C7AAF101005FEA000AF6D1009900203C
:100D8000CDE90301059001200090CDE9010B294632
:100D900003466D1C2246484600E007E0FDF702F9D5
:100DA000A8F10100761C5FEA0008AAD111B0BDE8E5
:100DB000F08F00001C00001054000010A5E2000895
:100DC0002DE9F74FCC489EB09246D0E90010CDE90E
:100DD0001B101E98FBF764FC1390D0E90445B0F992
:100DE0000810D0F80C800E91B0F90A101591006827
:100DF000C24E0069406817903068407CFBF7B2FD36
:100E000011903068407CFBF7CDFD814613A8FBF7BD
:100E100077FC082C01D8012004E0102C01D8022016
:100E200000E004208346012C1BD00027179848457A
:100E300075D03068407CFBF7ADFD18900E988000AF
:100E4000FBF75FFB199000286AD01E98FBF79FFF05
:100E50008146002D79D02846FBF722FC00261A9007
:100E60009AE01BAFE2E7002009901A9832468168A9
:100E70004B6909A998470E990546884227D11998C8
:100E8000FBF70EFC1690DDE91712CDE900120146C2
:100E9000119B082C2A46484602D9FEF7DDFB01E0EB
:100EA000FEF7F9FB03AB0020169A119983E8850041
:100EB00001200090CDE9010103460AEB06010E9ADC
:100EC0001F98FDF76FF816A8FBF71AFC62E0012CDB
:100ED00022D05DE00998C21700EB527309EBE302E0
:100EE00000F007010492CDE90571012101AB0091E9
:100EF00083E812011F9A0AEB0601104401232A46D7
:100F0000FDF720FB09983246284409901A98816819
:100F10004B6909A998470546002DDBD13AE055E019
:100F200051E01998FBF7BCFB1690099A844602FB26
:100F30000B90DDE91712CDE90012119B082C2A460F
:100F4000614603D9FEF788FB02E02DE0FEF7A3FB24
:100F500003AB0020169A119983E8850001200090C8
:100F6000CDE90101099A1F980AEB060110440123FB
:100F70002A46FDF717F816A8FBF7C2FB0998324678
:100F8000284409901A9881684B6909A99847054631
:100F9000002DC6D1C144761C15988642FFF663AF7A
:100FA0001AA8FBF7ADFB0BE0012001A90597009003
:100FB00081E811035146159B0E9A1F98FCF7F2FF2A
:100FC0001998FBF7C7FA21B0BDE8F08F1E98FBF720
:100FD000DEFE8146002D7DD02846FBF761FB002513
:100FE0001A9073E0002009901A982A4681684B698C
:100FF00009A998470E99064688421DD1119500E02F
:101000006D1C1A986A1C81684B6909A99847B042FF
:10101000F6D0012001A90597009081E811031198ED
:101020000E9A2E1A0AEB0001731C1F98FCF7BAFFE8
:10103000761C06FB089047E0012C22D040E009987E
:10104000C11700EB517309EBE301CDE9041700F080
:101050000702012101AB0692009183E812011F9A59
:101060000AEB0501104401233246FDF76BFA09989B
:101070002A46304409901A9881684B6909A9984713
:101080000646002EDBD11DE0099A01AB02FB0B9056
:10109000CDE904070120009083E811011F980AEBB5
:1010A0000501104401233246FCF77CFF09982A46CB
:1010B000304409901A9881684B6909A998470646F7
:1010C000002EE1D109EB080081466D1C1598854280
:1010D00088DB00E003E01AA8FBF712FB73E70120AE
:1010E00001A90597009081E811035146159B0E9ABE
:1010F0001F98FCF757FF66E7842001081C000010CA
:101100002DE9FF4F97B01C4615461798FBF7C8FA14
:101110000F90B0F908A0B0F90A90C168019100F1F0
:10112000180100910068D0F810B00FA8FBF7E8FA9A
:10113000DBF804001190C148C1490068407C51F8B7
:1011400020100F69D7F80080FBF70CFC082801D8A5
:10115000012604E0102801D8022600E00426BB4541
:1011600012D1DDE900020021CDE904010120CDE921
:101170000242009001904B46524629461898FCF7CF
:1011800011FF1BB0BDE8F08F202C2ED0102CF8D111
:1011900016FB0AF0FBF7B5F914900028F1D0FBF725
:1011A0007FFA13901798FBF77BFA0F90396900F1DB
:1011B0001804002972D0DBF814100029FAD0B0F915
:1011C00008008000FBF79DF90C90002867D0FBF722
:1011D00067FA0A90002848D04FEAC608012E7DD051
:1011E000022E7CD0042E7BD1D0E016FB0AF0FBF758
:1011F00088F914900028C4D0FBF752FA139017987E
:10120000FBF74EFA00F118040F90386998B34FF0CD
:10121000010B4FEAC608012E04D0022E07D0042E7F
:101220000ED123E013990123D7F810C003E01399DE
:10123000D7F810C0022352462046E04704EB8A0448
:10124000139A0020CDE90302CDF800B00590CDE956
:1012500001B829466D1C012352461898FCF7A2FEDE
:10126000A9F101005FEA0009D5D146E013990423F2
:10127000D7F810C0DFE7FFE75746012E04D0022E53
:101280000ED0042E1FD115E0DDF84CB001CC414644
:1012900088470BF8010B7F1EF8D114E086E036E09A
:1012A000DDF84CB001CC414688472BF8020B7F1E7D
:1012B000F8D108E0DDF84CB001CC414688474BF846
:1012C000040B7F1EF8D10020F100139ACDE9021023
:1012D000CDE9042001200090294602E01AE026E032
:1012E00037E0034601906D1C52461898FCF75AFEF1
:1012F000A9F101005FEA0009BED10FA8FBF700FACF
:1013000013A8FBF7FDF91498FBF724F939E700203F
:101310000A90F2E713980190DBF814C002235246BA
:1013200020460A99E0470123D7F810C00BE0139834
:101330000190DBF814C00223524620460A99E04788
:10134000D7F810C00223524601990A98E04704EBEF
:101350004A04139A0020CDE9030205900120009071
:10136000CDE90108294603466D1C52461898FCF742
:1013700019FEA9F101005FEA00097FF42FAF0AA866
:10138000FBF7BEF90C98FBF7E5F8B6E71398099060
:10139000DBF814C00223524620460A99E047DDE9F3
:1013A000091004235246D7F810C0CFE75746012E44
:1013B00004D0022E0FD0042E28D11AE0DDF84CB054
:1013C000119934F8020B8847414688470BF8010B06
:1013D0007F1EF5D11AE0DDF84CB000BF119934F84A
:1013E000020B8847414688472BF8020B7F1EF5D138
:1013F0000CE0DDF84CB000BF119934F8020B8847BF
:10140000414688474BF8040B7F1EF5D10020F100C0
:10141000139ACDE90210CDE904200120009029465D
:10142000034601906D1C52461898FCF7BBFDA9F1CC
:1014300001005FEA0009B9D15FE700001C0000105D
:101440005400001038B505460C480C460068C06DC5
:10145000FBF726F90090B0F90620C36800F11801E7
:10146000A21A02FB0311B0F9040001EB8501A1EB04
:1014700080046846FBF744F9204638BD1C00001084
:10148000FEB5144815460E460068C06DFBF708F916
:10149000019029463046FFF7D5FF044601980068C1
:1014A00000698068804720F07F41206848402060C4
:1014B0000198406950B1FBF7F3F8009081682A4623
:1014C0000B68314698476846FBF71AF901A8FBF705
:1014D00017F9FEBD1C00001003B4019841000098EC
:1014E00050EAC12018BF04204A0D18BF40F0010087
:1014F00040F2FF72B2EB515F08BF40F002000128DA
:1015000008BF052002B07047F8B50F4C07462068A9
:10151000406CFBF7C5F800902268D0E90256D2E98A
:101520000212C0E902126846FBF7EAF83868FDF7D4
:10153000CBFE2068406CFBF7B3F80090C0E9025680
:101540006846FBF7DDF8F8BD1C00001030380A28AB
:1015500001D20120704700207047000010B500291B
:101560000AD00878002807D005487844EFF7D4F867
:10157000002801D0002010BD0248784410BD0000B2
:101580004A0E0000420E000010B500290AD008786B
:10159000002807D005487844EFF7BEF8002801D0AE
:1015A000002010BD0248784410BD00003A0E000033
:1015B000320E00004FEA41034FEA5353A3F5806314
:1015C000D3F11E03C8BFD3F1210C0CDD4FF0004254
:1015D00042EAC12242EA505232FA03FC8CEAE17C30
:1015E000ACEBE1707047102BC4BF0020704703F5CF
:1015F000787CBCF1FF3F04D06FF0004282EA21000A
:10160000704770B500F0C6F84992248000207047FA
:10161000F2E710F0004248BF4042B0FA80F310FAFF
:1016200003F10AD0C3F11D0303F5806302EB0352FB
:101630004FEA415002EBD12170474FF00000704754
:1016400070B5DFF848C11CEA111E1EBF1CEA131555
:101650009EEA0C0F95EA0C0F00F06F8081EA0304FC
:101660004EEAD47EAE4421EA4C1123EA4C1341F4F5
:10167000801143F48013AEF17F7EA1FB024CA0FBEE
:101680000365361955EB0C05A1FB034C4CF1000327
:10169000A0FB021C16EB0C06654153F10003094246
:1016A00018BF46F0010613F4007F0BD14FEA033157
:1016B0004FEA053041EA155140EA165034036FF005
:1016C00003020AE04FEAC3214FEAC52041EA55511F
:1016D00040EA5650F4026FF0020202EB2E4201EB98
:1016E000025585EACE710AD05FEA440C18BF24F097
:1016F000004450F1000041F1000120EAD47040F2B2
:10170000FE7C624500D270BDA84214BF4FF08044F9
:101710004FF04044002E08BF0024BEF1806FA8BFE8
:10172000A1F1C041BDE8704080F2828001F1C0416A
:1017300001F000414FF0000070470CEA13159EEADB
:101740000C0F18BF95EA0C0F06D081EA030E4FF07C
:1017500000000EF0004170BD00F01CF88900013E51
:1017600000F007B800F009B84FEA430C5FEA5C5C90
:1017700008D081EA030100F05BB84FEA410C5FEA50
:101780005C5CF6D102494FF0000070470000FF0793
:101790000000F87F0EF1020E2EF0030E5EF8046BCF
:1017A000364205D4012A43EB030515F5001F12D874
:1017B000012841EB010C1CF5001F0CD80ED14FEA9B
:1017C000D17C0CEB4C0C0CF1020C15F5001F08BF82
:1017D0004CEBD37C04E04FF0080C01E04FEAD37CE3
:1017E0000CEB4C0526FA05F606F00706B6F1040CDC
:1017F00006D20EEB860CBDE870404CF0010C604741
:10180000DFE80CF0090B02024FF00041A1F50021C6
:101810004FF0000070BD19461046012851EB01043D
:1018200018BFD4F5001484BF002001F0004170BD42
:101830000808A0F500114FEA31017047F1EE100AD7
:101840004FF6FF71C0F2C03120EA010040F0407055
:10185000E1EE100A7047EFF712BCEFF747BD00004A
:101860000000000000002020202020002000484828
:101870004800000000005050F850F8505000207808
:10188000A07028F02000C0C8102040981800609078
:10189000A040A890680060204000000000001020D8
:1018A0004040402010004020101010204000005008
:1018B00020F820500000002020F820200000000028
:1018C000000000602040000000F800000000000060
:1018D0000000006060000008102040800000708858
:1018E00098A8C88870002060202020207000708890
:1018F00008304080F8007088083008887000103088
:101900005090F8101000F880F008088870003040FF
:1019100080F088887000F8081020404040007088EF
:10192000887088887000708888780810600000606F
:1019300060006060000000006060006020401020D7
:101940004080402010000000F800F80000008040B7
:10195000201020408000708808102000200070882F
:101960000868A8A87000708888F888888800F088BF
:1019700088F08888F0007088808080887000E0900F
:1019800088888890E000F88080F08080F800F880F7
:1019900080F08080800070888080988878008888B7
:1019A00088F8888888007020202020207000381057
:1019B0001010109060008890A0C0A09088008080D7
:1019C00080808080F80088D8A8A8888888008888C7
:1019D000C8A8988888007088888888887000F088EF
:1019E00088F08080800070888888A8906800F088DF
:1019F00088F0A09088007088807008887000F820B7
:101A00002020202020008888888888887000888886
:101A1000888888502000888888A8A8A850008888CE
:101A20005020508888008888885020202000F8089E
:101A300010204080F800704040404040700000801E
:101A4000402010080000701010101010700020507E
:101A500088000000000000000000000000F84020A6
:101A60001000000000000000700878887800808076
:101A7000B0C88888F0000000708080887000080876
:101A800068988888780000007088F8807000304876
:101A900040E04040400000007888887808708080EE
:101AA000B0C88888880020006020202070001000C6
:101AB000301010109060808090A0C0A09000602036
:101AC0002020202070000000D0A888888800000016
:101AD000B0C888888800000070888888700000007E
:101AE000F08888F0808000007888887808080000F6
:101AF000B0C880808000000078807008F00040400E
:101B0000E040404830000000888888986800000065
:101B100088888850200000008888A8A8500000000D
:101B2000885020508800000088888878087000005D
:101B3000F8102040F8001020204020201000202025
:101B400020202020200040202010202040006890ED
:101B50000000000000001820000000000000C0206D
:101B6000000000000000708800000000000050002D
:101B7000000000000000689000000000000000006D
:101B8000006020207000006090F08888B080200005
:101B90007088F8888800200070087888780038609D
:101BA000A0B8E0A0B800704848E848487000E0409D
:101BB0007048487040E00000D02878A05800A0404D
:101BC000A010788870006020302830207000708865
:101BD00098A8C888700000007098A8C8700000001D
:101BE0007088F88888000000F880E080F800000025
:101BF000702020207000000070888888700000002D
:101C0000888888887000000088C8A898880020000C
:101C100020202020200020002040808870001820F4
:101C2000000000000000C020000000000000205064
:101C3000000000000000500000000000000068905C
:101C40000000000000000000000000000020000074
:101C5000000000000000002070A0A0A8702030400C
:101C600040E04048B0000000887050708800885004
:101C7000F820F820200020202000202020003048DC
:101C80002050209060008800000000000000F888CC
:101C9000A8B8A888F80070087888700000000028AC
:101CA00050A050280000000000F8080800000000C4
:101CB000007000000000F888A88898A8F800F800D4
:101CC0000000000000002050200000000000002064
:101CD00070200070000060902040F0000000E010D4
:101CE0006010E0000000182000000000000000006C
:101CF000888888C8B08078989878181818000000EC
:101D000000303000000040C04040E000000070881B
:101D100088887000000000A0502850A00000889023
:101D2000A050B05078108890A040B8081038C0403B
:101D3000C048D8283808008850205088000000206B
:101D400000F800200000103070FC703010002030CF
:101D500038FC38302000002070F8202000000020DF
:101D600020F87020000000082868F86020000004B7
:101D70000408089050209D00FFFF9E00FFFF9F0079
:101D8000FFFFA000FFFFA100FFFFA200FFFFFFFF7A
:101D9000FFFFFFFFFFFFFFFFFFFFFFFFFFFFFFFF53
:101DA000FFFFFFFFFFFFFFFFFFFFFFFFFFFFFFFF43
:101DB000FFFFFFFFFFFF7E00FFFF7600FFFF7F00BA
:101DC000FFFF8000FFFF8100FFFF8200FFFF830015
:101DD000FFFF8400FFFF8500FFFF8600FFFF8700F5
:101DE000FFFF8800FFFF8900FFFF8A00FFFF8B00D5
:101DF000FFFF8C00FFFF8D00FFFF8E00FFFF8F00B5
:101E0000FFFF9000FFFF9100FFFF9200FFFF930094
:101E1000FFFF9400FFFF7D00FFFF9500FFFF96008E
:101E2000FFFF9700FFFF9800FFFF9900FFFF9A0058
:101E3000FFFF7700FFFF70007900700078007000EE
:101E40007A0070007C0070007B006600FFFF680075
:101E5000FFFF23007D0071007900710078007100A0
:101E60007A0071007B0072007900720078007200C5
:101E70007A0072007B006900FFFF75007C00730030
:101E800079007300780073007A0073007C0073009F
:101E90007B009B00FFFF6E00FFFF74007900740061
:101EA000780074007A0074007B00390078006A00C2
:101EB000FFFF6500FFFF4100600041005F0041003F
:101EC000610041006300410062006700FFFF6B009A
:101ED000FFFF43007D004500600045005F004500B6
:101EE0006100450062006400600064005F006400FF
:101EF0006100640062006C00FFFF4E0063004F0051
:101F000060004F005F004F0061004F0063004F0012
:101F100062009C00FFFF6F00FFFF5500600055004E
:101F20005F00550061005500620059005F006D00C0
:101F3000FFFF5900620000009000FF00761D0108BD
:101F40005E1801085E180108381F010820007E0095
:101F50000606010079C30008ADC40008C5C4000826
:101F6000CBC40008000000000000000008080101C8
:101F7000401F010807050700310B0108C50A0108C9
:101F8000510B0108008040C020A060E0109050D0AC
:101F900030B070F0088848C828A868E8189858D861
:101FA00038B878F8048444C424A464E4149454D461
:101FB00034B474F40C8C4CCC2CAC6CEC1C9C5CDC01
:101FC0003CBC7CFC028242C222A262E2129252D249
:101FD00032B272F20A8A4ACA2AAA6AEA1A9A5ADA01
:101FE0003ABA7AFA068646C626A666E6169656D601
:101FF00036B676F60E8E4ECE2EAE6EEE1E9E5EDEA1
:102000003EBE7EFE018141C121A161E1119151D10C
:1020100031B171F1098949C929A969E9199959D9D0
:1020200039B979F9058545C525A565E5159555D5D0
:1020300035B575F50D8D4DCD2DAD6DED1D9D5DDD70
:102040003DBD7DFD038343C323A363E3139353D3B8
:1020500033B373F30B8B4BCB2BAB6BEB1B9B5BDB70
:102060003BBB7BFB078747C727A767E7179757D770
:1020700037B777F70F8F4FCF2FAF6FEF1F9F5FDF10
:102080003FBF7FFF000000000100000057F600087E
:10209000A5E20008330501080000000049F6000829
:1020A0001706010800000000010000000200000007
:1020B000030000000400000005000000060000000E
:1020C0000700000008000000090000000A000000EE
:1020D0000B0000000C0000000D0000000E000000CE
:1020E0000F000000040000005DFC000805FF000870
:1020F0006DFF00086101010875050108850B0108E5
:10210000811401087D0B0108F90401082705010865
:10211000E904010883050108E3D400086FD400082E
:102120000FD5000800000000E504010879D500087B
:102130000000000000000000303132333435363703
:1021400038394142434445464030580030313233FB
:1021500034353637383961626364656640307800FB
:102160000400000800000000000000020001000060
:102170001030313233343536373839616263646553
:102180006678700030313233343536373839414271
:10219000434445465850000002400000000000A0A3
:1021A0000000000005400000000000C80000000022
:1021B0000C4000000000409C00000000194000009E
:1021C0000020BCBE0000000034400000BFC91B8ED0
:1021D00000000004B5400000504BCFD06607E2CFAE
:1021E000010000006C4100003E8251AADFEEA734DE
:1021F00001000000D9420000DCB5A0E23A301F9790
:10220000FFFFFFFFB4450000FD25A0C8E9A3C14FB3
:10221000FFFFFFFFFF3F0000000000800000000004
:10222000FF3F0000000000800000000000000000F0
:102230000000000001020304060708090000000076
:1022400001020304006000000028000000030000F9
:10225000400100007461736B32006C6564305F7420
:1022600061736B006C65645F7461736B00737461A0
:1022700072745F7461736B004C43442049443A2587
:10228000780D0A004572726F723A2025732C202552
:10229000640D0A002E2E2F2E2E2F4D6964646C655E
:1022A00077617265732F4672656552544F532F7173
:1022B000756575652E630049444C45002E2E2F2E02
:1022C0002E2F4D6964646C6577617265732F467259
:1022D000656552544F532F7461736B732E630054B2
:1022E0006D7251002E2E2F2E2E2F4D6964646C6559
:1022F00077617265732F4672656552544F532F7420
:10230000696D6572732E6300546D7220537663009D
:102310002E2E2F2E2E2F4D6964646C6577617265A9
:10232000732F4672656552544F532F706F727461EC
:10233000626C652F4D656D4D616E672F68656170CC
:102340005F342E63002E2E2F2E2E2F4D6964646C69
:102350006577617265732F4672656552544F532FCE
:10236000706F727461626C652F4743432F41524D09
:102370005F434D34462F706F72742E63000000006F
:102380001F000000E02401080000001040020000CF
:10239000C4010008E0240108000000200020010022
:1023A00000020008802501084002001058120000B9
:1023B000000200081C00000043000000F8FFFFFFBF
:1023C0000C0000000E0000000F0000002E000000B6
:1023D0001001000043000000F8FFFFFF00404040F4
:1023E00040404040404041414141414040404040E8
:1023F0004040404040404040404040404005020294
:102400000202020202020202020202020220202052
:1024100020202020202020020202020202029090AE
:1024200090909090101010101010101010101010AC
:102430001010101010101010020202020202888800
:10244000888888880808080808080808080808080C
:1024500008080808080808080202020240000000F4
:10246000000000000000000000000000000000006C
:10247000000000000000000000000000000000005C
:10248000000000000000000000000000000000004C
:10249000000000000000000000000000000000003C
:1024A000000000000000000000000000000000002C
:1024B000000000000000000000000000000000001C
:1024C000000000000000000000000000000000000C
:1024D00000000000000000000000000000000000FC
:1024E000C2016C43E20008541F0108FFFFFF0559B9
:1024F0000C0300100288052F4D060008E1050008B6
:102500001907000895049E084D0400089403001064
:102510009403001055FFFFFFFF02180455F5190042
:10252000080717781F0108000182FF093D5DDE00E2
:1025300008B9DE00084025FFFFFF0029DF00080082
:10254000070D13191F262E3946576D87A7CFFF0099
:1025500024F40079790008D979000842205A1084BF
:10256000060010002800100941119400080199008C
:10257000084201421015AAAAAAAA00000000000001
:040000050800018965
:00000001FF
