:020000040800F2
:10000000A04501203D03000875360008232C000898
:1000100071360008550900082D3F00080000000057
:100020000000000000000000000000007D02000849
:100030008B0A000800000000D9020008E73A000817
:100040006103000861030008610300086103000800
:1000500061030008610300086103000861030008F0
:1000600061030008610300086103000861030008E0
:1000700061030008610300086103000861030008D0
:1000800061030008610300086103000861030008C0
:1000900061030008610300086103000861030008B0
:1000A00061030008610300086103000861030008A0
:1000B00061030008113B00086103000861030008A8
:1000C0006103000861030008610300086103000880
:1000D000610300081D3F0008610300086103000878
:1000E0006103000861030008610300086103000860
:1000F0006103000861030008610300086103000850
:10010000610300086103000861030008610300083F
:10011000610300086103000861030008610300082F
:100120006103000861030008590900086909000813
:10013000610300086103000861030008610300080F
:1001400061030008610300086103000861030008FF
:1001500061030008610300086103000861030008EF
:1001600061030008610300086103000861030008DF
:10017000610300086103000861030008000000003B
:10018000610300086103000800F002F800F067F85E
:100190000AA090E8000C82448344AAF10107DA45E2
:1001A00001D100F05CF8AFF2090EBAE80F0013F0CD
:1001B000010F18BFFB1A43F0010318475CAC0000A5
:1001C0007CAC00000A444FF0000C10F8013B13F027
:1001D000070408BF10F8014B1D1108BF10F8015BA0
:1001E000641E05D010F8016B641E01F8016BF9D193
:1001F00013F0080F1EBF10F8014BAD1C0C1B09D1EA
:100200006D1E58BF01F801CBFAD505E014F8016B5B
:1002100001F8016B6D1EF9D59142D6D370470000ED
:100220000023002400250026103A28BF78C1FBD8FF
:10023000520728BF30C148BF0B607047642900F0E7
:100240008581782900F0BE81732900F0E3820020C7
:1002500070471FB50AF0AAFD1FBD10B510BD00F014
:1002600047FB1146FFF7F5FF07F008FA00F065FBC2
:1002700003B4FFF7F2FF03BC03F08EFE2C4B1968AA
:100280000868B0E8F04F80F30988BFF36F8F4FF034
:10029000000080F3118870470000000008480068E3
:1002A000006880F308884FF0000080F3148862B67D
:1002B00061B6BFF34F8FBFF36F8F00DF00BF00BF8A
:1002C00008ED00E0DFF80C00016841F47001016006
:1002D000704700BF88ED00E0EFF30980BFF36F8F38
:1002E000134B1A681EF0100F08BF20ED108A20E98A
:1002F000F04F106009B44FF0500080F31188BFF345
:100300004F8FBFF36F8F09F05BFD4FF0000080F35C
:10031000118809BC19680868B0E8F04F1EF0100F8A
:1003200008BFB0EC108A80F30988BFF36F8F704765
:1003300090000020EFF30580704700000C48016832
:1003400041F4700101600B4880470B480047FEE70D
:10035000FEE7FEE7FEE7FEE7FEE7FEE7FEE7FEE775
:10036000FEE7000005480649044A064B70470000B6
:1003700088ED00E0FD3A000889010008A041012055
:10038000A0450120A0410120704753EA020C00F073
:1003900069802DE9F04B4FF00006002B1FBFB3FA28
:1003A00083F503FA05F424FA05F65E4012BF1643FE
:1003B000B2FA82F502FA05F4C5F120051EBF22FA51
:1003C00005FC44EA0C04203556EA044C4FEA144478
:1003D00018BF641C4FF000084FF00009904271EB09
:1003E000030C39D3002919BFB1FA81F701FA07F6D6
:1003F000B0FA80F700FA07F6C7F120071EBF20FA0F
:1004000007FC46EA0C062037B6FBF4FCA7EB050711
:10041000103F07F01F0BCBF120060CFA0BFB2CFA58
:1004200006F644BFB3460026202FA4BF5E464FF019
:10043000000B5BEA060C08BF4FF0010B19EB0B0930
:10044000ABFB027C48EB0608C01B06FB02CC0BFB97
:1004500003CC71EB0C01C1E70B460246414648460E
:10046000BDE8F08B13B54FF000004FF00001AFF383
:100470000080BDE81C4070470FB4044910B503AAC2
:10048000029800F0CBF910BC5DF814FB14000020BA
:100490002DE9F0410E460446002020622046E16826
:1004A000884730B3252805D0D4E901219047206A38
:1004B000401CF2E7E168204600278847050018D075
:1004C000A5F14100192802D820354FF400673246C3
:1004D000294620462760FFF7B1FE40B1012804D02D
:1004E000F61D26F007060836D8E7361DD6E728465B
:1004F000DAE7206ABDE8F08170B50C460546012AAE
:1005000005D02878800600D5EA69002302E001239F
:1005100005E05B1C934202D2E05C0028F9D1A86997
:10052000E618C01AA861286A184428622846AFF362
:10053000008004E0D5E9012114F8010B9047B44292
:10054000F8D32846AFF3008070BD00002DE9F041DC
:100550000646002410687529314616A510D0AFF361
:100560000080002802DA404213A507E031688A07BC
:1005700001D512A502E0490704D511A5012401E027
:10058000AFF3008000210A2206F1240709E0B0FB46
:10059000F2FCB0FBF2F302FB1C003030785418463A
:1005A000491C0028F3D123462A463046BDE8F041D5
:1005B00000F0ACB8000000002D0000002B0000008F
:1005C0002000000070B504460D4621461068AFF3C8
:1005D00000802188090502D50F4A7A4402E00E4ABC
:1005E0007A440E32002104F1240305E000F00F06E6
:1005F0000009965D5E54491C0028F7D1207800233D
:10060000000704D5702D02D009B102231132204613
:10061000BDE8704000F07AB812A80000032A40F24A
:10062000308010F0030C00F0158011F8013BBCF194
:10063000020F624498BF11F801CB00F8013B38BFAC
:1006400011F8013BA2F1040298BF00F801CB38BFBA
:1006500000F8013B11F0030300F0F280083AC0F00B
:10066000088051F8043B083A51F804CBA0E8081080
:10067000F5E7121D5CBF51F8043B40F8043BAFF3B3
:100680000080D20724BF11F8013B11F801CB48BF0D
:1006900011F8012B24BF00F8013B00F801CB48BF43
:1006A00000F8012B704702F0FF0343EA032242EAFD
:1006B000024200F0F9B84FF0000200B5134694462C
:1006C0009646203922BFA0E80C50A0E80C50B1F1AA
:1006D0002001BFF4F7AF090728BFA0E80C5048BFBE
:1006E0000CC05DF804EB890028BF40F8042B08BF5C
:1006F000704748BF20F8022B11F0804F18BF00F858
:10070000012B704770477047704770472DE9F047DD
:100710000D4699469246044600F124080168880671
:1007200004D5E06921F01001216000E00120A84219
:1007300001DD471B00E00027A1697A1902EB0900DF
:10074000081AA0612078C00602D42046AFF30080CA
:10075000002608E0D4E901211AF806009047206A33
:10076000401C761C20624E45F4DB2078C0060AD57A
:100770002046AFF3008006E0D4E901213020904705
:10078000206A401C2062381EA7F10107F4DC07E054
:10079000D4E9012118F805009047206A401C206226
:1007A000281EA5F10105F3DC2046AFF30080207878
:1007B000000602D50220BDE8F0870120FBE700001B
:1007C00001694A1C02610878704700B58FB0CDE915
:1007D00001310021059105497944CDE90310114605
:1007E0006846FFF755FE0FB000BD0000E5FFFFFFB4
:1007F00010B5436913B1AFF3008001E0FFF77CFE51
:10080000012010BD127800F124010A7000224A7004
:100810000122EDE711684FF0FF32E9E7074B70B5B1
:100820000D467B44FFF7D1FF0446284600F05CF8F4
:1008300010B14FF0FF3070BD204670BDDF380000B2
:1008400010B5203AC0F00B80B1E81850203AA0E86B
:100850001850B1E81850A0E81850BFF4F5AF5FEA9F
:10086000027C24BFB1E81850A0E8185044BF18C952
:1008700018C0BDE810405FEA827C24BF51F8043BF9
:1008800040F8043B08BF7047D20728BF31F8023B4D
:1008900048BF11F8012B28BF20F8023B48BF00F8E1
:1008A000012B70474FF000020429C0F0128010F0B5
:1008B000030C3FF402AFCCF1040CBCF1020F18BFE3
:1008C00000F8012BA8BF20F8022BA1EB0C01FFF7C9
:1008D000F4BE5FEAC17C24BF00F8012B00F8012BB5
:1008E00048BF00F8012B7047007B00F08000704784
:1008F000754600F02BF8AE4605006946534620F0D9
:100900000700854618B020B5FFF72CFDBDE8204054
:100910004FF000064FF000074FF000084FF0000BBB
:1009200021F00701AC46ACE8C009ACE8C009ACE86E
:10093000C009ACE8C0098D46704710B50446AFF356
:1009400000802046BDE81040FFF792BC0048704789
:100950003C41012000BFFEE710B5024800F074F9E9
:1009600010BD0000F803002010B5024800F06CF93B
:1009700010BD0000580400200146087810381823E4
:10098000B0FBF3F20848805CC865032A05D9086803
:100990006FF30900001D886503E008686FF3090024
:1009A0008865886D70470000CEAD000801460020C4
:1009B0008A6A8B69CBB932B1012A0DD0022A03D0E1
:1009C000032A10D10EE000BFCB6A03F08073B3F1AD
:1009D000807F00D1012007E0CB6AB3F1C07F00D156
:1009E000012001E000E000BF34E08B69B3F5005F57
:1009F0001AD132B1012A07D0022A03D0032A11D119
:100A00000AE000BF01200EE0CB6A03F08073B3F16F
:100A1000807F00D1012006E0CB6AB3F1C07F00D116
:100A2000012000E000BF15E032B1012A05D0022A02
:100A300004D0032A0CD103E000BF00BF012008E06E
:100A4000CB6A03F08073B3F1807F00D1012000E016
:100A500000BF00BF704730B50468246824F48024C8
:100A600005682C60046863608468402C04D10468C5
:100A7000A2600468E16003E00468A1600468E260C9
:100A800030BD01E002F0E0FDFCE7704770B50446C0
:100A90001D460023B5F5804F13D154F822300C4881
:100AA0000340D1E9000640EA06108E6840EA0620BD
:100AB0008E8940EA06408E693043034344F8223071
:100AC00003E06FF0704044F82200002070BD000089
:100AD0000000F0CF10B503460022086853F820202C
:100AE00012480240D1E901042043CC6820430C693C
:100AF00020434C6920438C692043CC6920430C6A15
:100B000020434C6A20438C6A2043CC6A2043CC6B40
:100B100020430C6B204302438868082801D142F02F
:100B20004002086843F82020002010BD8000F0FF3C
:100B300030B503460024501C53F8204004F04044D4
:100B4000D1E9000540EA05108D6840EA05208D894D
:100B500040EA0545088A401E45EA0055087D801E8A
:100B600045EA00608D6928430443501C43F8204047
:100B7000002030BD70B50446A56D00F079FB064637
:100B800094F83500022808D08020606500BF00205E
:100B900084F8340000BF012070BD2068006820F098
:100BA0001600216808602068406920F080002168F4
:100BB0004861206C08B9A06C28B12068006820F05A
:100BC0000800216808602068006820F001002168A2
:100BD00008600FE000F04CFB801B05280AD920209C
:100BE000606500BF002084F8340000BF032084F853
:100BF0003500D1E72068006800F001000028E9D145
:100C000094F85C103F208840A86000BF002084F862
:100C1000340000BF012084F835000020BCE7014605
:100C200091F83500022803D08020486501207047E4
:100C3000052081F835000868006820F001000A6886
:100C400010600020F3E70000F8B504460020009093
:100C50008C4800684FF41651B0FBF1F7A56D2E6873
:100C600094F85C1008208840304098B120680068F3
:100C700000F0040070B12068006820F004002168D2
:100C8000086094F85C1008208840A860606D40F00F
:100C90000100606594F85C1001208840304068B124
:100CA0002068406900F0800040B194F85C10012099
:100CB0008840A860606D40F00200606594F85C10A8
:100CC00004208840304068B12068006800F00200CD
:100CD00040B194F85C1004208840A860606D40F03A
:100CE0000400606594F85C1010208840304078B3B0
:100CF0002068006800F0080050B394F85C101020E1
:100D00008840A8602068006800F4802080B12068D6
:100D1000006800F4002028B9206CC8B12046216C7E
:100D2000884715E0A06C98B12046A16C88470FE079
:100D30002068006800F4807028B92068006820F0FE
:100D4000080021680860206C10B12046216C88479B
:100D500094F85C10202088403040002865D020683E
:100D6000006800F0100000285FD094F85C1020208C
:100D70008840A86094F83500052828D120680068CC
:100D800020F01600216808602068406920F080008B
:100D900021684861206C08B9A06C28B120680068FF
:100DA00020F008002168086094F85C103F2088401B
:100DB000A86000BF002084F8340000BF012084F840
:100DC0003500206D10B12046216D8847F8BD2068A0
:100DD000006800F4802080B12068006800F40020E2
:100DE00028B9606C10B12046616C88471DE0E06B4B
:100DF000D8B12046E16B884717E02068006800F40E
:100E0000807068B92068006820F0100021680860D0
:100E100000BF002084F8340000BF012084F83500B2
:100E2000E06B10B12046E16B8847606D38B3606DB0
:100E300000F00100F0B1052084F83500206800685A
:100E400020F001002168086000BF0098401C00905D
:100E5000B84200D905E02068006800F001000028D1
:100E6000F3D100BF00BF002084F8340000BF012090
:100E700084F83500E06C10B12046E16C884700BF73
:100E8000A4E70000000000202DE9F0410446002501
:100E900000F0EEF9074614B90120BDE8F081606A60
:100EA00000B100BF00BF002084F8340000BF022062
:100EB00084F835002068006820F00100216808608F
:100EC0000AE000F0D5F9C01B052805D9202060658F
:100ED000032084F83500E0E72068006800F0010096
:100EE0000028EED12068056821480540D4E90101B9
:100EF0000843E16808432169084361690843A1691F
:100F00000843E1690843216A08430543606A0428ED
:100F100003D1D4E90B01084305432068056020682C
:100F2000456925F00705606A0543606A04280DD10C
:100F3000A06A0543E06A48B12046FFF737FD28B1B3
:100F400040206065012084F83500A6E720684561EF
:100F50002046FFF711FD064694F85C103F208840BC
:100F6000B06000206065012084F83500002094E71F
:100F70003F8010F02DE9F04704460D4616461F4607
:100F80004FF00008D4F8589000BF94F834000128BE
:100F900002D10220BDE8F087012084F8340000BFB0
:100FA00094F83500012825D1022084F8350000206E
:100FB00060653B46324629462046FFF74CFD94F8D3
:100FC0005C103F208840C9F808002068006840F0A5
:100FD000160021680860206C28B12068006840F085
:100FE0000800216808602068006840F0010021685E
:100FF000086006E000BF002084F8340000BF4FF016
:1010000002084046C6E7000070B5044600F030F91B
:1010100006462546681C10B104480078054400BF08
:1010200000F026F9801BA842FAD370BD24000020EE
:10103000F8B502460B460025002400200021DEE022
:10104000012606FA01F51E6806EA0504AC4275D1D0
:101050001E7906F00306012E04D01E7906F0030661
:10106000022E13D190684F000326BE40B0434F00BC
:10107000DE68BE4030439060506801268E40B04329
:101080001E79C6F300168E40304350601E7906F07C
:101090000306032E09D0D0684F000326BE40B0439C
:1010A0004F009E68BE403043D0601E7906F00306B4
:1010B000022E13D1CF0802F1200656F827004E0762
:1010C000F70E0F26BE40B0434F07FF0E1E69BE400D
:1010D0003043CF0802F1200646F8270010684F0081
:1010E0000326BE40B0431E7906F003064F00BE4003
:1010F000304310605E6806F08056B6F1805F7DD1A7
:1011000000BF00260096404E366846F480463E4FAB
:101110003E603E46366806F48046009600BF00BF3B
:101120003A4E8F0856F827008E07370F0F26BE401D
:10113000B043374EB24202D1002624E05EE0354E85
:10114000B24201D101261EE0334EB24201D1022645
:1011500019E0324EB24201D1032614E0304EB242C1
:1011600001D104260FE02F4EB24201D105260AE03C
:101170002D4EB24201D1062605E02C4EB24201D1DD
:10118000072600E008268F073F0FBE4030431F4E62
:101190008F0846F82700264E3068A0435E6806F4A4
:1011A0008036B6F5803F00D12043214E3060361D99
:1011B0003068A0435E6806F40036B6F5003F00D103
:1011C00020431B4E361D3060361D3068A0435E68DC
:1011D00006F48016B6F5801F00D12043144E083661
:1011E0003060361D3068A0435E6806F40016B6F520
:1011F000001F00D120430E4E0C363060491C1029D0
:10120000FFF41EAFF8BD000044380240083801402A
:10121000000002400004024000080240000C0240AE
:10122000001002400014024000180240001C02405E
:10123000003C0140024613690B400BB1012000E065
:101240000020704710B5426921EA020302EA010456
:1012500043EA0443836110BD0AB1816101E00B04DC
:101260008361704701480068000C7047002004E06B
:1012700001480068704700001C00002070B504465B
:101280000CB9012070BD94F83D0028B9002084F805
:101290003C00204600F006FB242084F83D00206836
:1012A000006820F00100216808602068006840F4B0
:1012B0000040216808602068006820F40040216830
:1012C000086000F067FC05465C496068884206D803
:1012D0005B48854201D2012007E0002005E0594823
:1012E000854201D2012000E00020012800D1C9E799
:1012F0005548B5FBF0F62068406820F03F003043C9
:10130000216848604D496068884201D8701C07E038
:101310004FF4967070434FF47A71B0FBF1F0401CBB
:101320002168096A21F03F010843216808624349A6
:101330006068884214D8681E61684900B0FBF1F00B
:10134000401CC0F30B00042801D204203DE0681EBD
:1013500061684900B0FBF1F0401CC0F30B0034E0C1
:10136000A06838B9681E616801EB4101B0FBF1F07B
:10137000401C0AE0681E616801EBC10202EB01112A
:10138000B0FBF1F0401C40F48040C0F30B0008B902
:1013900001201AE0A06848B9681E616801EB4101AC
:1013A000B0FBF1F0401CC0F30B000CE0681E61685C
:1013B00001EBC10202EB0111B0FBF1F0401CC0F3E4
:1013C0000B0040F4804040F400402168C9694CF6AD
:1013D000FF72914308432168C861D4E907010843BB
:1013E0002168096821F0C001084321680860D4E938
:1013F000031008432168896848F2FF32914308438B
:1014000021688860D4E9050108432168C96821F092
:10141000FF0108432168C8602068006840F00100AF
:101420002168086000202064202084F83D0000200E
:10143000206384F83E0000BF24E70000A08601007E
:1014400080841E0000093D0040420F002DE9FC5F32
:1014500004460F4690469946DDE90CAB0E9EFFF719
:1014600007FF054694F83D00202870D1192301227A
:10147000B0492046009501F043FD10B10220BDE8BF
:10148000FC9F00BF94F83C00012801D10220F6E740
:10149000012084F83C0000BF2068006800F00100D3
:1014A00028B92068006840F00100216808602068C1
:1014B000006820F4006021680860222084F83D0064
:1014C000402084F83E0000202064C4F824A0A4F842
:1014D0002AB0608D20859848E0624B4642463946E6
:1014E0002046CDE9006501F0BDFB08B10120C6E74B
:1014F000208D88B900BF00200190206840690190CC
:1015000020688069019000BF00BF2068006840F437
:1015100000702168086040E0208D012818D1206803
:10152000006820F480602168086000BF00200190FE
:1015300020684069019020688069019000BF00BF69
:101540002068006840F400702168086025E0EFE042
:10155000208D022816D12068006820F48060216860
:1015600008602068006840F400602168086000BFDF
:1015700000200190206840690190206880690190F6
:1015800000BF0AE000BF0020019020684069019080
:1015900020688069019000BF00BFBAE0208D032859
:1015A0007ED8208D012815D12A463146204601F0EB
:1015B0004CFD08B1012062E720680069616A08708B
:1015C000606A401C6062208D401E2085608D401E38
:1015D00060859EE0208D02282AD13346002257499B
:1015E0002046009501F08CFC08B1012047E72068F7
:1015F000006840F400702168086020680069616A32
:101600000870606A401C6062208D401E2085608DDD
:10161000401E608520680069616A0870606A401C2D
:101620006062208D401E2085608D401E608570E0C8
:101630003346002241492046009501F061FC08B183
:1016400001201CE72068006820F4806021680860A1
:1016500020680069616A0870606A401C6062208DC1
:10166000401E2085608D401E608533460022334930
:101670002046009501F044FC08B10120FFE62068F7
:10168000006840F400702168086020680069616AA1
:101690000870606A401C6062208D401E208500E05A
:1016A00010E0608D401E608520680069616A0870E6
:1016B000606A401C6062208D401E2085608D401E47
:1016C000608526E02A463146204601F0BEFC08B17E
:1016D0000120D4E620680069616A0870606A401CD5
:1016E0006062208D401E2085608D401E60852068D0
:1016F0004069C0F3800060B120680069616A0870C9
:10170000606A401C6062208D401E2085608D401EF6
:101710006085208D00287FF441AF202084F83D00B3
:10172000002084F83E0000BF84F83C0000BFA6E61D
:101730000220A4E6020010000000FFFF04000100E8
:101740002DE9FC5F04460F4690469946DDE90CAB57
:101750000E9EFFF78DFD054694F83D0020287DD1B3
:10176000192301224D492046009501F0C9FB10B113
:101770000220BDE8FC9F00BF94F83C00012801D185
:101780000220F6E7012084F83C0000BF20680068D2
:1017900000F0010028B92068006840F001002168CD
:1017A00008602068006820F400602168086021203B
:1017B00084F83D00402084F83E0000202064C4F8F6
:1017C00024A0A4F82AB0608D20853548E0624B46FD
:1017D000424639462046CDE9006501F0F3FA08B1EA
:1017E0000120C6E731E02A463146204601F06DFC73
:1017F00050B1206C042805D12068006840F40070C6
:10180000216808600120B4E7606A007821680861F7
:10181000606A401C6062208D401E2085608D401EE5
:10182000608520684069C0F3800070B1208D60B190
:10183000606A007821680861606A401C6062208DDF
:10184000401E2085608D401E6085208D0028CAD1F5
:101850002A463146204601F025FB00E01CE050B14D
:10186000206C042805D12068006840F400702168CD
:10187000086001207DE72068006840F4007021685E
:101880000860202084F83D00002084F83E0000BF5E
:1018900084F83C0000BF6CE702206AE702001000F9
:1018A0000000FFFF70470000034800680349097803
:1018B00008440149086070471C00002024000020F3
:1018C00010B50A48006840F40070084908600846EE
:1018D000006840F480600860032000F07FF80F206B
:1018E00000F006F800F02AF8002010BD003C02408D
:1018F00070B504460E4800784FF47A71B1FBF0F0F1
:101900000C490968B1FBF0F5284600F051FE08B11A
:10191000012070BD102C07D200222146501E00F07D
:101920001EF80548046001E00120F2E70020F0E71E
:101930002400002000000020200000207047014605
:101940000846002809DB00F01F0301229A404309E2
:101950009B0003F1E023C3F8002100BF70472DE98D
:10196000F05F80460D461646002702F0F9FA07465A
:1019700039462A46334601F00700C0F1070ABAF19A
:10198000040F02D94FF0040A01E0C0F1070AD14662
:1019900000F1040ABAF1070F02D24FF0000A01E089
:1019A000A0F1030AD4464FF0010A0AFA09FAAAF193
:1019B000010A0AEA020A0AFA0CFA4FF0010B0BFAC2
:1019C0000CFBABF1010B0BEA030B4AEA0B042146BB
:1019D000404602F0CDFABDE8F09F000000BF00F0E5
:1019E0000702064B19684FF6FF031940044B0B43DF
:1019F00043EA0221014B196000BF70470CED00E083
:101A00000000FA0570B504460D460CB9012070BD02
:101A10005848006800F00700A84209D255490D70E7
:101A20000846006800F00700A84201D00120EEE758
:101A3000207800F0020002281DD1207800F0040078
:101A4000042805D14C48006840F4E0504A49086039
:101A5000207800F00800082805D14748006840F4C5
:101A60006040454908604448006820F0F000A168E3
:101A7000084341490860207800F00100A8B360687D
:101A8000012807D13C4808380068C0F34040B8B985
:101A90000120BCE76068022802D06068032807D1F3
:101AA000354808380068C0F3406048B90120AEE707
:101AB000314808380068C0F3400008B90120A6E7A3
:101AC0002D48006820F00300616808432A49086037
:101AD000FFF7CEFB064609E0FFF7CAFB801B41F289
:101AE0008831884202D9032091E707E02248006844
:101AF00000F00C006168B0EB810FEDD11D4800686B
:101B000000F00700A84209D91A490D70084600687C
:101B100000F00700A84201D0012078E7207800F00B
:101B20000400042807D11448006820F4E050E1685C
:101B3000084311490860207800F00800082808D1FF
:101B40000D48006820F46040216940EAC1000A495C
:101B5000086000F03FF808490968C1F30311074A1B
:101B6000515CC8400649086006480068FFF7C0FE9F
:101B700000204CE7003C024008380240B6AD0008A7
:101B8000000000202000002001480068704700008D
:101B90000000002000B5FFF7F7FF04490968C1F312
:101BA0008221034A515CC84000BD00000838024051
:101BB000C6AD000800B5FFF7E7FF04490968C1F3A7
:101BC0004231034A515CC84000BD00000838024061
:101BD000C6AD00082DE9F047002400250026A146E7
:101BE0002548006800F00C0020B1042805D0082822
:101BF0003AD105E0DFF8849039E0DFF8849036E0F0
:101C00001D48001F006800F03F041B48001F0068CB
:101C100000F4800078B11A481749091F0968C1F318
:101C20008811A0FB01700146224600233846FEF7CA
:101C3000ACFB05460EE011480F49091F0968C1F3C6
:101C40008811A0FB01700146224600233846FEF7AA
:101C50009CFB05460848001F0068C0F30140401C7B
:101C60004600B5FBF6F902E0DFF8109000BF00BFB8
:101C70004846BDE8F0870000083802400024F40020
:101C800000127A00F8B504460CB90120F8BD20789E
:101C900000F00100002874D0F948006800F00C0042
:101CA00004280DD0F648006800F00C00082813D175
:101CB000F348001F006800F48000B0F5800F0BD1DE
:101CC000EF4808380068C0F34040002859D06068E9
:101CD000002856D10120D9E700BF6068B0F5803FE9
:101CE00008D1E7480838006840F48030E4490839F2
:101CF00008601EE06068B0F5A02F0DD1E0480838FC
:101D0000006840F48020DE49083908600846006811
:101D100040F4803008600CE0D9480838006820F4AE
:101D20008030D749083908600846006820F48020D0
:101D3000086000BF606890B1FFF79AFA054606E0B8
:101D4000FFF796FA401B642801D903209EE7CC4890
:101D500008380068C0F340400028F1D011E0FFF7D8
:101D600087FA054606E0FFF783FA401B642801D98D
:101D700003208BE7C24808380068C0F340400028C1
:101D8000F1D1207800F0020002285FD1BC48006841
:101D900000F00C0058B1BA48006800F00C000828A8
:101DA0001CD1B748001F006800F48000B0B9B448E7
:101DB00008380068C0F3400020B1E068012801D075
:101DC000012063E7AE480838006820F0F800216978
:101DD00040EAC100AA490839086037E0E06800B36A
:101DE0000120A8490860FFF743FA054606E0FFF71F
:101DF0003FFA401B022801D9032047E7A0480838D2
:101E00000068C0F340000028F1D09D480838006801
:101E100020F0F800216940EAC100994908390860BA
:101E200014E0002097490860FFF722FA054606E013
:101E3000FFF71EFA401B022801D9032026E790482D
:101E400008380068C0F340000028F1D1207800F085
:101E5000080008282CD16069A8B101208A490860CF
:101E6000FFF706FA054606E0FFF702FA401B0228D4
:101E700001D903200AE782486C300068C0F34000B3
:101E80000028F1D014E000207F490860FFF7F0F946
:101E9000054606E0FFF7ECF9401B022801D90320B4
:101EA000F4E677486C300068C0F340000028F1D1B8
:101EB000207800F00400042870D1002770483830E2
:101EC000006800F0805090B900BF002000906C487E
:101ED0003830006840F08050694938310860084661
:101EE000006800F08050009000BF00BF01276748E5
:101EF000006800F48070B0B96448006840F48070F5
:101F000062490860FFF7B4F9054606E0FFF7B0F94B
:101F1000401B022801D90320B8E65C48006800F4A1
:101F200080700028F2D000BFA068012808D1544872
:101F30006830006840F001005149683108601DE0D8
:101F4000A06805280DD14E486830006840F00400B4
:101F50004B49683108600846006840F0010008609D
:101F60000CE047486830006820F0010044496831BF
:101F700008600846006820F00400086000BFA06800
:101F8000A8B1FFF775F9054609E0FFF771F9401BA5
:101F900041F28831884202D9032077E626E03848AA
:101FA00068300068C0F340000028EED013E0FFF76F
:101FB0005FF9054608E0FFF75BF9401B41F2883105
:101FC000884201D9032061E62D4868300068C0F3DB
:101FD00040000028EFD1012F07D129483830006890
:101FE00020F0805026493831086000BFA0690028E1
:101FF00045D02348006800F00C0008285DD0A06997
:10200000022845D100201F490866FFF731F905462F
:1020100006E0FFF72DF9401B022801D9032035E621
:10202000174808380068C0F340600028F1D1D4E9AF
:1020300007010843616A40EA81110122A06AC2EBEC
:10204000500041EA00412C20005D41EA00600C494B
:10205000091F086001200B490866FFF709F90546CA
:1020600006E0FFF705F9401B022801D903200DE621
:10207000034808380068C0F340600028F1D049E008
:102080000838024000004742800E4742007000407E
:10209000002021490866FFF7EBF8054606E0FFF748
:1020A000E7F8401B022801D90320EFE51B48006830
:1020B000C0F340600028F2D12CE0A069012800D1D3
:1020C000E4E51648001D0668A069012820D006F442
:1020D0008001E06981421BD106F03F01206A814204
:1020E00016D147F6C0703040616AB0EB811F0FD146
:1020F00006F440310122A06AC2EB5000B1EB004F60
:1021000006D106F070612C20005DB1EB006F01D0AC
:102110000120BBE50020B9E500004742003802403D
:10212000704710B504460CB9012010BD606A38B97B
:102130006068B0F5827F00D105E00021E16102E036
:10214000002121616161A06AB0F5005F00D100BF8C
:1021500094F8510028B9002084F85000204600F07F
:102160004FF8022084F851002068006820F04000F9
:1021700021680860A08800F48270218901F404417C
:102180000843A18901F400610843217C01F00201A8
:102190000843217D01F001010843218B01F4007106
:1021A0000843217F01F0380108432021095D01F037
:1021B00080010843218D01F4005108432168086023
:1021C0000421A06901EA104094F8241001F01001E4
:1021D000084321684860A06AB0F5005F03D1A08D74
:1021E00080B2216808612068C06920F4006021681D
:1021F000C86100206065012084F85100002094E748
:1022000010B586B004462A49206888424DD100BFE7
:1022100000BF002000902748006840F002002549D8
:1022200008600846006800F00200009000BF00BF90
:1022300000BF00BF00BF002000900846006840F0CB
:10224000020008600846006800F00200009000BF2D
:1022500000BF00BF00BF00BF00200090084600681C
:1022600040F0020008600846006800F0020000909C
:1022700000BF00BF00BF0820019002200290012093
:102280000390022004900520059001A90A48FEF75A
:10229000CFFE1020019001A90748FEF7C9FE2020BB
:1022A000019001A90448FEF7C3FE06B010BD00006E
:1022B000003001403038024000040240034A016807
:1022C000914202D10121024A117070470030014051
:1022D00026000020704700002DE9F04704460E4616
:1022E00017461D464FF0000A00BF94F85000012821
:1022F00002D10220BDE8F087012084F8500000BF21
:1023000094F85180D4F80490B8F1010F0AD0B9F5CF
:10231000827F04D1A06810B9B8F1040F02D04FF049
:10232000020A8FE00EB107B115B94FF0010A89E03A
:1023300094F85100042802D0052084F851000020B0
:1023400060652663A586E586A763A587E587206483
:102350006064A06AB0F5005F0DD100BF206800681E
:1023600020F40050216808602068006840F40050A4
:102370002168086000BF94F85100042806D1354850
:10238000E16C08643448E16CC86305E03348E16CF3
:1023900008643348E16CC8633248E16CC8640020CB
:1023A000E16C0865E38FD4F800C00CF10C01A26B5E
:1023B000E06CFEF7DFFD48B1606D40F01000606535
:1023C0004FF0010A012084F851003BE0206840688A
:1023D00040F00100216848600020A16C0864A16CF5
:1023E000C863A16CC864A16C0865E38ED4F800C012
:1023F0000CF10C02216BA06CFEF7BCFD48B1606DC6
:1024000040F0100060654FF0010A012084F851008F
:1024100018E02068006800F04000402805D02068DF
:10242000006840F04000216808602068406840F083
:102430002000216848602068406840F00200216860
:10244000486000BF00BF002084F8500000BF504625
:1024500050E700009F360008BB360008AD36000884
:102460007F37000877360008044A0168914204D19A
:102470000121034A1170034A117070470030014076
:102480002600002027000020704770B504460E4645
:1024900015460CB9012070BD94F8490028B90020F8
:1024A00084F84800204600F01DF804F10801206877
:1024B000FEF710FB3146A2682068FEF739FB29467B
:1024C000236BD4E90102FEF7E1FAA168206850F815
:1024D000210040F00100A268216841F8220000209C
:1024E000D9E7000010B586B0044600BF0020009078
:1024F0002248006840F00100204908600846006852
:1025000000F00100009000BF00BF00BF002000905D
:102510001A480838006840F008001849083908606F
:102520000846006800F00800009000BF00BF00BF30
:10253000002000900846006840F01000086008463F
:10254000006800F01000009000BF00BF4CF2037064
:1025500001900220029001200390022004900C20A0
:10256000059001A90648FEF763FD4FF680700190C3
:1025700001A90448FEF75CFD06B010BD38380240E2
:10258000000C024000100240042808D14FF0E02166
:10259000096941F004014FF0E022116107E04FF0BA
:1025A000E021096921F004014FF0E0221161704738
:1025B00070B504462546681EB0F1807F01D3012026
:1025C0000FE0681E4FF0E02148610F214FF0FF300F
:1025D00001F0CEFC00204FF0E02188610720086167
:1025E000002070BD70477047704710B504462068E2
:1025F0000069C0F34000D8B12068C068C0F3400053
:10260000B0B16FF0020021680861012020772068D6
:10261000806900F0030018B12046FFF7E5FF05E0F0
:10262000204600F0ADF8204600F0ABF800202077FF
:1026300020680069C0F38000D8B12068C068C0F38A
:102640008000B0B16FF0040021680861022020779B
:102650002068806900F4407018B12046FFF7C4FF7D
:1026600005E0204600F08CF8204600F08AF80020B3
:10267000207720680069C0F3C000D8B12068C06826
:10268000C0F3C000B0B16FF00800216808610420F9
:1026900020772068C06900F0030018B12046FFF7DA
:1026A000A3FF05E0204600F06BF8204600F069F833
:1026B0000020207720680069C0F30010D8B120689E
:1026C000C068C0F30010B0B16FF01000216808615D
:1026D000082020772068C06900F4407018B12046B7
:1026E000FFF782FF05E0204600F04AF8204600F0A0
:1026F00048F8002020772068006900F0010058B1F8
:102700002068C06800F0010030B16FF0010021685E
:102710000861204600F036F820680069C0F3C01058
:1027200058B12068C068C0F3C01030B16FF08000AD
:10273000216808612046FFF755FF20680069C0F353
:10274000801058B12068C068C0F3801030B16FF0BD
:10275000400021680861204600F026F820680069E2
:10276000C0F3401058B12068C068C0F3401030B1C9
:102770006FF02000216808612046FFF734FF10BD8C
:102780007047704710B504460548844206D100BF23
:102790004FF480610348FEF755FD00BF10BD0000F7
:1027A0000403002000140240704770477047000087
:1027B0002DE9F84F0446206805682068C66820683F
:1027C00047694FF00009CA4605F00F09B9F1000F3B
:1027D0000AD105F0200038B106F0200020B12046D3
:1027E00001F0D3F9BDE8F88FB9F1000F72D007F00E
:1027F000010018B906F4907000286BD005F00100B4
:1028000030B106F4807018B1206C40F001002064F3
:1028100005F0040030B107F0010018B1206C40F061
:102820000200206405F0020030B107F0010018B189
:10283000206C40F00400206405F0080048B106F068
:10284000200010B907F0010018B1206C40F008001A
:102850002064206C70B305F0200028B106F0200041
:1028600010B1204601F091F920684069C0F3801A48
:10287000206C00F0080010B9BAF1000F23D02046F8
:1028800001F058F92068406900F04000402816D156
:102890002068406920F0400021684861A06B50B179
:1028A0005648A16B0865A06BFEF7B9F910B1A06B93
:1028B000016D88470CE02046FFF778FF08E02046CE
:1028C000FFF774FF04E02046FFF770FF002020644C
:1028D00088E7FFE7206B012879D105F01000002878
:1028E00075D006F01000002871D000BF00200090C5
:1028F00020680068009020684068009000BF00BF1A
:102900002068406900F04000402839D1A06B006881
:1029100040681FFA80F8B8F1000F30D0A08D404514
:102920002DDDA4F82E80A06BC069B0F5807F1FD08C
:102930002068C06820F480702168C8602068406901
:1029400020F00100216848612068406920F04000C3
:1029500021684861202084F83E0000202063206820
:10296000C06820F010002168C860A06BFEF702F973
:10297000A08DE28D801A81B22046FFF716FF31E765
:10298000A08DE18D401A1FFA80F8E08DE8B1B8F112
:10299000000F1AD02068C06820F490702168C860C9
:1029A0002068406920F0010021684861202084F8F7
:1029B0003E00002020632068C06820F010002168DD
:1029C000C86041462046FFF7F0FE0BE7FFE705F041
:1029D000800030B106F0800018B1204601F06DFA99
:1029E00000E705F0400030B106F0400018B1204685
:1029F00001F0BBF8F6E600BFF4E60000213B00085A
:102A000010B504460CB9012010BDA06900B100E06A
:102A100000BF94F83D0028B9002084F83C0020460F
:102A200000F028F8242084F83D002068C06820F4D5
:102A300000502168C860204601F006F9206800694E
:102A400020F49040216808612068406920F02A0045
:102A5000216848612068C06840F400502168C8605F
:102A600000202064202084F83D0084F83E000020EF
:102A7000CAE7000010B586B004462E492068884297
:102A800055D100BF00BF002000902B48006840F0E7
:102A90001000294908600846006800F01000009006
:102AA00000BF00BF00BF00BF00BF00200090224851
:102AB0001438006840F001001F49143908600846C6
:102AC000006800F00100009000BF00BF00BF00BF21
:102AD00000BF002000900846006840F00100086038
:102AE0000846006800F00100009000BF00BF00BF72
:102AF00048150190022002900120039002200490CA
:102B00000720059001A90D48FEF792FA4FF4806066
:102B100001900720059001A90848FEF789FA2520B1
:102B2000FEF70DFF032211462520FEF718FF06B021
:102B300010BD000000100140443802400000024077
:102B400070B504460D46164694F83E00202816D16E
:102B500005B10EB9012070BD00BF94F83C000128FA
:102B600001D10220F7E7012084F83C0000BF0020DB
:102B7000206332462946204601F07CF9EBE702202B
:102B8000E9E7000010B504462049206888423BD19F
:102B90001F48008800F4004088BB1D48008800F4EE
:102BA000804070B11B4800780A2803D000201849E3
:102BB000088024E01648008840F40040144908804A
:102BC0001DE0144800780D2806D11148008840F413
:102BD00080400F49088012E00E4800780C490988AF
:102BE000C1F30D010C4A505409480088401C0849A3
:102BF000088008460088C72801DD002008800122DF
:102C000004490648FFF79CFF10BD0000001001407A
:102C1000180000201A0000204801002010020020A7
:102C2000704700BFFEE7014608684069C0F3802096
:102C3000B0B16FF480600A68506100200863202002
:102C400081F83D00002081F83E00086C40F004004F
:102C5000086400BF002081F83C0000BF01207047DD
:102C60000020FCE72DE9F84304460F461546994637
:102C7000DDE908862068006840F48060216808600B
:102C80002068006840F48070216808604346002294
:102C90004FF001112046009600F032F960B1206833
:102CA000006800F48070B0F5807F02D14FF40070AE
:102CB00020640320BDE8F88307F0FE002168086166
:102CC000334642463E49204600F05DF908B10120F6
:102CD000F0E700BF00200090206840690090206865
:102CE0008069009000BF00BF32464146204600F098
:102CF000ECF950B1206C042805D12068006840F43C
:102D00000070216808600120D4E7B9F1010F03D1F8
:102D1000E8B22168086117E0C5F30720216808615F
:102D200032464146204600F0D0F950B1206C0428CC
:102D300005D12068006840F4007021680860012017
:102D4000B8E7E8B22168086132464146204600F003
:102D5000BCF950B1206C042805D12068006840F40B
:102D60000070216808600120A4E72068006840F432
:102D7000807021680860434600224FF00111204610
:102D8000009600F0BDF858B12068006800F480702B
:102D9000B0F5807F02D14FF400702064032089E7F2
:102DA000F8B240F001002168086133464246044908
:102DB000204600F0E8F808B101207BE7002079E721
:102DC000020001002DE9F84304468846154699465D
:102DD000DDE908672068006840F4807021680860B9
:102DE000334600224FF001112046009700F088F88A
:102DF00060B12068006800F48070B0F5807F02D177
:102E00004FF4007020640320BDE8F88308F0FE0052
:102E1000216808613B4632462149204600F0B3F85C
:102E200008B10120F0E700BF002000902068406951
:102E3000009020688069009000BF00BF3A4631468C
:102E4000204600F042F950B1206C042805D12068DA
:102E5000006840F40070216808600120D4E7B9F1EF
:102E6000010F03D1E8B22168086117E0C5F307201C
:102E7000216808613A463146204600F026F950B1F3
:102E8000206C042805D12068006840F40070216897
:102E900008600120B8E7E8B2216808610020B3E7C4
:102EA0000200010070B504460D46164620E020469B
:102EB000FFF7B9FE08B1012070BD681CC0B1FEF774
:102EC000D7F9801BA84200D895B9002020632020A4
:102ED00084F83D00002084F83E00206C40F0200083
:102EE000206400BF002084F83C0000BF0120E3E71D
:102EF00020684069C0F380000028D8D00020DBE7BC
:102F00002DE9F04104460D4617461E46DDF81880AF
:102F10001CE0701CD0B1FEF7ABF9A0EB0800B0428A
:102F200000D89EB900202063202084F83D000020B6
:102F300084F83E00206C40F02000206400BF002098
:102F400084F83C0000BF0120BDE8F081C5F30740D4
:102F500001280AD120684069A9B20840A9B2884274
:102F600001D101200BE0002009E020688069A9B2AE
:102F70000840A9B2884201D1012000E00020B842F7
:102F8000C7D00020E0E72DE9F04104460D46164683
:102F90001F463DE020684069C0F38020E8B120680A
:102FA000006840F40070216808606FF48060216858
:102FB000486100202063202084F83D00002084F830
:102FC0003E00206C40F00400206400BF002084F824
:102FD0003C0000BF0120BDE8F081701CC0B1FEF7CD
:102FE00047F9C01BB04200D896B9002020632020CA
:102FF00084F83D00002084F83E00206C40F0200062
:10300000206400BF002084F83C0000BF0120E2E7FC
:10301000C5F3074001280AD120684069A9B20840D9
:10302000A9B2884201D101200BE0002009E020680C
:103030008069A9B20840A9B2884201D1012000E00C
:1030400000200028A6D00020C5E770B504460D4634
:10305000164632E020684069C0F30010A0B16FF05E
:1030600010002168486100202063202084F83D0082
:10307000002084F83E00206C206400BF002084F80B
:103080003C0000BF012070BDFEF7F2F8801BA84293
:1030900000D895B900202063202084F83D0000204E
:1030A00084F83E00206C40F02000206400BF002027
:1030B00084F83C0000BF0120E5E720684069C0F3C8
:1030C00080100028C6D00020DDE770B504460D460C
:1030D000164620E02046FFF7A6FD08B1012070BD8E
:1030E000681CC0B1FEF7C4F8801BA84200D895B98F
:1030F00000202063202084F83D00002084F83E005A
:10310000206C40F02000206400BF002084F83C00C8
:1031100000BF0120E3E720684069C0F3C010002829
:10312000D8D00020DBE700002DE9F0470024611E25
:1031300000250E4600220027002300202BE0DFF8A8
:103140004CC25CF820C0A44503D9DFF840C25CF84B
:103150002040DFF838C25CF820C08C4503D2DFF88D
:103160002CC25CF82010DFF828C25CF820C0AC4507
:1031700003D9DFF81CC25CF82050DFF814C25CF8F9
:1031800020C0B44503D2DFF808C25CF8206000F12B
:10319000010C1FFA8CF06428D1DB601800EE900A55
:1031A000F8EE600AB0EE003A80EE831A601A00EE84
:1031B000900AB8EE600AA81900EE900AF8EE600ACC
:1031C000B0EE003AC0EE831AA81B00EE900AB8EEEB
:1031D000602A00EE901AF8EE600A9FED6E3AF0EE6B
:1031E000602A40EE032A4FF0000801203BE0DFF8A0
:1031F0009CC15CF820C000EE90CAF8EE600AF4EEC4
:10320000E20AF1EE10FA2ADDDFF880C15CF82090C6
:10321000A0F1010CDFF874A15AF82CC0E1451ED9C9
:10322000D4465CF8209000F1010C5AF82CC0E1451E
:1032300015D97FB1A0EB07091FFA89FCBCF1190F62
:1032400007DDBCF1960F04DA634402F101091FFAAD
:1032500089F200BF074600F10A0C1FFA8CF000F15A
:10326000010C1FFA8CF06328C1DB002A49DD9BB3F7
:1032700003EE903AB8EE634A03EE902AF8EE633A12
:10328000C4EE234AB0EE643ADFED433A83EE834A5C
:10329000F0EE440ADFED413AF4EEE30AF1EE10FA03
:1032A0001BDBDFED3F3AF4EEE30AF1EE10FA14D83F
:1032B0003C48D0ED003A9FED3C4A63EE843A9FEDE6
:1032C0003B4A40EE843A3A48C0ED003AD0ED003A2D
:1032D0003448C0ED003A13E013E0DFED313AF4EE8C
:1032E000E30AF1EE10FA0BDD2E4890ED004ADFED17
:1032F000314AF1EE083A44EE243A2D48C0ED003A46
:1033000000BFB5EEC01AF1EE10FA3DDDF5EEC01AC1
:10331000F1EE10FA38DDB5EEC00AF1EE10FA33DD49
:10332000C2EE213A80EE014AC3EE844AB0EE643A1E
:10333000DFED213AB3EE014A44EE433AF0EE630A80
:10334000DFED1E3AF4EEE30AF1EE10FA03DDDFEDF5
:103350001B3AF0EE630ADFED1A3AF4EEE30AF1EEFF
:1033600010FA03D2DFED163AF0EE630A1548D0EDFD
:10337000003A9FED154A63EE843A9FED144A40EE01
:10338000843AC0ED003A00BFBDE8F087AC3F0120B1
:103390001C3E01209A99193F0080BB450000204245
:1033A00000000C4338010020CDCC4C3FCDCC4C3E2E
:1033B000280100203333733F0000D0420000C84290
:1033C00000008C422C0100206666663FCDCCCC3DCF
:1033D00030B505460C4647F2305084420FD29FED7F
:1033E000170A174880ED000A9FED140A154880ED72
:1033F000000A0020144908801449087030BD1448A0
:103400001149098840F8215012480F49098840F8AD
:1034100021400D480088401C0B4908800846008860
:10342000642804DB00200880012008490870074850
:10343000007808B1FFF778FE00BFDFE7000000006A
:10344000280100202C01002024010020260100205A
:103450001C3E0120AC3F012000B587B0142102A81A
:10346000FDF729F900BF002001902148006840F0D5
:1034700002001F4908600846006800F00200019041
:1034800000BF00BF00BF0020019019481030006845
:1034900040F400101649103108600846006800F436
:1034A0000010019000BF00BFC020029012200390C6
:1034B00001200490032005900420069002A90D48E5
:1034C000FDF7B6FD0C480D4908600D484860002125
:1034D0000A488160C1604FF480410161002141616F
:1034E0008161C1610162FDF7C9FE07B000BD000046
:1034F0003038024000040240005400404C030020D9
:10350000801A060008B500200090FFF7A5FF694665
:10351000FF2000F037F89DF80000152800D008BD06
:1035200040210C2000F078F80A20FDF76DFDC02145
:10353000022000F071F80021032000F06DF84F2107
:10354000082000F069F80321092000F065F8272120
:103550000A2000F061F824210C2000F05DF82421FD
:103560000D2000F059F80021042000F055F800214A
:10357000052000F051F80021062000F04DF800BFB2
:10358000CDE700003EB504460D46642001210B4600
:103590002246CDE900510290AE210448FDF756FFC6
:1035A00008B901203EBD0020FCE700004C030020CC
:1035B00030B585B004460D466420062103AA0123D8
:1035C000CDE9002102900722AE211248FDF73EFF0F
:1035D000E8B99DF80C0000049DF80D1040EA0120A8
:1035E0009DF80E10084320602068C0F31100206091
:1035F0009DF80F0000049DF8101040EA01209DF88E
:103600001110084328602868C0F31100286005B035
:1036100030BD00004C03002013B584B00446642084
:10362000012105AA0B46CDE9002102902246AE21D8
:103630000448FEF785F810B9012006B010BD00203F
:10364000FBE700004C03002010B507490748FFF7CF
:10365000AFFF0548016805480068FFF7B9FE642020
:1036600006F0E6F910BD0000340100203001002012
:1036700000BFFEE7704770B50546AC6B2068406838
:1036800020F0030021684860606D40F01000606524
:10369000012084F851002046FEF742FD70BD70B550
:1036A0000446A56B2846FEF715FE70BD70B50446AE
:1036B000A56B2846FEF7E8FE70BD7CB50546AC6BF1
:1036C00000200190FDF7D4FD06462868006800F44C
:1036D0008070B0F5807F4DD02068406820F02000D9
:1036E00021684860A06AB0F5005F0FD16423012211
:1036F00011462046009600F01BF918B1606D40F0AD
:10370000020060652068C068019000BFA06850B9E1
:103710006068B0F5827F06D12068406820F0030021
:103720002168486005E02068406820F001002168B9
:10373000486032466421204600F079F808B1202024
:1037400060650020E087012084F8510020688068CF
:1037500000F01000102807D1606D40F00200606595
:103760004FF6EF7021688860606D18B12046FEF753
:10377000D7FC7CBD2046FEF7A1FD00BFF9E77CB574
:103780000546AC6B00200190FDF772FD06462868E7
:10379000006800F48070B0F5807F43D020684068F6
:1037A00020F0200021684860A06AB0F5005F0FD1CA
:1037B0006423012211462046009600F0B9F818B1A2
:1037C000606D40F0020060652068C068019000BF35
:1037D00032466421204600F075F818B1606D40F063
:1037E000200060652068406820F003002168486080
:1037F0000020E086E087012084F85100206880687E
:1038000000F01000102807D1606D40F002006065E4
:103810004FF6EF7021688860606D18B12046FEF7A2
:103820007FFC7CBD2046FEF71FFE00BFF9E7F8B520
:1038300004460E4615466068B0F5827F0DD1A0683B
:10384000B0F5004F03D0A068B0F5806F05D12068B7
:10385000006820F04000216808606068B0F5827F51
:103860001FD1A068B0F5806F0DD0334600228021B3
:103870002046009500F05CF808B3606D40F0200031
:1038800060650320F8BD33460022012120460095E3
:1038900000F04EF898B1606D40F0200060650320A4
:1038A000F0E73346002201212046009500F040F861
:1038B00028B1606D40F0200060650320E2E7002041
:1038C000E0E700007CB504460D4616461648006841
:1038D0001821B0FBF1F01549B0FBF1F04FF47A710B
:1038E000484301906068B0F5827F0DD12B460022DD
:1038F00080212046009600F01BF898B1606D40F0E2
:103900002000606503207CBD00BF019800B908E07D
:103910000198401E019020688068C0F3C010002804
:10392000F3D100BF0020EEE70000002040420F006E
:103930002DE9F84F04460D4690461E46DDF82890C6
:10394000FDF796FCA0EB0900371AFDF791FC8246C3
:103950002C480068C0F3CB307843009045E0701CE1
:10396000002842D0FDF784FCA0EB0A00B84200D248
:10397000A7BB2068406820F0E000216848606068CC
:10398000B0F5827F0DD1A068B0F5004F03D0A068DC
:10399000B0F5806F05D12068006820F040002168F4
:1039A0000860A06AB0F5005F0DD100BF2068006814
:1039B00020F40050216808602068006840F400503E
:1039C0002168086000BF012084F8510000BF00207A
:1039D00084F8500000BF0320BDE8F88FFFE700988F
:1039E00000B900270098401E009020688068284099
:1039F000A84201D1012000E000204045AFD10020C5
:103A0000EAE70000000000202DE9F0470C46DDE960
:103A10000867002100258C4600BF60E04FF00108D8
:103A200008FA01F504EA050CAC4557D1D0F800803E
:103A30004FEA410A4FF0030909FA0AF928EA09088E
:103A4000C0F80080D0F800804FEA410902FA09F975
:103A500048EA0908C0F80080012A01D0022A27D1CB
:103A6000D0F808804FEA410A4FF0030909FA0AF931
:103A700028EA0908C0F80880D0F808804FEA410910
:103A800006FA09F948EA0908C0F80880D0F8049055
:103A90004FF0010808FA01F829EA0809C0F8049073
:103AA000D0F8048003FA01F948EA0908C0F8048054
:103AB000D0F80C804FEA410A4FF0030909FA0AF9DD
:103AC00028EA0908C0F80C80D0F80C804FEA4109B8
:103AD00007FA09F948EA0908C0F80C80491C1029BE
:103AE0009CD3BDE8F08710B5FDF7DEFE06F0D0FCF4
:103AF000012801D006F096FA10BD000003480068C6
:103B000040F47000014908607047000088ED00E053
:103B100010B50248FEF769FD10BD00000403002047
:103B200070B50546AC6B0020E085E0842046FEF7CA
:103B30003DFE70BD0168C96821F490710268D160D2
:103B40000168496921F0010102685161016B012995
:103B500005D10168C96821F010010268D1602021F7
:103B600080F83E1000210163704710B504462068BC
:103B7000C06820F040002168C860202084F83D0023
:103B80002046FFF74DF8002010BD70B5044694F8AC
:103B90003E00222856D1A068B0F5805F0CD1206984
:103BA00050B90025A66A20684068C0F3080030803C
:103BB000A06A801CA06215E0A56A0026A068B0F586
:103BC000805F03D0A06828B9206918B920684068D0
:103BD000287004E02068406800F07F002870A06A28
:103BE000401CA062E08D401E80B2E08540BB206892
:103BF000C06820F020002168C8602068C06820F4F8
:103C000080702168C8602068406920F00100216848
:103C10004861202084F83E00206B01280AD12068EA
:103C2000C06820F010002168C860A18D2046FEF712
:103C3000BCFD02E02046FEF7A5FF0020206370BD1A
:103C40000020FCE70220FAE72DE9F84F044620683F
:103C5000006920F44050E168084321680861216947
:103C6000A068084361690843E1690843009020683F
:103C7000C06849F20C618843009908432168C86014
:103C80002068406920F44070A169084321684861B8
:103C900076492068884203D075492068884203D15C
:103CA000FDF788FF814602E0FDF774FF8146E06979
:103CB000B0F5004F6CD102206168A0FB01500346B3
:103CC0001920A9FB007001462A463846FCF75DFB27
:103CD0006421B0FBF1F04FEA001A02206168A0FBFA
:103CE00001510B461920A9FB00712A463846FCF702
:103CF0004CFB834602206168A0FB0150034619205B
:103D0000A9FB00712A463846FCF73FFB6421B0FB53
:103D1000F1F000EBC00101EB0010ABEB80003221B1
:103D200001EBC0006421B0FBF1F000F0F8000AEBF9
:103D3000400A02206168A0FB015003461920A9FB3C
:103D4000007001462A463846FCF71FFB83460220D6
:103D50006168A0FB015003461920A9FB00712A46A7
:103D60003846FCF712FB6421B0FBF1F000EBC00118
:103D700001EB0010ABEB8000322101EBC0006421AD
:103D8000B0FBF1F000F007005044216888606AE061
:103D900004206168A0FB015003461920A9FB0070B4
:103DA00001462A463846FCF7F0FA8246042061684C
:103DB000A0FB015003461920A9FB007001462A46CA
:103DC0003846FCF7E2FA6421B0FBF1F000EBC001E9
:103DD00001EB0010AAEB8000322101EB00106421FE
:103DE000B0FBF1F000F0F00A04206168A0FB017064
:103DF00003461920A9FB00513A462846FCF7C5FAAC
:103E00006421B0FBF1F00AEB001A04206168A0FB0A
:103E100001510B461920A9FB00712A463846FCF7D0
:103E2000B4FA834604206168A0FB015003461920C0
:103E3000A9FB007001462A463846FCF7A6FA642121
:103E4000B0FBF1F000EBC00101EB0010ABEB800028
:103E5000322101EB00106421B0FBF1F000F00F0003
:103E6000504421688860BDE8F88F000000100140D0
:103E70000014014010B5034699629A85DA85002046
:103E80001864222083F83E0000BF002083F83C0025
:103E900000BF1868C06840F480701C68E060186853
:103EA000406940F001001C6860611868C06840F01B
:103EB00020001C68E060002010BD014691F83D0024
:103EC000212828D18868B0F5805F0BD1086948B9EE
:103ED0000A6A1088C0F308000B685860086A801CE2
:103EE000086205E00B6A581C086218780B68586075
:103EF000C88C401E80B2C88458B90868C06820F0D9
:103F000080000B68D8600868C06840F040000B680B
:103F1000D860002070470220FCE7000010B502487E
:103F2000FEF746FC10BD00001002002000BFFEE7B7
:103F300070B50621302004F0E9FF302004F0F6FED1
:103F40000546062D03D00621302004F0DFFF0024B3
:103F500003E006F0E5FD601C84B2C82CF9DB70BDFF
:103F600002480068C0F30220704700000CED00E03A
:103F700010B5002804DB0A07130E054A135406E0A7
:103F80000A07140E034A00F00F031B1FD45410BD80
:103F900000E400E018ED00E000BF704700F0010110
:103FA000194A1160C0F34001184AC2F88412C0F3E4
:103FB0008001154A08321160C0F30011121F116010
:103FC000C0F34011104A3C321160C0F38011104A16
:103FD0001160C0F3C0110C4A38321160C0F30021E7
:103FE0000B4A121D1160C0F34021074A34321160A0
:103FF000C0F38021044A14321160C0F3C021024A88
:104000000C3211607047000080824242000043423F
:104010009002434200F00101104A1160C0F34001D8
:104020000F4AC2F8BC12C0F380010C4A383A116042
:10403000C0F3C001121D1160C0F30011094A1160E4
:10404000C0F34011121D1160C0F38011121D1160E8
:10405000C109054AC2F8A81270470000B88241425F
:10406000008041429C0242420000424270B5044638
:104070000420FEF789FA0A48046025464FF47A7056
:1040800045434FF0E020006940F002004FF0E0218E
:10409000086108464561006940F00100086170BD93
:1040A0001000002030B50446002504E04FF47A707B
:1040B00000F004F86D1CA542F8D330BD70B503467E
:1040C00000224FF0E02675690D4E366803FB06F4BA
:1040D0004FF0E026B16910E04FF0E026B069884269
:1040E0000BD0884202D20E1A324402E02E1A0E443D
:1040F00032440146A24200D300E0EDE700BF70BDAC
:104100001000002000BF054A126802F04002002A99
:10411000F9D0C2B2014B5A60704700000010014054
:104120001CB50648012100238022CDE9001004A11E
:10413000064806F07DF905F0D9FD1CBD04000020FD
:1041400073746172745F7461736B0000F18F0008A7
:1041500000B587B000BF00BF00200190384800685C
:1041600040F01000364908600846006800F0100072
:10417000019000BF00BF00BF00BF00BF0020019042
:104180000846006840F0100008600846006800F02B
:104190001000019000BF00BF00BF00BF00BF0020A3
:1041A00001900846006840F010000860084600686A
:1041B00000F01000019000BF00BF00BF00BF00BFB3
:1041C000002001900846006840F0010008600846A1
:1041D000006800F00100019000BF00BF00BF102088
:1041E000029000200390012004900220059002A973
:1041F0001448FCF71DFF08200290002003900120C6
:1042000004900220059002A90E48FCF711FF04203B
:10421000029000200390012004900220059002A942
:104220000848FCF705FF01200290002003900220BF
:104230000490059002A90448FCF7FAFE07B000BDFF
:1042400030380240001002400000024070B50446C1
:10425000002609480588408845430021084603F0A8
:104260009BF803F071F900BF02E004480480761C5B
:10427000AE42FAD370BD0000A40200208000006CA2
:1042800010B5044658488471002C58D1F020564986
:1042900008804FF4A07048800846808845F210518D
:1042A000884210D14FF430504F4908814FF42850C4
:1042B00048814FF42C5088814FF4F07008804FF4FF
:1042C000487048801AE04848808841F66311884267
:1042D0000DD12C20444908812B2048812A20888137
:1042E0004FF4F07008804FF44870488006E02C20AE
:1042F0003D4908812A2048812B2088813A488088BE
:1043000045F21031884205D03748808847F29671CF
:10431000884206D14FF4A070334908804FF4F07002
:1043200048803148808849F60601884258D14FF4C8
:10433000F0702D4908804FF44870488050E04FF4E9
:10434000A07029490880F02048800846808845F2FE
:104350001051884210D14FF43050234908814FF456
:10436000285048814FF42C5088814FF448700880C1
:104370004FF4F070488020E01B48808841F66311BC
:10438000884205D01848808849F6060188420DD138
:104390002C20154908812A2048812B2088814FF440
:1043A000487008804FF4F070488006E02C200E49D9
:1043B00008812A2048812B2088810B48808845F27B
:1043C0001031884205D00848808847F296718842AB
:1043D00006D14FF4F070044908804FF4A070488073
:1043E000002002F0BBFE10BDA402002010B5CF20BB
:1043F00003F09EF8002003F08FF8C12003F08CF842
:10440000302003F089F8ED2003F092F8642003F0E7
:1044100083F8032003F080F8122003F07DF8812058
:1044200003F07AF8E82003F083F8852003F074F8AD
:10443000102003F071F87A2003F06EF8CB2003F01F
:1044400077F8392003F068F82C2003F065F8002095
:1044500003F062F8342003F05FF8022003F05CF808
:10446000F72003F065F8202003F056F8EA2003F067
:104470005FF8002003F050F8002003F04DF8C02052
:1044800003F056F81B2003F047F8C12003F050F862
:10449000012003F041F8C52003F04AF8302003F072
:1044A0003BF8302003F038F8C72003F041F8B7207C
:1044B00003F032F8362003F03BF8482003F02CF8E4
:1044C0003A2003F035F8552003F026F8B12003F028
:1044D0002FF8002003F020F81A2003F01DF8B62072
:1044E00003F026F80A2003F017F8A22003F014F8CE
:1044F000F22003F01DF8002003F00EF8262003F050
:1045000017F8012003F008F8E02003F011F80F205D
:1045100003F002F82A2002F0FFFF282002F0FCFF3F
:10452000082002F0F9FF0E2002F0F6FF082002F04A
:10453000F3FF542002F0F0FFA92002F0EDFF43202A
:1045400002F0EAFF0A2002F0E7FF0F2002F0E4FF8A
:10455000002002F0E1FF002002F0DEFF002002F068
:10456000DBFF002002F0D8FFE12002F0E1FF002095
:1045700002F0D2FF152002F0CFFF172002F0CCFF8F
:10458000072002F0C9FF112002F0C6FF062002F04A
:10459000C3FF2B2002F0C0FF562002F0BDFF3C20DD
:1045A00002F0BAFF052002F0B7FF102002F0B4FFBE
:1045B0000F2002F0B1FF3F2002F0AEFF3F2002F0DB
:1045C000ABFF0F2002F0A8FF2B2002F0B1FF00206C
:1045D00002F0A2FF002002F09FFF012002F09CFFEA
:1045E0003F2002F099FF2A2002F0A2FF002002F0F3
:1045F00093FF002002F090FF002002F08DFFEF20DB
:1046000002F08AFF112002F093FF7820FFF74AFDA5
:10461000292002F08DFF10BD10B5FF2002F088FFA9
:10462000FF2002F079FF982002F076FF062002F0CA
:1046300073FFBC2002F07CFF012002F06DFF0F2011
:1046400002F06AFF612002F067FFFF2002F064FFC2
:10465000012002F061FF012002F05EFF0B2002F05A
:104660005BFF102002F058FF372002F055FF632057
:1046700002F052FFFF2002F04FFFFF2002F04CFF3C
:10468000012002F049FF012002F046FF002002F065
:1046900043FF002002F040FFFF2002F03DFF5220C8
:1046A00002F03AFF012002F037FF002002F034FF51
:1046B000402002F031FFBD2002F03AFF012002F05D
:1046C0002BFF232002F028FF452002F025FF672062
:1046D00002F022FF012002F01FFF232002F01CFF46
:1046E000452002F019FF672002F016FFBE2002F0FD
:1046F0001FFF002002F010FF012002F00DFFAB2091
:1047000002F00AFF602002F007FF222002F004FFFF
:10471000222002F001FF222002F0FEFE222002F001
:10472000FBFE222002F0F8FEC72002F001FF362037
:1047300002F0F2FEED2002F0FBFE7F2002F0ECFE24
:104740000F2002F0E9FEC02002F0F2FE0F2002F07E
:10475000E3FE0B2002F0E0FE0A2002F0DDFEFC206A
:1047600002F0E6FE082002F0D7FEDF2002F0E0FEB5
:10477000002002F0D1FE002002F0CEFE002002F068
:10478000CBFE002002F0C8FE002002F0C5FE202073
:1047900002F0C2FEF32002F0CBFE742002F0BCFE59
:1047A000B42002F0C5FE002002F0B6FE002002F0A8
:1047B000B3FE002002F0B0FEF72002F0B9FE822026
:1047C00002F0AAFEB12002F0B3FE002002F0A4FE27
:1047D000132002F0A1FE132002F09EFEF22002F050
:1047E000A7FE802002F098FE042002F095FE4020F3
:1047F00002F092FE282002F08FFEC12002F098FE07
:10480000172002F089FE882002F086FE882002F040
:1048100083FE202002F080FEE02002F089FE0020CE
:1048200002F07AFE0A2002F077FE122002F074FEF7
:10483000102002F071FE0E2002F06EFE202002F029
:104840006BFECC2002F068FE072002F065FE062019
:1048500002F062FE0B2002F05FFE0E2002F05CFE12
:104860000F2002F059FE0D2002F056FE152002F036
:1048700053FE102002F050FE002002F04DFEE12019
:1048800002F056FE002002F047FE0B2002F044FE2C
:10489000132002F041FE0D2002F03EFE0E2002F039
:1048A0003BFE1B2002F038FE712002F035FE062090
:1048B00002F032FE062002F02FFE0A2002F02CFE4B
:1048C0000F2002F029FE0E2002F026FE0F2002F03B
:1048D00023FE152002F020FE0C2002F01DFE002019
:1048E00002F01AFE2A2002F023FE002002F014FE3D
:1048F000002002F011FE012002F00EFEDF2002F087
:104900000BFE2B2002F014FE002002F005FE00201A
:1049100002F002FE032002F0FFFD1F2002F0FCFD6A
:104920003A2002F005FE552002F0F6FD362002F096
:10493000FFFD002002F0F0FD112002F0F9FD7820CB
:10494000FFF7B0FB292002F0F3FD1420FFF7AAFBCC
:104950002C2002F0EDFD10BD10B5ED2002F0E8FDB9
:10496000012002F0D9FDFE2002F0D6FDEE2002F07B
:10497000DFFDDE2002F0D0FD212002F0CDFDF12090
:1049800002F0D6FD012002F0C7FDDF2002F0D0FDCD
:10499000102002F0C1FDC42002F0CAFD8F2002F0F9
:1049A000BBFDC62002F0C4FD002002F0B5FDE220F0
:1049B00002F0B2FDE22002F0AFFDE22002F0ACFD19
:1049C000BF2002F0B5FDAA2002F0A6FDB02002F043
:1049D000AFFD0D2002F0A0FD002002F09DFD0D2096
:1049E00002F09AFD002002F097FD112002F094FDE4
:1049F000002002F091FD192002F08EFD002002F04F
:104A00008BFD212002F088FD002002F085FD2D2085
:104A100002F082FD002002F07FFD3D2002F07CFDCF
:104A2000002002F079FD5D2002F076FD002002F00A
:104A300073FD5D2002F070FD002002F06DFDB120DD
:104A400002F076FD802002F067FD002002F064FD98
:104A50008B2002F061FD002002F05EFD962002F046
:104A60005BFD002002F058FDB22002F061FD002045
:104A700002F052FD002002F04FFD022002F04CFD3A
:104A8000002002F049FD032002F046FD002002F064
:104A900043FDB32002F04CFD002002F03DFD00205C
:104AA00002F03AFD002002F037FD002002F034FD54
:104AB000002002F031FD002002F02EFD002002F067
:104AC0002BFD002002F028FD002002F025FD002033
:104AD00002F022FD002002F01FFD002002F01CFD6C
:104AE000002002F019FD002002F016FD002002F067
:104AF00013FD002002F010FD002002F00DFD00204B
:104B000002F00AFD002002F007FD002002F004FD83
:104B1000002002F001FD002002F0FEFC002002F067
:104B2000FBFC002002F0F8FCB42002F001FD8B2019
:104B300002F0F2FC002002F0EFFC962002F0ECFC08
:104B4000002002F0E9FCA12002F0E6FC002002F0C7
:104B5000E3FCB52002F0ECFC022002F0DDFC0020BA
:104B600002F0DAFC032002F0D7FC002002F0D4FCB3
:104B7000042002F0D1FC002002F0CEFCB62002F0AE
:104B8000D7FC002002F0C8FC002002F0C5FCB720D2
:104B900002F0CEFC002002F0BFFC002002F0BCFCC2
:104BA0003F2002F0B9FC002002F0B6FC5E2002F0CB
:104BB000B3FC002002F0B0FC642002F0ADFC002049
:104BC00002F0AAFC8C2002F0A7FC002002F0A4FC5A
:104BD000AC2002F0A1FC002002F09EFCDC2002F0E0
:104BE0009BFC002002F098FC702002F095FC002055
:104BF00002F092FC902002F08FFC002002F08CFC6E
:104C0000EB2002F089FC002002F086FCDC2002F0A0
:104C100083FC002002F080FCB82002F089FC002018
:104C200002F07AFC002002F077FC002002F074FC15
:104C3000002002F071FC002002F06EFC002002F067
:104C40006BFC002002F068FC002002F065FCBA203A
:104C500002F06EFC242002F05FFC002002F05CFCFD
:104C6000002002F059FC002002F056FCC12002F0A6
:104C70005FFC202002F050FC002002F04DFC54208C
:104C800002F04AFC002002F047FCFF2002F044FC46
:104C9000002002F041FCC22002F04AFC0A2002F08F
:104CA0003BFC002002F038FC042002F035FC002020
:104CB00002F032FCC32002F03BFC3C2002F02CFC52
:104CC000002002F029FC3A2002F026FC002002F02D
:104CD00023FC392002F020FC002002F01DFC3720CC
:104CE00002F01AFC002002F017FC3C2002F014FC39
:104CF000002002F011FC362002F00EFC002002F031
:104D00000BFC322002F008FC002002F005FC2F20F2
:104D100002F002FC002002F0FFFB2C2002F0FCFB62
:104D2000002002F0F9FB292002F0F6FB002002F03F
:104D3000F3FB262002F0F0FB002002F0EDFB242024
:104D400002F0EAFB002002F0E7FB242002F0E4FB83
:104D5000002002F0E1FB232002F0DEFB002002F045
:104D6000DBFB3C2002F0D8FB002002F0D5FB362014
:104D700002F0D2FB002002F0CFFB322002F0CCFB8D
:104D8000002002F0C9FB2F2002F0C6FB002002F039
:104D9000C3FB2C2002F0C0FB002002F0BDFB292049
:104DA00002F0BAFB002002F0B7FB262002F0B4FBB1
:104DB000002002F0B1FB242002F0AEFB002002F044
:104DC000ABFB242002F0A8FB002002F0A5FB23206F
:104DD00002F0A2FB002002F09FFBC42002F0A8FB1F
:104DE000622002F099FB002002F096FB052002F001
:104DF00093FB002002F090FB842002F08DFB00204A
:104E000002F08AFBF02002F087FB002002F084FB16
:104E1000182002F081FB002002F07EFBA42002F0AB
:104E20007BFB002002F078FB182002F075FB0020CD
:104E300002F072FB502002F06FFB002002F06CFBCE
:104E40000C2002F069FB002002F066FB172002F044
:104E500063FB002002F060FB952002F05DFB002068
:104E600002F05AFBF32002F057FB002002F054FB43
:104E7000E62002F051FB002002F04EFBC52002F0BC
:104E800057FB322002F048FB002002F045FB442093
:104E900002F042FB002002F03FFB652002F03CFBE9
:104EA000002002F039FB762002F036FB002002F0F1
:104EB00033FB882002F030FB002002F02DFBC620DF
:104EC00002F036FB202002F027FB002002F024FB3A
:104ED000172002F021FB002002F01EFB012002F04F
:104EE0001BFB002002F018FBC72002F021FB002072
:104EF00002F012FB002002F00FFB002002F00CFB7E
:104F0000002002F009FBC82002F012FB002002F092
:104F100003FB002002F000FB002002F0FDFA00205D
:104F200002F0FAFAC92002F003FB002002F0F4FAC2
:104F3000002002F0F1FA002002F0EEFA002002F068
:104F4000EBFA002002F0E8FA002002F0E5FA002077
:104F500002F0E2FA002002F0DFFA002002F0DCFAB0
:104F6000002002F0D9FA002002F0D6FA002002F068
:104F7000D3FA002002F0D0FA002002F0CDFA00208F
:104F800002F0CAFA002002F0C7FAE02002F0D0FADC
:104F9000162002F0C1FA002002F0BEFA1C2002F036
:104FA000BBFA002002F0B8FA212002F0B5FA002086
:104FB00002F0B2FA362002F0AFFA002002F0ACFAAA
:104FC000462002F0A9FA002002F0A6FA522002F0D0
:104FD000A3FA002002F0A0FA642002F09DFA00205B
:104FE00002F09AFA7A2002F097FA002002F094FA7E
:104FF0008B2002F091FA002002F08EFA992002F044
:105000008BFA002002F088FAA82002F085FA00202E
:1050100002F082FAB92002F07FFA002002F07CFA56
:10502000C42002F079FA002002F076FACA2002F0D9
:1050300073FA002002F070FAD22002F06DFA00201C
:1050400002F06AFAD92002F067FA002002F064FA4E
:10505000E02002F061FA002002F05EFAF32002F094
:105060005BFA002002F058FAE12002F061FA162003
:1050700002F052FA002002F04FFA1C2002F04CFA23
:10508000002002F049FA222002F046FA002002F045
:1050900043FA362002F040FA002002F03DFA4520A3
:1050A00002F03AFA002002F037FA522002F034FA05
:1050B000002002F031FA642002F02EFA002002F003
:1050C0002BFA7A2002F028FA002002F025FA8B2031
:1050D00002F022FA002002F01FFA992002F01CFAD6
:1050E000002002F019FAA82002F016FA002002F0BF
:1050F00013FAB92002F010FA002002F00DFAC420D1
:1051000002F00AFA002002F007FACA2002F004FABC
:10511000002002F001FAD22002F0FEF9002002F095
:10512000FBF9D82002F0F8F9002002F0F5F9E020B0
:1051300002F0F2F9002002F0EFF9F32002F0ECF9AE
:10514000002002F0E9F9E22002F0F2F9052002F075
:10515000E3F9002002F0E0F90B2002F0DDF9002075
:1051600002F0DAF91B2002F0D7F9002002F0D4F99E
:10517000342002F0D1F9002002F0CEF9442002F0F0
:10518000CBF9002002F0C8F94F2002F0C5F9002049
:1051900002F0C2F9612002F0BFF9002002F0BCF970
:1051A000792002F0B9F9002002F0B6F9882002F067
:1051B000B3F9002002F0B0F9972002F0ADF9002019
:1051C00002F0AAF9A62002F0A7F9002002F0A4F943
:1051D000B72002F0A1F9002002F09EF9C22002F0EF
:1051E0009BF9002002F098F9C72002F095F9002001
:1051F00002F092F9D12002F08FF9002002F08CF930
:10520000D62002F089F9002002F086F9DD2002F0B4
:1052100083F9002002F080F9F32002F07DF90020EC
:1052200002F07AF9E32002F083F9052002F074F924
:10523000002002F071F90A2002F06EF9002002F05D
:105240006BF91C2002F068F9002002F065F93320A8
:1052500002F062F9002002F05FF9442002F05CF9EC
:10526000002002F059F9502002F056F9002002F017
:1052700053F9622002F050F9002002F04DF9782035
:1052800002F04AF9002002F047F9882002F044F9C0
:10529000002002F041F9972002F03EF9002002F0D0
:1052A0003BF9A62002F038F9002002F035F9B720CA
:1052B00002F032F9002002F02FF9C22002F02CF99E
:1052C000002002F029F9C72002F026F9002002F0A0
:1052D00023F9D12002F020F9002002F01DF9D52099
:1052E00002F01AF9002002F017F9DD2002F014F99B
:1052F000002002F011F9F32002F00EF9002002F074
:105300000BF9E42002F014F9012002F005F9002065
:1053100002F002F9012002F0FFF8002002F0FCF890
:10532000022002F0F9F8002002F0F6F82A2002F03C
:10533000F3F8002002F0F0F83C2002F0EDF8002035
:1053400002F0EAF84B2002F0E7F8002002F0E4F85F
:105350005D2002F0E1F8002002F0DEF8742002F097
:10536000DBF8002002F0D8F8842002F0D5F8002005
:1053700002F0D2F8932002F0CFF8002002F0CCF82F
:10538000A22002F0C9F8002002F0C6F8B32002F013
:10539000C3F8002002F0C0F8BE2002F0BDF80020E3
:1053A00002F0BAF8C42002F0B7F8002002F0B4F816
:1053B000CD2002F0B1F8002002F0AEF8D32002F0C8
:1053C000ABF8002002F0A8F8DD2002F0A5F80020DC
:1053D00002F0A2F8F32002F09FF8002002F09CF8FF
:1053E000E52002F0A5F8002002F096F8002002F077
:1053F00093F8002002F090F8002002F08DF80220CF
:1054000002F08AF8002002F087F8292002F084F8E0
:10541000002002F081F83C2002F07EF8002002F02B
:105420007BF84B2002F078F8002002F075F85D2040
:1054300002F072F8002002F06FF8742002F06CF8AD
:10544000002002F069F8842002F066F8002002F0E3
:1054500063F8932002F060F8002002F05DF8A220CB
:1054600002F05AF8002002F057F8B32002F054F886
:10547000002002F051F8BE2002F04EF8002002F0A9
:105480004BF8C42002F048F8002002F045F8CD2087
:1054900002F042F8002002F03FF8D32002F03CF87E
:1054A000002002F039F8DC2002F036F8002002F08B
:1054B00033F8F32002F030F8002002F02DF8E62057
:1054C00002F036F8112002F027F8002002F024F84C
:1054D000342002F021F8002002F01EF8562002F0DD
:1054E0001BF8002002F018F8762002F015F80020D2
:1054F00002F012F8772002F00FF8002002F00CF80A
:10550000662002F009F8002002F006F8882002F078
:1055100003F8002002F000F8992001F0FDFF0020C0
:1055200001F0FAFFBB2001F0F7FF002001F0F4FFCB
:10553000992001F0F1FF002001F0EEFF662001F05C
:10554000EBFF002001F0E8FF552001F0E5FF00200F
:1055500001F0E2FF552001F0DFFF002001F0DCFF49
:10556000452001F0D9FF002001F0D6FF432001F0D3
:10557000D3FF002001F0D0FF442001F0CDFF002038
:1055800001F0CAFFE72001F0D3FF322001F0C4FF91
:10559000002001F0C1FF552001F0BEFF002001F006
:1055A000BBFF762001F0B8FF002001F0B5FF6620B8
:1055B00001F0B2FF002001F0AFFF672001F0ACFF67
:1055C000002001F0A9FF672001F0A6FF002001F0F4
:1055D000A3FF872001F0A0FF002001F09DFF99208C
:1055E00001F09AFF002001F097FFBB2001F094FF2B
:1055F000002001F091FF992001F08EFF002001F0C2
:105600008BFF772001F088FF002001F085FF442008
:1056100001F082FF002001F07FFF562001F07CFFA7
:10562000002001F079FF232001F076FF002001F037
:1056300073FF332001F070FF002001F06DFF452063
:1056400001F06AFF002001F067FFE82001F070FF21
:10565000002001F061FF002001F05EFF992001F0C1
:105660005BFF002001F058FF872001F055FF00206C
:1056700001F052FF882001F04FFF002001F04CFFA5
:10568000772001F049FF002001F046FF662001F07D
:1056900043FF002001F040FF882001F03DFF002083
:1056A00001F03AFFAA2001F037FF002001F034FF9B
:1056B000BB2001F031FF002001F02EFF992001F006
:1056C0002BFF002001F028FF662001F025FF0020BD
:1056D00001F022FF552001F01FFF002001F01CFF08
:1056E000552001F019FF002001F016FF442001F0C1
:1056F00013FF002001F010FF442001F00DFF0020F7
:1057000001F00AFF552001F007FF002001F004FF1F
:10571000E92001F00DFFAA2001F0FEFE002001F0BB
:10572000FBFE002001F0F8FE002001F0F5FE002055
:1057300001F0FEFEAA2001F0EFFECF2001F0F8FEFE
:10574000002001F0E9FE002001F0E6FE002001F05B
:10575000E3FE002001F0E0FE002001F0DDFE00206D
:1057600001F0DAFE002001F0D7FE002001F0D4FEA7
:10577000002001F0D1FE002001F0CEFE002001F05B
:10578000CBFE002001F0C8FE002001F0C5FE002085
:1057900001F0C2FE002001F0BFFE002001F0BCFEBF
:1057A000002001F0B9FEF02001F0C2FE002001F05F
:1057B000B3FE502001F0B0FE002001F0ADFE00204D
:1057C00001F0AAFE002001F0A7FEF32001F0B0FED8
:1057D000002001F0A1FEF92001F0AAFE062001F050
:1057E0009BFE102001F098FE292001F095FE00207C
:1057F00001F092FE3A2001F09BFE552001F08CFE54
:10580000112001F095FE6420FEF74CFC292001F0E8
:105810008FFE352001F08CFE002001F07DFE51202E
:1058200001F086FEFF2001F077FE532001F080FE9C
:105830002C2001F071FE552001F07AFE822001F04B
:105840006BFE2C2001F074FE10BD10B555214FF4F5
:10585000704001F083FEAA214FF2010001F07EFEAC
:1058600052214FF2020001F079FE08214FF20300AD
:1058700001F074FE01214FF2040001F06FFE0D21D2
:105880004FF4304001F06AFE0D214BF2010001F0AF
:1058900065FE0D214BF2020001F060FE34214FF451
:1058A000364001F05BFE34214BF2016001F056FE00
:1058B00034214BF2026001F051FE0D214FF43140D2
:1058C00001F04CFE0D214BF2011001F047FE0D21BD
:1058D0004BF2021001F042FE34214FF4374001F048
:1058E0003DFE34214BF2017001F038FE34214BF2C1
:1058F000027001F033FE00214FF4324001F02EFE21
:1059000000214BF2012001F029FE00214BF2022080
:1059100001F024FE24214FF4384001F01FFE242121
:105920004BF6010001F01AFE24214BF6020001F0B3
:1059300015FE01214FF43F4001F010FE0F214FF4FE
:10594000334001F00BFE0F214BF2013001F006FE57
:105950000F214BF2023001F001FE34214FF43940A7
:1059600001F0FCFD34214BF6011001F0F7FD34216C
:105970004BF6021001F0F2FD08214FF4354001F022
:10598000EDFD08214BF2015001F0E8FD08214BF23A
:10599000025001F0E3FD03214FF4424001F0DEFD2F
:1059A00024214FF43A4001F0D9FD24214BF6012087
:1059B00001F0D4FD24214BF6022001F0CFFD00219F
:1059C0004FF43C4001F0CAFD78214BF6014001F054
:1059D000C5FD00214BF6024001F0C0FD00214FF44F
:1059E0003D4001F0BBFD78214BF6015001F0B6FDC2
:1059F00000214BF6025001F0B1FD00214FF43E4072
:105A000001F0ACFD64214BF6016001F0A7FD00211F
:105A10004FF4514001F0A2FD33214DF2011001F08D
:105A20009DFD00214DF2021001F098FD34214DF250
:105A3000031001F093FD00214DF2041001F08EFDE2
:105A40003A214DF2051001F089FD00214DF20610BA
:105A500001F084FD4A214DF2071001F07FFD002185
:105A60004DF2081001F07AFD5C214DF2091001F0B1
:105A700075FD00214DF20A1001F070FD81214DF2FB
:105A80000B1001F06BFD00214DF20C1001F066FDD2
:105A9000A6214DF20D1001F061FD00214DF20E1016
:105AA00001F05CFDE5214DF20F1001F057FD0121E1
:105AB0004DF2101001F052FD13214DF2111001F0C2
:105AC0004DFD01214DF2121001F048FD54214DF21F
:105AD000131001F043FD01214DF2141001F03EFDC1
:105AE00082214DF2151001F039FD01214DF2161001
:105AF00001F034FDCA214DF2171001F02FFD0221F3
:105B00004DF2181001F02AFD00214DF2191001F09C
:105B100025FD02214DF21A1001F020FD01214DF268
:105B20001B1001F01BFD02214DF21C1001F016FDAF
:105B300034214DF21D1001F011FD02214DF21E1015
:105B400001F00CFD67214DF21F1001F007FD02214D
:105B50004DF2201001F002FD84214DF2211001F0E0
:105B6000FDFC02214DF2221001F0F8FCA4214DF2BF
:105B7000231001F0F3FC02214DF2241001F0EEFCA1
:105B8000B7214DF2251001F0E9FC02214DF226105B
:105B900001F0E4FCCF214DF2271001F0DFFC0221DF
:105BA0004DF2281001F0DAFCDE214DF2291001F04F
:105BB000D5FC02214DF22A1001F0D0FCF2214DF269
:105BC0002B1001F0CBFC02214DF22C1001F0C6FC91
:105BD000FE214DF22D1001F0C1FC03214DF22E10DB
:105BE00001F0BCFC10214DF22F1001F0B7FC032195
:105BF0004DF2301001F0B2FC33214DF2311001F0C2
:105C0000ADFC03214DF2321001F0A8FC6D214DF2E4
:105C1000331001F0A3FC00214FF4524001F09EFC30
:105C200033214DF2012001F099FC00214DF20220B8
:105C300001F094FC34214DF2032001F08FFC00218F
:105C40004DF2042001F08AFC3A214DF2052001F0CA
:105C500085FC00214DF2062001F080FC4A214DF226
:105C6000072001F07BFC00214DF2082001F076FCBA
:105C70005C214DF2092001F071FC00214DF20A2057
:105C800001F06CFC81214DF20B2001F067FC00213A
:105C90004DF20C2001F062FCA6214DF20D2001F026
:105CA0005DFC00214DF20E2001F058FCE5214DF283
:105CB0000F2001F053FC01214DF2102001F04EFCA9
:105CC00013214DF2112001F049FC01214DF2122067
:105CD00001F044FC54214DF2132001F03FFC01215E
:105CE0004DF2142001F03AFC82214DF2152001F012
:105CF00035FC01214DF2162001F030FCCA214DF295
:105D0000172001F02BFC02214DF2182001F026FC97
:105D100000214DF2192001F021FC02214DF21A2040
:105D200001F01CFC01214DF21B2001F017FC0221A7
:105D30004DF21C2001F012FC34214DF21D2001F027
:105D40000DFC02214DF21E2001F008FC67214DF2EE
:105D50001F2001F003FC02214DF2202001F0FEFB88
:105D600084214DF2212001F0F9FB02214DF2222085
:105D700001F0F4FBA4214DF2232001F0EFFB0221FE
:105D80004DF2242001F0EAFBB7214DF2252001F06D
:105D9000E5FB02214DF2262001F0E0FBCF214DF280
:105DA000272001F0DBFB02214DF2282001F0D6FB79
:105DB000DE214DF2292001F0D1FB02214DF22A20F3
:105DC00001F0CCFBF2214DF22B2001F0C7FB0221A8
:105DD0004DF22C2001F0C2FBFE214DF22D2001F0EE
:105DE000BDFB03214DF22E2001F0B8FB10214DF236
:105DF0002F2001F0B3FB03214DF2302001F0AEFB68
:105E000033214DF2312001F0A9FB03214DF2322064
:105E100001F0A4FB6D214DF2332001F09FFB002126
:105E20004FF4534001F09AFB33214DF2013001F061
:105E300095FB00214DF2023001F090FB34214DF230
:105E4000033001F08BFB00214DF2043001F086FBA2
:105E50003A214DF2053001F081FB00214DF2063070
:105E600001F07CFB4A214DF2073001F077FB002165
:105E70004DF2083001F072FB5C214DF2093001F067
:105E80006DFB00214DF20A3001F068FB81214DF2DB
:105E90000B3001F063FB00214DF20C3001F05EFB92
:105EA000A6214DF20D3001F059FB00214DF20E30CC
:105EB00001F054FBE5214DF20F3001F04FFB0121C1
:105EC0004DF2103001F04AFB13214DF2113001F078
:105ED00045FB01214DF2123001F040FB54214DF2FF
:105EE000133001F03BFB01214DF2143001F036FB81
:105EF00082214DF2153001F031FB01214DF21630B7
:105F000001F02CFBCA214DF2173001F027FB0221D2
:105F10004DF2183001F022FB00214DF2193001F052
:105F20001DFB02214DF21A3001F018FB01214DF248
:105F30001B3001F013FB02214DF21C3001F00EFB6F
:105F400034214DF21D3001F009FB02214DF21E30CB
:105F500001F004FB67214DF21F3001F0FFFA02212E
:105F60004DF2203001F0FAFA84214DF2213001F097
:105F7000F5FA02214DF2223001F0F0FAA4214DF29F
:105F8000233001F0EBFA02214DF2243001F0E6FA61
:105F9000B7214DF2253001F0E1FA02214DF2263011
:105FA00001F0DCFACF214DF2273001F0D7FA0221BF
:105FB0004DF2283001F0D2FADE214DF2293001F005
:105FC000CDFA02214DF22A3001F0C8FAF2214DF249
:105FD0002B3001F0C3FA02214DF22C3001F0BEFA51
:105FE000FE214DF22D3001F0B9FA03214DF22E3091
:105FF00001F0B4FA10214DF22F3001F0AFFA032175
:106000004DF2303001F0AAFA33214DF2313001F077
:10601000A5FA03214DF2323001F0A0FA6D214DF2C4
:10602000333001F09BFA00214FF4544001F096FA0E
:1060300033214DF2014001F091FA00214DF202406E
:1060400001F08CFA34214DF2034001F087FA00216F
:106050004DF2044001F082FA3A214DF2054001F080
:106060007DFA00214DF2064001F078FA4A214DF206
:10607000074001F073FA00214DF2084001F06EFA7A
:106080005C214DF2094001F069FA00214DF20A400D
:1060900001F064FA81214DF20B4001F05FFA00211A
:1060A0004DF20C4001F05AFAA6214DF20D4001F0DC
:1060B00055FA00214DF20E4001F050FAE5214DF263
:1060C0000F4001F04BFA01214DF2104001F046FA69
:1060D00013214DF2114001F041FA01214DF212401D
:1060E00001F03CFA54214DF2134001F037FA01213E
:1060F0004DF2144001F032FA82214DF2154001F0C8
:106100002DFA01214DF2164001F028FACA214DF274
:10611000174001F023FA02214DF2184001F01EFA57
:1061200000214DF2194001F019FA02214DF21A40F6
:1061300001F014FA01214DF21B4001F00FFA022187
:106140004DF21C4001F00AFA34214DF21D4001F0DD
:1061500005FA02214DF21E4001F000FA67214DF2CE
:106160001F4001F0FBF902214DF2204001F0F6F949
:1061700084214DF2214001F0F1F902214DF222403B
:1061800001F0ECF9A4214DF2234001F0E7F90221DE
:106190004DF2244001F0E2F9B7214DF2254001F023
:1061A000DDF902214DF2264001F0D8F9CF214DF260
:1061B000274001F0D3F902214DF2284001F0CEF939
:1061C000DE214DF2294001F0C9F902214DF22A40A9
:1061D00001F0C4F9F2214DF22B4001F0BFF9022188
:1061E0004DF22C4001F0BAF9FE214DF22D4001F0A4
:1061F000B5F903214DF22E4001F0B0F910214DF216
:106200002F4001F0ABF903214DF2304001F0A6F927
:1062100033214DF2314001F0A1F903214DF232401A
:1062200001F09CF96D214DF2334001F097F9002106
:106230004FF4554001F092F933214DF2015001F035
:106240008DF900214DF2025001F088F934214DF210
:10625000035001F083F900214DF2045001F07EF962
:106260003A214DF2055001F079F900214DF2065026
:1062700001F074F94A214DF2075001F06FF9002145
:106280004DF2085001F06AF95C214DF2095001F01D
:1062900065F900214DF20A5001F060F981214DF2BB
:1062A0000B5001F05BF900214DF20C5001F056F952
:1062B000A6214DF20D5001F051F900214DF20E5082
:1062C00001F04CF9E5214DF20F5001F047F90121A1
:1062D0004DF2105001F042F913214DF2115001F02E
:1062E0003DF901214DF2125001F038F954214DF2DF
:1062F000135001F033F901214DF2145001F02EF941
:1063000082214DF2155001F029F901214DF216506C
:1063100001F024F9CA214DF2175001F01FF90221B2
:106320004DF2185001F01AF900214DF2195001F008
:1063300015F902214DF21A5001F010F901214DF228
:106340001B5001F00BF902214DF21C5001F006F92F
:1063500034214DF21D5001F001F902214DF21E5081
:1063600001F0FCF867214DF21F5001F0F7F802210F
:106370004DF2205001F0F2F884214DF2215001F04D
:10638000EDF802214DF2225001F0E8F8A4214DF27F
:10639000235001F0E3F802214DF2245001F0DEF821
:1063A000B7214DF2255001F0D9F802214DF22650C7
:1063B00001F0D4F8CF214DF2275001F0CFF802219F
:1063C0004DF2285001F0CAF8DE214DF2295001F0BB
:1063D000C5F802214DF22A5001F0C0F8F2214DF229
:1063E0002B5001F0BBF802214DF22C5001F0B6F811
:1063F000FE214DF22D5001F0B1F803214DF22E5047
:1064000001F0ACF810214DF22F5001F0A7F8032154
:106410004DF2305001F0A2F833214DF2315001F02D
:106420009DF803214DF2325001F098F86D214DF2A4
:10643000335001F093F800214FF4564001F08EF8EC
:1064400033214DF2016001F089F800214DF2026024
:1064500001F084F834214DF2036001F07FF800214F
:106460004DF2046001F07AF83A214DF2056001F036
:1064700075F800214DF2066001F070F84A214DF2E6
:10648000076001F06BF800214DF2086001F066F83A
:106490005C214DF2096001F061F800214DF20A60C3
:1064A00001F05CF881214DF20B6001F057F80021FA
:1064B0004DF20C6001F052F8A6214DF20D6001F092
:1064C0004DF800214DF20E6001F048F8E5214DF243
:1064D0000F6001F043F801214DF2106001F03EF829
:1064E00013214DF2116001F039F801214DF21260D3
:1064F00001F034F854214DF2136001F02FF801211E
:106500004DF2146001F02AF882214DF2156001F07D
:1065100025F801214DF2166001F020F8CA214DF254
:10652000176001F01BF802214DF2186001F016F817
:1065300000214DF2196001F011F802214DF21A60AC
:1065400001F00CF801214DF21B6001F007F8022167
:106550004DF21C6001F002F834214DF21D6000F094
:10656000FDFF02214DF21E6000F0F8FF67214DF2A1
:106570001F6000F0F3FF02214DF2206000F0EEFFFB
:1065800084214DF2216000F0E9FF02214DF22260EA
:1065900000F0E4FFA4214DF2236000F0DFFF0221B0
:1065A0004DF2246000F0DAFFB7214DF2256000F0D3
:1065B000D5FF02214DF2266000F0D0FFCF214DF231
:1065C000276000F0CBFF02214DF2286000F0C6FFEB
:1065D000DE214DF2296000F0C1FF02214DF22A6058
:1065E00000F0BCFFF2214DF22B6000F0B7FF02215A
:1065F0004DF22C6000F0B2FFFE214DF22D6000F054
:10660000ADFF03214DF22E6000F0A8FF10214DF2E6
:106610002F6000F0A3FF03214DF2306000F09EFFD9
:1066200033214DF2316000F099FF03214DF23260C9
:1066300000F094FF6D214DF2336000F08FFF552183
:106640004FF4704000F08AFFAA214FF2010000F0E1
:1066500085FF52214FF2020000F080FF08214FF227
:10666000030000F07BFF00214FF2040000F076FFF2
:10667000CC214FF4314000F071FF00214BF20110AA
:1066800000F06CFF05214FF4364000F067FF7021E9
:106690004FF4374000F062FF70214BF2017000F0C0
:1066A0005DFF01214FF4384000F058FF03214BF605
:1066B000010000F053FF03214BF6020000F04EFFF3
:1066C00003214BF6030000F049FF02214FF43C4048
:1066D00000F044FF00214BF6014000F03FFF002195
:1066E0004BF6024000F03AFFD0214FF4494000F051
:1066F00035FF02214CF6011000F030FF50214CF61E
:10670000021000F02BFF50214CF6031000F026FF82
:1067100050214CF6041000F021FF00214FF454509A
:1067200000F01CFF55214FF4685000F017FF4FF4A4
:10673000885000F0FDFE7820FDF7C0FC4FF4245097
:1067400000F0F6FE10BD10B5E22000F0F1FE1D20B5
:1067500000F0E2FE022000F0DFFE042000F0DCFE8C
:106760006420FDF7ABFCE02000F0E2FE012000F029
:10677000D3FE0A20FDF796FCE02000F0D9FE0320AE
:1067800000F0CAFE0C20FDF78DFC012000F0D0FEC9
:106790000A20FDF787FCE62000F0CAFE2F2000F05B
:1067A000BBFEFF2000F0B8FEFF2000F0B5FEB020D9
:1067B00000F0BEFE202000F0AFFE002000F0ACFE96
:1067C000032000F0A9FE40F21F3000F0A5FE0120DA
:1067D00000F0A2FE40F2DF1000F09EFE002000F06C
:1067E0009BFEB42000F0A4FE042000F095FE40F2D1
:1067F0001F4000F091FE002000F08EFE2E2000F0E1
:106800008BFE002000F088FE002000F085FE0020B6
:1068100000F082FE002000F07FFEB62000F088FE2F
:10682000022000F079FE4FF4037000F075FE0020A6
:1068300000F072FE172000F06FFE152000F06CFED5
:10684000002000F069FE002000F066FEF02000F05D
:106850006FFE032000F060FE292000F069FED020CA
:1068600000F066FE002000F057FEBE2000F060FE43
:10687000052000F051FEFE2000F04EFE012000F049
:106880004BFE002000F048FE002000F045FE0020F6
:1068900000F042FEB82000F04BFE032000F03CFE6A
:1068A000012000F039FEBA2000F042FE012000F085
:1068B00033FE10BD10B5112000F03AFE7820FDF730
:1068C000F1FB362000F034FE002000F025FE3A20D7
:1068D00000F02EFE052000F01FFEB22000F028FE82
:1068E0000C2000F019FE0C2000F016FE002000F035
:1068F00013FE332000F010FE332000F00DFEB72011
:1069000000F016FE352000F007FEBB2000F010FE60
:10691000322000F001FEC02000F00AFE0C2000F042
:10692000FBFDC22000F004FE012000F0F5FDC320B5
:1069300000F0FEFD102000F0EFFDC42000F0F8FD97
:10694000202000F0E9FDC62000F0F2FD0F2000F04D
:10695000E3FDD02000F0ECFDA42000F0DDFDA1203F
:1069600000F0DAFDE02000F0E3FDD02000F0D4FDDF
:10697000002000F0D1FD022000F0CEFD072000F045
:10698000CBFD0A2000F0C8FD282000F0C5FD322014
:1069900000F0C2FD442000F0BFFD422000F0BCFD2D
:1069A000062000F0B9FD0E2000F0B6FD122000F028
:1069B000B3FD142000F0B0FD172000F0ADFDE12084
:1069C00000F0B6FDD02000F0A7FD002000F0A4FDEF
:1069D000022000F0A1FD072000F09EFD0A2000F03B
:1069E0009BFD282000F098FD312000F095FD5420FB
:1069F00000F092FD472000F08FFD0E2000F08CFD8E
:106A00001C2000F089FD172000F086FD1B2000F0FF
:106A100083FD1E2000F080FD2A2000F089FD00206B
:106A200000F07AFD002000F077FD002000F074FDFA
:106A3000EF2000F071FD2B2000F07AFD002000F027
:106A40006BFD002000F068FD012000F065FD3F2097
:106A500000F062FD292000F06BFD10BD10B5112083
:106A600000F066FD7820FDF71DFB362000F060FD8C
:106A7000482000F051FD3A2000F05AFD552000F06A
:106A80004BFDF02000F054FDC32000F045FDF02048
:106A900000F04EFD962000F03FFDB42000F048FDD0
:106AA000012000F039FDB62000F042FD0A2000F080
:106AB00033FDA22000F030FDB72000F039FDC620E4
:106AC00000F02AFDB92000F033FD022000F024FD83
:106AD000E02000F021FDC02000F02AFD802000F021
:106AE0001BFD162000F018FDC12000F021FD19202B
:106AF00000F012FDC22000F01BFDA72000F00CFDED
:106B0000C52000F015FD162000F006FDE82000F07D
:106B10000FFD402000F000FD8A2000F0FDFC002069
:106B200000F0FAFC002000F0F7FC292000F0F4FC53
:106B3000192000F0F1FCA52000F0EEFC332000F05D
:106B4000EBFCE02000F0F4FCF02000F0E5FC072076
:106B500000F0E2FC0D2000F0DFFC042000F0DCFC83
:106B6000052000F0D9FC142000F0D6FC362000F0FF
:106B7000D3FC542000F0D0FC4C2000F0CDFC382099
:106B800000F0CAFC132000F0C7FC142000F0C4FC85
:106B90002E2000F0C1FC342000F0BEFCE12000F00B
:106BA000C7FCF02000F0B8FC102000F0B5FC142069
:106BB00000F0B2FC0E2000F0AFFC0C2000F0ACFCAA
:106BC000082000F0A9FC352000F0A6FC442000F0CD
:106BD000A3FC4C2000F0A0FC262000F09DFC10201F
:106BE00000F09AFC122000F097FC2C2000F094FC9E
:106BF000322000F091FCF02000F09AFC3C2000F0E4
:106C00008BFCF02000F094FC692000F085FC7820DB
:106C1000FDF748FA212000F08BFC292000F088FCC9
:106C200010BD000000B595B000BF00BF002001906E
:106C3000F848006840F04000F649086008460068DF
:106C400000F04000019000BF00BF00BF00BF00BFC8
:106C5000002001900846006840F0080008600846DF
:106C6000006800F00800019000BF00BF00BF00BF37
:106C700000BF002001900846006840F0080008604E
:106C80000846006800F00800019000BF00BF00BF88
:106C900000BF00BF002001900846006840F040009F
:106CA00008600846006800F04000019000BF00BF87
:106CB00000BF00BF00BF002001900846006840F000
:106CC000020008600846006800F00200019000BF62
:106CD00000BF00BF88141090022011900120129074
:106CE000022013900C20149010A9CB48FAF7A0F9B9
:106CF0002020109010A9C948FAF79AF91020109096
:106D000010A9C648FAF794F94FF48050109010A9D2
:106D1000C348FAF78DF94FF400401090012011900C
:106D200010A9C048FAF784F94FF02040BE49086026
:106D3000BE484860062088600021BB48C160102121
:106D4000416100218161C16141624FF480518162E2
:106D50000021C1624FF480410163002141638163DE
:106D60000F20099000200A903C200B9000200F90EB
:106D70000920029000200390092004900020089030
:106D800002AA09A9A848FBF780FB3220FDF78AF97F
:106D9000D32000F0CDFB00F0D5F9A549888000F0A4
:106DA000D1F9A349888000F0CDF9A149888008462F
:106DB00080884FF6FF7101EA00209D49888000F02D
:106DC000C1F99B4989880843994988800846808889
:106DD00049F2413188427CD0042000F0A9FB00F048
:106DE000B1F99349888000F0ADF99149888000F0AD
:106DF000A9F98F498880084680884FF6FF7101EA1B
:106E000000208B49888000F09DF9894989880843D2
:106E1000874988800846808848F25251884203D1C9
:106E200047F28970824988808148808847F2897159
:106E30008842D0D0D42000F07BFB00F083F97C495D
:106E4000888000F07FF97A49888000F07BF97849E2
:106E50008880084680884FF6FF7101EA0020744957
:106E6000888000F06FF972498988084370498880EA
:106E70000846808845F210318842ACD0D32000F01B
:106E800057FB00F05FF96A49888000F05BF96849B8
:106E9000888000F057F966498880084680884FF658
:106EA000FF7101EA00206249888000F04BF96049D7
:106EB000898808435E4988800846808847F2967131
:106EC000884288D055214FF4704000F047FBAA213A
:106ED00000E07EE04FF2010000F040FB52214FF253
:106EE000020000F03BFB08214FF2030000F036FBEC
:106EF00001214FF2040000F031FB4FF4454000F057
:106F000017FB00F01FF94A498880084680884FF631
:106F1000FF7101EA0020464988804CF2015000F0E0
:106F200007FB00F00FF942498988084340498880EF
:106F30000520FDF7B7F83E48808845F21051884299
:106F400047D0D32000F0F4FA00F0FCF838498880EC
:106F500000F0F8F83649888000F0F4F83449888069
:106F6000084680884FF6FF7101EA0020304988808A
:106F700000F0E8F82E49898808432D4988800846A2
:106F8000808849F60601884223D0A12000F0D0FA7B
:106F900000F0D8F82649888000F0D4F82449888089
:106FA000084680884FF6FF7101EA0020204988805A
:106FB00000F0C8F81E49898808431D4988800846A2
:106FC000808845F26171884203D141F66310184907
:106FD00088801748818817A0F9F74EFA14488088EE
:106FE00047F28971884202D1FFF764FC4EE01048F5
:106FF000808849F24131884202D1FDF7F7F945E036
:107000000B48808845F21031884219D1FDF7A4FC65
:107010003CE000003038024000180240000C024002
:10702000001402400004024054020020040100A0A9
:10703000A40200204C43442049443A25780D0A001C
:107040003A48808847F29671884202D1FFF706FDE0
:107050001CE03648808845F21051884202D1FEF784
:10706000F4FB13E03148808849F60601884202D1DA
:10707000FDF7D2FA0AE02D48808841F66311884274
:1070800004D1FFF760FB642000F016FA27488088DF
:1070900047F2897188420BD02448808849F24131F7
:1070A000884205D02148808841F6631188420AD180
:1070B0000320029004901E490B6B8A68486802A95D
:1070C000F9F7E4FC21E01948808845F21031884244
:1070D00011D01648808847F2967188420BD0134829
:1070E000808845F21051884205D01048808849F6C2
:1070F0000601884209D10220029004900C490B6BD2
:107100008A68486802A9F9F7C1FC0120FDF7B8F8C0
:1071100000BF0122D1030748FAF79EF800BF4FF6DF
:10712000FF70FDF793F815B000BD0000A402002029
:10713000540200200004024000BF011EA0F1010023
:10714000FBD1704708B50220FFF7F6FF0248008820
:107150000090BDF8000008BD8000006CF0B5054649
:10716000002400278B488079012805D18948808830
:1071700041F66311884208D186488079F0B9854884
:10718000808841F66311884218D1082D15D2DFE8B6
:1071900005F00406080A0C0E101206250DE007255E
:1071A0000BE0042509E0052507E0012505E00025A1
:1071B00003E0032501E0022500BF00BF082D1CD21B
:1071C000DFE805F00406090C0F12151800BF14E0E3
:1071D00044F0800411E044F040040EE044F0C004A8
:1071E0000BE044F0200408E044F0600405E044F0C3
:1071F000A00402E044F0E00400BF00BF3627654869
:10720000808845F21051884200D13F026148808851
:1072100049F2413188420BD05E48808847F289713B
:10722000884205D05B48808847F29671884201D138
:1072300044F008042146384600F090F9554880880B
:1072400041F6631188421DD004F0200068B1514816
:10725000008850494988884214DA4E480688408898
:107260004C490880084646800CE04A480088494955
:107270004988884206DD4748068840884549088095
:10728000084646804348808845F21051884252D1D2
:107290004049488900F04CF9002000F03DF93D4993
:1072A0004989491C88B200F043F9002000F034F904
:1072B00038494989891C88B200F03AF9354909886A
:1072C000491EC1F30F2000F027F932494989C91C32
:1072D00088B200F02DF92F490978491EC8B200F094
:1072E0001BF92C49888900F023F9002000F014F9DB
:1072F00028498989491C88B200F01AF9002000F059
:107300000BF924498989891C88B200F011F92149B7
:107310004988491EC1F30F2000F0FEF81D498989F4
:10732000C91C88B200F004F91A498978491EC8B20C
:1073300000F0F2F82DE01749488900F0F9F8002034
:1073400000F0EAF8002000F0E7F812490988491E29
:10735000C1F30F2000F0E0F80E490978491EC8B2C9
:1073600000F0DAF80B49888900F0E2F8002000F01C
:10737000D3F8002000F0D0F806494988491EC1F32F
:107380000F2000F0C9F803498978491EC8B200F0FF
:10739000C3F8F0BDA402002010B502460C464548D3
:1073A000808841F66311884247D142488079A8B964
:1073B00040480088401E801A82B23E49488900F049
:1073C000B7F8002000F0A8F8002000F0A5F810128F
:1073D00000F0A2F8D0B200F09FF816E035494889D5
:1073E00000F0A6F8101200F097F8D0B200F094F870
:1073F00030490988491EC1F30F2000F08DF82D494E
:107400000978491EC8B200F087F82A49888900F037
:107410008FF8201200F080F8E0B200F07DF82549E6
:107420004988491EC1F30F2000F076F82149897878
:10743000491EC8B200F070F83AE01E48808845F254
:107440001051884220D11B49488900F071F8101270
:1074500000F062F817494989491C88B200F068F8C1
:10746000D0B200F059F81349888900F061F8201271
:1074700000F052F80F498989491C88B200F058F889
:10748000E0B200F049F813E00A49488900F050F8EA
:10749000101200F041F8D0B200F03EF8054988899A
:1074A00000F046F8201200F037F8E0B200F034F8AF
:1074B00010BD0000A402002070B52DED048B044621
:1074C000BE2000F035F8052000F026F8204603F035
:1074D0005CFB41EC190B9FED0E0B53EC102B03F0F2
:1074E00067FB41EC180B03F023FB85B2284600F044
:1074F00013F8012000F010F8FF2000F00DF8002034
:1075000000F00AF8002000F007F8BDEC048B70BD15
:10751000666666666666044001B5BDF800000090C8
:10752000BDF800000149088008BD00008000006C23
:1075300001B5BDF800000090BDF8000001490880C9
:1075400008BD00007E00006C0248008902490880E6
:1075500070470000A40200207E00006C034A1080E7
:107560004FF0D842A2F88010704700007E00006CF7
:1075700000B587B000BF00BF002001902048006820
:1075800040F020001E4908600846006800F0200016
:10759000019000BF00BF00BF00BF00BF00200190EE
:1075A0000846006840F0200008600846006800F0C7
:1075B0002000019000BF00BF00BF481502900120CD
:1075C000039004900220059002A90E48F9F730FDBF
:1075D0004FF48060029002A90A48F9F729FD00BF24
:1075E000012251020748F9F737FE00BF00BF012210
:1075F00091020448F9F730FE00BF07B000BD00005B
:1076000030380240001402402AE000BF4FF40071FD
:107610001448F9F717FE00BF00BF4FF4806111480E
:10762000F9F710FE00BF10480068A0F164010F22B6
:107630000E4800F0BFF94FF4FA7002F0F9F90B4868
:107640000078401C0949087007480068A0F16401EF
:107650000F22074800F00CF94FF4FA7002F0E8F935
:10766000D3E7000000140240200100201001002098
:107670000C3E012001E0FFF7C7FFFCE710B5FAF769
:107680001FF90723022208214FF4A87001F0FCFC27
:10769000A820FCF7EBFC4FF4E13001F0EBFFFFF723
:1076A00067FFFFF7BFFAFCF753FDFBF72BFF084915
:1076B0000868804700F07CF801F0EEF9002000F047
:1076C00009F8012000F006F8FCF72AFD002010BDA3
:1076D0002C00002010B504460C4951F824104A0033
:1076E0000B4951F82400002100F036F8094951F8FF
:1076F00024200749083951F82400002100F02CF813
:10770000012103480830015510BD0000D8AD000824
:1077100084000020E8AD000810B5014600230022D7
:1077200007E00B4850F8210030F8120000B15B1C54
:10773000521C084850F821009042F2D84FF47A7059
:107740005843044C54F82140B0FBF4F080B210BD13
:1077500084000020D8AD000830B5034601E003F8EE
:10776000011B141EA2F10102F9D130BD10B504466F
:10777000240300F07BF900F013F900BF00224FF45E
:1077800080410A48F9F768FD00BF202001F044F964
:10779000204600F0EBF800BF012291030348F9F7FF
:1077A0005BFD00BF00F0FCF810BD000000040240CB
:1077B00010B586B000BF00BF0020009029480068C7
:1077C00040F00200274908600846006800F0020007
:1077D000009000BF00BF00BF4FF480400190012027
:1077E000029003900220049001A91F48F9F720FCA1
:1077F00000BF012291031C48F9F72EFD00BF01F0E4
:10780000C9F8012001F024F900F05AF8174908805E
:10781000084600884EF61871884220D1032000F0F7
:1078200077F8044604F00100C8B900F01FF944F0ED
:1078300002042146032000F07FF900BF00224FF42C
:1078400080410948F9F708FD00BFB72001F0E4F8CE
:1078500000BF012291030448F9F7FEFC00BF06B007
:1078600010BD000030380240000402402800002013
:107870002DE9F04105460E46174600BF00224FF4A1
:1078800080410E48F9F7E8FC00BF032001F0C4F87E
:10789000304600F06BF8002405E0FF2001F0BCF852
:1078A0002855601C84B2BC42F7DB00BF0122910363
:1078B0000248F9F7D1FC00BFBDE8F08100040240A6
:1078C00010B500BF00224FF480411048F9F7C4FC06
:1078D00000BF902001F0A0F8002001F09DF80020EA
:1078E00001F09AF8002001F097F8FF2001F094F8D9
:1078F0000402FF2001F090F8044300BF012291032D
:107900000248F9F7A9FC00BF204610BD0004024060
:1079100070B5044600250026012C04D0022C04D0AA
:10792000032C06D103E0052605E0352603E01526E5
:1079300001E0052600BF00BF00BF00224FF48041D8
:107940000948F9F789FC00BF304601F065F8FF20CF
:1079500001F062F8054600BF012291030248F9F7E1
:107960007BFC00BF284670BD0004024010B50446F1
:107970000A4800884EF61871884202D1200E01F0A4
:107980004BF8C4F3074001F047F8C4F3072001F0B7
:1079900043F8E0B201F040F810BD000028000020DC
:1079A00010B500BF0120FFF7B3FF00F00100002871
:1079B000F8D110BD2DE9F05F81460F461646DFF87D
:1079C000A8B04FEA1738C7F30B0ACAF58054A6428D
:1079D00000DC344644E04FEA08314FF48052584608
:1079E000FFF746FF002508E00AEB05001BF8000042
:1079F000FF2800D003E0681C85B2A542F4DB00BF7D
:107A0000A54216DA4046FFF7B1FE002507E019F857
:107A1000050005EB0A010BF80100681C85B2A542C0
:107A2000F5DB4FEA08314FF48052584600F034F845
:107A300004E022463946484600F02EF8A64200D11E
:107A40000FE008F101084FF0000AA1442744301B61
:107A500086B2B6F5805F02DD4FF4805400E0344614
:107A6000B9E700BFBDE8F09FB804002010B500BF23
:107A700000224FF480410748F9F7EEFB00BF0620D3
:107A800000F0CAFF00BF012291030248F9F7E4FBAE
:107A900000BF10BD000402402DE9F04107460E462C
:107AA0001446F0B2C0F58075AC4200DC254612E009
:107AB0002A463146384600F013F8AC4200D10BE0BC
:107AC0002F442E44601B84B2B4F5807F02DD4FF456
:107AD000807500E02546EBE700BFBDE8F0810000BF
:107AE0002DE9F04105460E461746FFF7BFFF00BFE0
:107AF00000224FF480410F48F9F7AEFB00BF02208F
:107B000000F08AFF3046FFF731FF002404E0285DD3
:107B100000F082FF601C84B2BC42F8DB00BF01228F
:107B200091030448F9F798FB00BFFFF739FFBDE860
:107B3000F08100000004024070B504460D460026A6
:107B4000012C04D0022C04D0032C06D103E0012622
:107B500005E0312603E0112601E0012600BF00BF49
:107B600000BF00224FF480410848F9F775FB00BFC1
:107B7000304600F051FF284600F04EFF00BF0122C2
:107B800091030248F9F768FB00BF70BD0004024092
:107B90002DE9F04105460E4629480768002029498D
:107BA000096881F8590027480068001D01F07EFD32
:107BB00050B92448006890F82C10012088402249D0
:107BC0000968814320480160681CD8B9D6B11F49B3
:107BD00048681C49096888601A4982680968CA604F
:107BE00018490968091D8268516016490968091D0C
:107BF0008160164A134909684A6111460968491C9F
:107C000011601AE07C190F4800684460BC4207D23A
:107C10000C480168091D0E48006801F06BFD0CE07E
:107C200008480168091D0B48006801F063FD0A4817
:107C30000068844201D208480460BDE8F081000079
:107C4000A400002090000020A8000020D07D00208B
:107C50009800002094000020C000002010B50446C9
:107C600001F06EFD31480068401C30490860304822
:107C7000006840B92E4804600846006801280DD10C
:107C800000F016FA0AE02B48006838B92848006866
:107C9000C06AE16A884201D8254804602648006825
:107CA000401C2549086008460068606494F82C1060
:107CB0000120884021490968084320490860E16A99
:107CC00001EB81011E4A02EB81014868A0608268D5
:107CD000E260211D826851608160E16A01EB8101EF
:107CE000174A02EB81026261E16A01EB8101144AE9
:107CF00052F82110491CE26A02EB8202104B43F851
:107D0000221001F069FD0B48006868B1084800685E
:107D1000C06AE16A884207D24FF080500949086082
:107D2000BFF34F8FBFF36F8F10BD0000A000002086
:107D300090000020AC000020BC000020A800002023
:107D4000007B002004ED00E010B501F0F9FC1048C4
:107D50000068D0B90F4801F0BDFC0F4801F0BAFC33
:107D60000C480E4908600C480D490860002210219B
:107D7000052002F071F9064908600846006820B144
:107D800008A10348006801F0E7FD01F025FD10BDE2
:107D9000D8000020E47D0020F87D0020D0000020E5
:107DA000D4000020546D72510000000010B516E0A0
:107DB00001F0C6FC0C48C068C468201D01F076FCC8
:107DC0000A480068401E0949086009480068401ECA
:107DD0000749086001F000FD204600F05FF8044804
:107DE00000680028E4D110BDBC7D0020A000002068
:107DF0009C00002070B504460D46206C70B1216CCB
:107E0000E0680144E160D4E90210884201D32168AE
:107E1000E1602846226CE168F8F700FC70BD2DE9AE
:107E2000F04104460F4615464FF00008A66B206C43
:107E300048B9206800282CD1A06802F033FC8046A5
:107E40000020A06025E07DB93946226C6068F8F713
:107E5000E5FB216C606808446060D4E90101884258
:107E600017D32068606014E03946226CE068F8F7A8
:107E7000D5FB216CE068411AE1602168E068884226
:107E800003D2216CA068411AE160022D01D106B134
:107E9000761E701CA0634046BDE8F08110B5044614
:107EA000206B01F0D9FC204601F0D6FC10BD00008B
:107EB0000146084A126812680AB9012200E000224D
:107EC0000A600A6822B9034A1268D268106800E0A2
:107ED00000207047D000002030B54FF440431748D1
:107EE00000F007042CB1C01D20F00700134C041B48
:107EF0001B1B0246124C22600024114D6C60D018EE
:107F0000083820F007000F4C206000240D4D2D682C
:107F10006C600C4D2D682C601146441A4C60094C65
:107F200024680C60084D4C682C60084D4C682C602F
:107F30004FF00044064D2C6030BD00000C7E002048
:107F4000E4000020EC000020F4000020F0000020FD
:107F50000001002000BFFFF729FF06480068012844
:107F6000F9D94FF0805004490860BFF34F8FBFF339
:107F70006F8FF0E7007B002004ED00E02DE9F04179
:107F800006460D4617469846069C0DB9246000E04B
:107F90002760E66325640121204602F0A5F884F8F5
:107FA00050800020A064BDE8F08100002DE9F05F62
:107FB00082460F4690469B460A9E0C9C4FEA8801DB
:107FC000A522206BF8F76FFBA8F10100216B01EBF4
:107FD000800929F0070909F0070008B9012000E02D
:107FE000002028B94FF4587224A12DA0F8F744FAC4
:107FF00087B1002507E0795D04F134004155785DD3
:1080000000B902E06D1C102DF5D300BF0021432004
:10801000015502E0002084F83400202E01D2012016
:1080200000E0002028B940F2973214A11CA0F8F714
:1080300023FA202E00D31F26E662E6640020206586
:10804000201D01F054FB04F1180001F050FB2461E5
:10805000C6F12000A06164620020606584F85800C9
:1080600084F859005A465146484600F0FBFB206010
:108070000B9808B10B980460BDE8F09F2E2E5C2E83
:108080002E5C4D6964646C6577617265735C4672E1
:10809000656552544F535C7461736B732E630000BB
:1080A0004572726F723A2025732C2025640D0A00E8
:1080B00010B5002407E004EB84010F4A02EB8100B5
:1080C00001F008FB641C202CF5D30C4801F002FBE6
:1080D0000B4801F0FFFA0B4801F0FCFA0A4801F0E6
:1080E000F9FA0A4801F0F6FA044809490860044818
:1080F0000849086010BD0000007B0020807D002042
:10810000947D0020A87D0020BC7D0020D07D002033
:10811000940000209800002010B50146164800E0A9
:10812000006803688B42FBD30246436813448B42CA
:1081300004D143684C682344436001460A464B68B7
:1081400013440468A34211D10C4C03682468A34271
:1081500008D04B680468646823444B6003681B685C
:108160000B6005E0054B1B680B6001E003680B60CA
:10817000884200D0016010BDE4000020EC00002027
:108180002DE9F04104460D4616461F464FF0000803
:1081900065602461B5420CD8F01BA169884202D306
:1081A0004FF0010811E0211D0948006801F0A2FA12
:1081B0000BE0BE4204D2BD4202D34FF0010804E0FE
:1081C000211D0448006801F095FA4046BDE8F081A1
:1081D000D4000020D000002070B5054601F0B0FAB0
:1081E000A86B08B9012400E0002401F0F5FA20464C
:1081F00070BD0000F1B50098846C00262CB940F6E3
:10820000D53220A128A0F8F737F9A06BE16B88429E
:1082100001D2012000E0002028B940F6D63219A191
:1082200021A0F8F729F9A06BE16B884227D294F9D5
:108230004550002269462046FFF7F1FD0646681CBE
:1082400060B9606A08B9012000E00020B0B904F10B
:10825000240002F0AFFA88B101260FE07F2D01D093
:10826000012000E0002028B940F6F63205A10EA05A
:10827000F8F702F9681C40B284F8450000BF3046A8
:10828000F8BD00002E2E5C2E2E5C4D6964646C657A
:1082900077617265735C4672656552544F535C71C9
:1082A000756575652E6300004572726F723A202500
:1082B000732C2025640D0A0070B505460E460E4845
:1082C0000068C068C468201D01F0F0F994F8280027
:1082D00000F0040028B132462946204600F0FEF89E
:1082E00005E094F8280000F0FE0084F828002046FD
:1082F000216A884770BD0000D000002070B586B0AC
:108300008AE0029800280CDA03AE2EB940F2063259
:1083100047A150A0F8F7B0F8D6E90020B16890471F
:1083200000BF0298002877DB049C606908B901202F
:1083300000E0002010B9201D01F0B8F901A800F0FC
:10834000F9F8054602980A2864D2DFE800F06305D0
:10835000072E365306082F3700BF00BF00BF94F822
:10836000280040F0010084F828000398A2698118D1
:1083700003462A462046FFF703FFA8B194F82800D9
:1083800000F0040038B10398A26981182A462046FB
:1083900000F0A4F805E094F8280000F0FE0084F84E
:1083A00028002046216A884735E000BF94F828005D
:1083B00000F0FE0084F828002DE000BF94F82800AB
:1083C00040F0010084F828000398A061A06908B17A
:1083D000012000E0002028B940F2593214A11DA06C
:1083E000F8F74AF8A06941192B462A462046FFF7BC
:1083F000C7FE10E094F8280000F0020018B92046EB
:1084000001F02AFA05E094F8280000F0FE0084F854
:10841000280000E000BF00BF002202A91148006848
:1084200001F0E0FE00287FF46CAF06B070BD0000E4
:108430002E2E5C2E2E5C4D6964646C6577617265CE
:10844000735C4672656552544F535C74696D657216
:10845000732E63004572726F723A2025732C2025AB
:10846000640D0A00D8000020F8B505460C4601F05E
:108470009FFC684600F05EF80646009820BB44B9B1
:10848000B54206D802F03CFA31462846FFF714FF01
:108490001CE03CB10E480068006808B9012000E00B
:1084A00000200446A91B22460A48006801F09AFAF7
:1084B00002F026FA50B94FF0805007490860BFF328
:1084C0004F8FBFF36F8F01E002F01AFAF8BD000082
:1084D000D4000020D800002004ED00E070B5044670
:1084E0000D46164604E0A06905442046216A8847E7
:1084F000A06941192B4632462046FFF741FE00286D
:10850000F1D170BD09480068006808B9012000E099
:10851000002020B14FF0FF300549086005E0034816
:108520000068C06800680249086070479400002035
:10853000C000002070B5044601F0BAFF05460748A8
:108540000068854204D200F00BF80120206001E0B1
:108550000020206001480560284670BDE000002032
:1085600070B508E00D480068C06804684FF0FF313E
:108570002046FFF7A1FE09480068006808B90120FD
:1085800000E000200028EDD0044805680448006899
:10859000024908600248056070BD0000D00000205C
:1085A000D40000200B480068401C08B9012000E0FE
:1085B000002020B9E92208A116A0F7F75DFF00BF4F
:1085C000502080F31188BFF34F8FBFF36F8F00BF30
:1085D00000BFFEE7040100202E2E5C2E2E5C4D69AC
:1085E00064646C6577617265735C4672656552544C
:1085F0004F535C706F727461626C655C5256445389
:108600005C41524D5F434D34465C706F72742E6313
:10861000000000004572726F723A2025732C2025ED
:10862000640D0A0008B500BF6846FFF741FC044628
:1086300020460099FFF718FFFFF760FEF4E770B5DA
:10864000044601F07DF894F9455019E0A06C30B172
:108650002046FFF7CFFD88B101F0CAFA0EE0606A4C
:1086600008B9012000E0002038B904F1240002F02C
:10867000A1F818B101F0BCFA00E003E0681E45B2B1
:10868000002DE3DC00BFFF2084F8450001F0A4F8D2
:1086900001F056F894F9445010E0206908B901201F
:1086A00000E0002048B904F1100002F083F808B19E
:1086B00001F09EFA681E45B200E001E0002DECDCFE
:1086C00000BFFF2084F8440001F086F870BD000070
:1086D0002DE9F04104464FF0000801F069FB4948DC
:1086E000006808B9FFF7F8FB4748006820400028F9
:1086F00075D1002C23D004F10800A0421FD9083402
:1087000004F0070000281BD004F00700C0F10800A7
:108710002044A04211D904F00700C0F1080004442D
:1087200004F0070008B9012000E0002040B99C22B5
:1087300036A144A0F7F7A0FE02E0002400E00024E8
:10874000002C4CD043480068844248D8424E304602
:10875000056801E02E462D686868A04202D22868AC
:108760000028F7D127480068854238D0306800F1EA
:108770000808286830606868001B102813D92F1972
:1087800007F0070008B9012000E0002020B9CF223F
:108790001EA12CA0F7F770FE6868001B78606C6063
:1087A0003846FFF7B9FC2B4968680968081A294957
:1087B00008600846006829490968884203D22548AC
:1087C00000682649086010496868096808436860BD
:1087D0000020286022480068401C2149086002F0FF
:1087E0008FF808F0070008B9012000E0002028B940
:1087F0004FF4887205A113A0F7F73EFE4046BDE88E
:10880000F0810000EC000020000100202E2E5C2EE4
:108810002E5C4D6964646C6577617265735C467249
:10882000656552544F535C706F727461626C655C25
:108830004D656D4D616E675C686561705F342E6378
:10884000000000004572726F723A2025732C2025BB
:10885000640D0A00F0000020E4000020F400002075
:10886000F8000020001F4FF080730360001F21F00C
:1088700001030360001F054B036014380260001FF2
:108880006FF002030360203870470000A5850008E0
:1088900008B500BF00BF002000903948006840F4D0
:1088A0008000374908600846006800F480000090A6
:1088B00000BF00BF00BF00BF00BF002000900846FF
:1088C000006840F4800008600846006800F48000FA
:1088D000009000BF00BF00BF2A482B4908604FF03E
:1088E000C0604860002128488160C1604FF4806109
:1088F0000161002141618161C1614FF480310162F8
:1089000000214162F8F7C0FA00BF1F481F49C86440
:1089100008461D49886300BF1A4818301C49086082
:108920004FF0C06048604021194881600021C1605B
:108930004FF480610161002141618161C1614FF4A7
:108940008031016200214162F8F79EFA00BF1048B1
:108950000E49886408460E49886300BF002211460C
:108960003A20F8F7FCFF3A20F8F7E9FF0022114619
:108970003B20F8F7F4FF3B20F8F7E1FF08BD0000CB
:108980003038024040640240F8030020A003002079
:108990005804002008B500BF00BF002000901B480D
:1089A000006840F48050194908600846006800F4E7
:1089B0008050009000BF00BF00BF154815490860F7
:1089C0004FF482704860002112488160C16002212A
:1089D000016101214161490281613821C1610021A8
:1089E0000162416281620721C162F9F79AFBFFF7D8
:1089F0004FFF08480068006840F0400005490968DA
:108A00000860FF2000F008F808BD0000443802406C
:108A100000300140A003002001B582B000200949C8
:108A2000087009490870012301AA02A90748F9F74B
:108A300053FC00BF044800780028FBD09DF80400D8
:108A40000EBD00002700002026000020A00300200B
:108A500010490968096821F040010E4A1268116046
:108A60000C49096809684FF6C7721140094A126833
:108A7000116008490968096841EAC001054A12689D
:108A8000116004490968096841F04001014A12680F
:108A900011607047A003002000B58DB0FBF748FAC5
:108AA00000BF00BF002000907148006840F0400007
:108AB0006F4908600846006800F04000009000BF61
:108AC00000BF00BF00BF00BF002000900846006844
:108AD00040F0080008600846006800F008000090B8
:108AE00000BF00BF00BF00BF00BF002000900846CD
:108AF000006840F0080008600846006800F00800C0
:108B0000009000BF00BF00BF00BF00200090584889
:108B10000830006840F001005549083108600846F7
:108B2000006800F00100009000BF00BF00BF0020FF
:108B300000904F48006840F008004D490860084622
:108B4000006800F00800009000BF00BF00BF0020D8
:108B500000900846006840F0100008600846006871
:108B600000F01000009000BF00BF00BF0020009088
:108B70000846006840F0200008600846006800F0E1
:108B80002000009000BF00BF00BF002000900846FA
:108B9000006840F0400008600846006800F04000AF
:108BA000009000BF00BF0815089002200990012026
:108BB0000A9002200B900C200C9008A92D48F8F781
:108BC00037FA2020089008A92B48F8F731FA10202E
:108BD000089008A92848F8F72BFA4FF60370089078
:108BE0000220099001200A9002200B9008A9224837
:108BF000F8F71EFA4FF68370089008A91F48F8F797
:108C000017FA4FF23F00089008A91D48F8F710FA2C
:108C10003F20089008A91748F8F70AFA4FF02040BB
:108C200018490860184848600420886000211548E9
:108C3000C16001611021416100218161C161416216
:108C40004FF4805181620021C162016341638163FD
:108C500000200190029006200390002004900790CD
:108C600001AA01A90748F9F710FC0DB000BD0000EA
:108C70003038024000180240000C02400010024050
:108C800000140240B4020020040100A01CB52048DA
:108C9000006840F078001E4908600120032100238D
:108CA0000246CDE900104EF233011A48FAF7ACFE45
:108CB0000120032100230246CDE900104EF22F01CE
:108CC0001548FAF7A1FE0120032100230246CDE951
:108CD000001040F233411148FAF796FE01200321BB
:108CE00000230246CDE900104FF4F0610C48FAF77A
:108CF0008BFE01200B4908600B49C1F8A802094905
:108D0000091F086000200849C1F880021CBD00004E
:108D100030380240000C02400014024000180240AB
:108D20000010024094824142000043422DE9FC4180
:108D30000446002500260027FFF7A8FF00206B4906
:108D4000086001F0EDFE00BF10E0002067490860F8
:108D5000674931F81500FBF721F901F0E1FE012028
:108D60006449C1F8940201F0DBFE6D1C052DECDBBB
:108D700001206149086000205E49C1F89402200A80
:108D8000FBF748F901F0CCFE01205849086001F0DA
:108D9000C7FE00205749C1F89402E0B2FBF73AF948
:108DA00001F0BEFE01205149086001F0B9FE00202B
:108DB0005049C1F894025148006840F078004F498A
:108DC00008600120032103460022CDE900104FF482
:108DD000F0614B48FAF718FE0120032103460022F8
:108DE000CDE900104CF203014648FAF70DFE0020D1
:108DF0003E49091F0860091D086001F091FE01202D
:108E00003C49C1F8940201F08BFE38485C38006898
:108E10003849D1F83C1240EA41003649D1F80012F5
:108E200040EA81003349D1F8041240EAC1003649D2
:108E3000D1F81C1240EA01103349D1F8201240EA5F
:108E400041103149D1F8241240EA81102E49D1F85D
:108E5000281240EAC110C6B201F062FE0020234988
:108E6000086001F05DFE01202249C1F8940201F082
:108E700057FE1E485C3800681E49D1F83C1240EA93
:108E800041001C49D1F8001240EA81001949D1F88B
:108E9000041240EAC1001C49D1F81C1240EA01103A
:108EA0001949D1F8201240EA41101749D1F824128B
:108EB00040EA81101449D1F8281240EAC110C7B223
:108EC00001F02EFE00200C492831086001200749DE
:108ED0000860091F086001F023FE012006492831BF
:108EE000086047EA0620BDE8FC8100009482414208
:108EF0003C01002000804142800243423038024061
:108F000000100240000C02400000424270B50446CE
:108F10000D460026FFF7BAFE01F002FE00BF10E08A
:108F200000202F4908602F4931F81600FBF736F86A
:108F300001F0F6FD01202C49C1F8940201F0F0FD8A
:108F4000761C052EECDB012028490860002026490C
:108F5000C1F89402802141EA1420FBF75BF801F08C
:108F6000DFFD01201E49086001F0DAFD00201E49E6
:108F7000C1F89402E0B2FBF74DF801F0D1FD0120F9
:108F80001749086001F0CCFD00201749C1F8940290
:108F9000280AFBF73FF801F0C3FD012010490860E3
:108FA00001F0BEFD00201049C1F89402E8B2FBF7C1
:108FB00031F801F0B5FD01200949086001F0B0FD6C
:108FC00000200A4928310860012005490860091F6E
:108FD000086001F0A5FD012004492831086070BD3A
:108FE000948241423C010020008041428002434281
:108FF0001CB5044600BF002001901648006840F4EC
:109000008050144908600846006800F480500190C0
:1090100000BF00BF00F094FB0F48052100234FF470
:109020008052CDE900100DA10F4801F001FA0F4860
:10903000062100234FF40072CDE900100CA1104866
:1090400001F0F6F90F48006800F034FD00F0C4FBB1
:109050001CBD000030380240080000206C65645FD1
:109060007461736B00000000757600080C0000202E
:10907000446174614361705F7461736B0000000050
:10908000830A0008040000202DE9F04192B08046D8
:109090000C4615461E46002700BF002000902A48B7
:1090A000006840F08050284908600846006800F0D9
:1090B0008050009000BF00BF00BF002000902348F8
:1090C000006840F48040214908600846006800F4C8
:1090D0008040009000BF00BF01200190000402907A
:1090E0000220079041050891CDF8288009940B953E
:1090F0000C9601A8F8F7C6FD07461FB1012012B073
:10910000BDE8F0810F200D9002200E9000200F90FE
:109110004FF4A05010904FF48050119004210DA8EE
:10912000F8F770FC07460FB10120E8E7F8F79AF866
:1091300041F20101884205D10548006840F4807081
:10914000034908600020DAE7403802400070004020
:10915000003C024000B587B00020494981F8440036
:10916000084690F844004749897901F00101084315
:10917000434981F8440000BF00BF002001904248ED
:10918000006840F00200404908600846006800F0AE
:109190000200019000BF00BF00BF00BF00BF002061
:1091A00001900846006840F0040008600846006826
:1091B00000F00400019000BF00BF00BF00BF00BF6F
:1091C000002001900846006840F002000860084650
:1091D000006800F00200019000BF00BF00BF00BFA8
:1091E00000BF002001900846006840F020000860A1
:1091F0000846006800F02000019000BF00BF00BFDB
:1092000000BF00BF002001900846006840F0020047
:1092100008600846006800F00200019000BF00BF2F
:1092200000BF022002900020039001200490032040
:10923000059002A91548F7F7FBFE0420029002A949
:109240001248F7F7F5FE4FF40060029001200390FA
:1092500004900320059002A90D48F7F7E9FE0120CC
:10926000029002A90948F7F7E3FE4FF4005002907C
:1092700002A90848F7F7DCFE012007B000BD000096
:109280002C000020A40200203038024000040240DC
:10929000001402400008024070B506460025002474
:1092A00000BF002201213048F7F7D6FF00BF00BF02
:1092B00000224FF400612D48F7F7CEFF00BF00BF3A
:1092C00000224FF400512A48F7F7C6FF00BF30468E
:1092D00000F09CF90620FAF7F1FE00BF0022012100
:1092E0002148F7F7B9FF00BF0120FAF7E7FE00BFFA
:1092F000012211461C48F7F7AFFF00BF0120FAF723
:10930000DDFE00BF002201211748F7F7A5FF00BFCF
:1093100000BF1DE04FF6FF7000EA440400BF0022CA
:1093200001211148F7F798FF00BF0120FAF7C6FEA8
:1093300000BF012211460C48F7F78EFF00BF042141
:109340000948F7F777FF08B1601C84B2681CC5B202
:10935000102DDFDB241100BF012251030448F7F771
:109360007BFF00BF204670BD000402400014024095
:10937000000802402DE9FE4380460027002406E055
:109380004046FFF789FF2DF81400601C84B2052CBD
:10939000F6DB002416E0601C85B20FE03DF81400F7
:1093A0003DF81510884207DD3DF814603DF81500C2
:1093B0002DF814002DF81560681C85B2052DEDDB25
:1093C000601C84B2042CE6DB0027012405E03DF894
:1093D0001400384487B2601C84B2042CF7DB0320ED
:1093E00097FBF0F086B23046BDE8FE832DE9F041F0
:1093F00006460F460D4890F8440000F0010040B1C9
:109400009020FFF7B7FF0546D020FFF7B3FF0446D3
:1094100007E0D020FFF7AEFF05469020FFF7AAFF38
:10942000044635803C80BDE8F08100002C0000201F
:109430007FB504460D4602A903A8FFF7D7FF69468A
:1094400001A8FFF7D3FFBDF80400BDF80C10884257
:1094500006DCBDF80C10BDF80400323081420CDB94
:10946000BDF80C00BDF80410884237DCBDF80410CC
:10947000BDF80C003230814230DABDF80000BDF892
:109480000810884206DCBDF80810BDF80000323034
:1094900081420CDBBDF80800BDF8001088421DDCDD
:1094A000BDF80010BDF808003230814216DABDF870
:1094B0000C10BDF80420881800EBD071C1F34F01E7
:1094C0002180BDF80810BDF80020881800EBD0718D
:1094D000C1F34F012980012004B070BD0020FBE7DB
:1094E00010B5044602214648F7F7A4FE002866D1CD
:1094F0002CB14449A1F11400FFF79AFF4EE0414915
:10950000A1F11400FFF794FFF0B33E492039898997
:109510003C4A203AB2F84020891A09B200EE101AEB
:10952000B8EEC00A3749203991ED0E1AC0EE010A93
:109530003549088800EBD071491000EE101AB8EEDA
:10954000C00A30EE800ABCEEC00A10EE101A2D4A96
:10955000203A91811146098CB2F84220891A09B249
:1095600000EE101AB8EEC00A2649203991ED0F1A04
:10957000C0EE010A2449488800EBD071491000EE82
:10958000101AB8EEC00A00E008E030EE800ABCEE27
:10959000C00A10EE101A1B4A203A118419482038CC
:1095A000808E00F4004020BB4FF440401549203924
:1095B000888608468189C183018C418619E011485B
:1095C0002038808E00F4004040B10E482038808E54
:1095D00020F400400B49203988860AE00021094820
:1095E0002038C18341864FF6FF70064920398881B3
:1095F00008840448203890F83400002010BD000092
:10960000000402404C000020A402002070B5044673
:10961000002500BF26E004F0800030B100BF012229
:10962000D1021248F7F718FE07E000BF00224FF4FE
:1096300000610E48F7F710FE00BF6006040E00BF81
:10964000002201210A48F7F707FE00BF0120FAF7C0
:1096500035FD00BF012211460548F7F7FDFD00BFAB
:10966000681CC5B2082DD6DB70BD00000014024096
:109670000004024010B5044609480A49086008463B
:10968000446000218160C160016181610C21416100
:10969000F9F7B6F9012204490248F9F751FA10BD69
:1096A00000100140100200201A00002001460A6943
:1096B000D1E901309860D1E90103586050688842CF
:1096C00001D188685060002008611068401E106059
:1096D0001068704700F1080141604FF0FF31816070
:1096E00000F10801C16001610021016070470021A3
:1096F0000161704710B502460B685C1C0CB910691B
:1097000007E002F1080000E04068446824689C42D9
:10971000FAD944684C604C68A160886041600A6175
:109720001468641C146010BD42684A6093688B60C2
:10973000936859609160086103685B1C036070471F
:1097400010B500BF502080F31188BFF34F8FBFF3D7
:109750006F8F00BF0B480068401C0A49086008462C
:10976000006801280DD108480068C0B208B901207E
:1097700000E0002028B94FF4DB7204A112A0F6F734
:109780007BFE10BD0401002004ED00E02E2E5C2EB7
:109790002E5C4D6964646C6577617265735C4672BA
:1097A000656552544F535C706F727461626C655C96
:1097B000525644535C41524D5F434D34465C706F8A
:1097C00072742E63000000004572726F723A202599
:1097D000732C2025640D0A0010B50B48006828B9C9
:1097E00040F2BD1209A118A0F6F746FE064800682F
:1097F000401E054908600846006820B9002080F333
:10980000118800BF00BF10BD040100202E2E5C2E69
:109810002E5C4D6964646C6577617265735C467239
:10982000656552544F535C706F727461626C655C15
:10983000525644535C41524D5F434D34465C706F09
:1098400072742E63000000004572726F723A202518
:10985000732C2025640D0A0070B506463546002E8F
:109860003AD0083D2C461D4960680968084008B197
:10987000012000E0002028B94FF4927218A126A020
:10988000F6F7FAFD206808B9012000E0002028B9A9
:1098900040F2251212A120A0F6F7EEFD0F496068F4
:1098A00009680840C0B12068B0B90C49606809680F
:1098B0008843606000F07CFA1B49606809680844CE
:1098C000194908602046FEF727FC18480068401C2C
:1098D0001649086001F014F870BD00000001002076
:1098E0002E2E5C2E2E5C4D6964646C65776172650A
:1098F000735C4672656552544F535C706F7274614D
:10990000626C655C4D656D4D616E675C686561702C
:109910005F342E63000000004572726F723A20259A
:10992000732C2025640D0A00F0000020FC000020AC
:1099300000204FF0E02108618861064800684FF47C
:109940007A71B0FBF1F0401E4FF0E0214861072032
:1099500008617047000000202DE9F04106460F46DF
:109960002EB940F6C82211A119A0F6F785FD0025F1
:10997000BFB1002412E01A4800EBC4004068B042B6
:1099800003D1174800EBC4050AE035B9144850F874
:10999000340010B9124800EBC405641C082CEAD34B
:1099A00000BF0DB12F606E60BDE8F0812E2E5C2EE1
:1099B0002E5C4D6964646C6577617265735C467298
:1099C000656552544F535C71756575652E63000073
:1099D0004572726F723A2025732C2025640D0A009F
:1099E000C07A00202DE9F04105460E4617462C4668
:1099F000FFF7A6FE94F94400401C10B9002084F83B
:109A0000440094F94500401C10B9002084F845003A
:109A1000FFF7E2FEA06B28B93A46314604F1240074
:109A200000F01EF92046FEF70AFEBDE8F0810000B6
:109A300070B504460025ACB10F48006808B9012094
:109A400000E0002028B940F249520CA114A0F6F71A
:109A500013FD00F0ADF900212046FEF799F800F063
:109A60004FFF05463DB94FF0805011490860BFF3E4
:109A70004F8FBFF36F8F70BDCC0000202E2E5C2E59
:109A80002E5C4D6964646C6577617265735C4672C7
:109A9000656552544F535C7461736B732E630000A1
:109AA0004572726F723A2025732C2025640D0A00CE
:109AB00004ED00E070B50546FFF742FE15B92F48EA
:109AC000006800E028460446201DFFF7EFFD78B946
:109AD000E06A00EB80002A4951F8200040B994F870
:109AE0002C100120884027490968814325480160DE
:109AF000A06A18B104F11800FFF7D8FD22480068E9
:109B0000401C214908601D480068844209D1211D7C
:109B10001E48FFF709FE1E480068401C1C490860EB
:109B200006E01C480068401E1A490860FEF7EAFC7F
:109B3000FFF752FE11480068844202D02046FEF72B
:109B4000ADF915480068C0B10C480068844214D1D2
:109B50001248006808B9012000E0002028B940F24E
:109B6000DC420FA117A0F6F787FC4FF0805019498F
:109B70000860BFF34F8FBFF36F8F70BD9000002060
:109B8000007B0020A8000020BC000020BC7D00203D
:109B90009C000020A0000020AC000020CC00002091
:109BA0002E2E5C2E2E5C4D6964646C657761726547
:109BB000735C4672656552544F535C7461736B738A
:109BC0002E6300004572726F723A2025732C202597
:109BD000640D0A0004ED00E00349096801600349CF
:109BE0000968416070470000B8000020A400002010
:109BF0000120014908607047B400002070B5044698
:109C00000D462CB940F61C4207A110A0F6F734FC13
:109C10001248016818312046FFF76CFD01212846E3
:109C2000FDF7B6FF70BD00002E2E5C2E2E5C4D6938
:109C300064646C6577617265735C467265655254E5
:109C40004F535C7461736B732E6300004572726FC7
:109C5000723A2025732C2025640D0A009000002004
:109C600070B504460E4615462CB940F6524211A175
:109C700019A0F6F701FC60681B490968C8611A4918
:109C8000826809680A621849096818318268516057
:109C90001549096818318160134909688C62216887
:109CA000491C21600DB14FF0FF3629463046FDF7C3
:109CB0006FFF70BD2E2E5C2E2E5C4D6964646C654A
:109CC00077617265735C4672656552544F535C747C
:109CD00061736B732E6300004572726F723A2025B8
:109CE000732C2025640D0A00900000201CB51B4831
:109CF00000210B468022CDE9001019A11A4800F07E
:109D000097FB0446012C02D100F0CAFE0446012C48
:109D100015D100BF502080F31188BFF34F8FBFF3E0
:109D20006F8F00BF4FF0FF301049086001201049CD
:109D3000086000200F49086000F09EF80BE0601CEE
:109D400008B1012000E0002028B94FF404620AA104
:109D500012A0F6F791FB154800681CBDC400002056
:109D600049444C4500000000557F0008C000002019
:109D7000AC000020A40000202E2E5C2E2E5C4D692D
:109D800064646C6577617265735C46726565525494
:109D90004F535C7461736B732E6300004572726F76
:109DA000723A2025732C2025640D0A00C80000207B
:109DB00002480068401C014908607047CC00002040
:109DC00010B51B48006818B101201A4908602DE041
:109DD00000201849086018480068B0FA80F0C0F107
:109DE0001F0404EB8400154951F8200008B101203C
:109DF00000E0002028B940F6024211A119A0F6F7B0
:109E00003BFB04EB84010D4A02EB81004168496889
:109E1000416000F1080142688A4202D14168496804
:109E200041604168C968134A116000BF10BD00005D
:109E3000CC000020B4000020A8000020007B0020FF
:109E40002E2E5C2E2E5C4D6964646C6577617265A4
:109E5000735C4672656552544F535C7461736B73E7
:109E60002E6300004572726F723A2025732C2025F4
:109E7000640D0A00900000201CB55048006850494D
:109E8000884201D0012000E0002028B940F24312AE
:109E90004CA15BA0F6F7F0FA484800684849491E13
:109EA000884201D0012000E0002028B94FF4A272BE
:109EB00044A153A0F6F7E0FA554C204600780190F3
:109EC000FF20214608700846007800909DF80000A9
:109ED00000F0F0009DF80010884201D1012000E060
:109EE000002028B940F25D1236A145A0F6F7C4FA69
:109EF0009DF8000000F050004649087007204649D0
:109F0000086009E044480068401E434908609DF825
:109F100000004006000E00909DF8000000F0800058
:109F20008028EFD03C480068C0F10700042801D128
:109F3000012000E0002028B940F2711221A130A0D8
:109F4000F6F79AFA34480068C0F10700042801D1F6
:109F5000012000E0002028B94FF4BD7219A128A00B
:109F6000F6F78AFA2C48006800022B490860084678
:109F7000008800F4E06008602549019808700F48E7
:109F80002030006840F470000C4920310860084619
:109F9000006840F070400860FFF7CAFC00201F49CD
:109FA0000860F6F78FF91E48006840F040401C49F1
:109FB0000860F6F773F900201CBD000000ED00E01A
:109FC00071C20F412E2E5C2E2E5C4D6964646C654F
:109FD00077617265735C4672656552544F535C706D
:109FE0006F727461626C655C525644535C41524DB1
:109FF0005F434D34465C706F72742E630000000046
:10A000004572726F723A2025732C2025640D0A0068
:10A0100000E400E0080100200C0100200401002001
:10A0200034EF00E010B500BF502080F31188BFF37B
:10A030004F8FBFF36F8F00BF00F040FA18B14FF0A1
:10A0400080500449086000BF002080F3118800BFE1
:10A0500010BD000004ED00E02DE9F84305460E4672
:10A0600017460024E5B1601EB0FBF5F0B04217D3EF
:10A0700005FB06F010F1550F12D805FB06F909F1A2
:10A080005400FEF725FB04468CB1A04608F15408A5
:10A090003B464246314628460094FDF76FFF06E0F6
:10A0A0002CB94FF4E37203A10BA0F6F7E5F92046B3
:10A0B000BDE8F8832E2E5C2E2E5C4D6964646C65C1
:10A0C00077617265735C4672656552544F535C717B
:10A0D000756575652E6300004572726F723A2025B2
:10A0E000732C2025640D0A002DE9F04105460E462B
:10A0F00001272C462CB94FF488722CA134A0F6F716
:10A10000BBF9002C42D0E06B00283FD04FF0FF316C
:10A11000E06BB1FBF0F0216C884237D3FFF710FB06
:10A12000D4E90F12206801FB0200A0600020A063A8
:10A1300020686060E06B401E226C216800FB021109
:10A14000E160FF2084F8440084F845009EB920694E
:10A1500008B9012000E00020A8B904F1100000F0C7
:10A1600029FB80B14FF080501D490860BFF34F8F2D
:10A17000BFF36F8F07E004F11000FFF7ABFA04F1B3
:10A180002400FFF7A7FAFFF727FB00E000270FB135
:10A19000012000E0002028B940F2451203A10CA0E4
:10A1A000F6F76AF93846BDE8F08100002E2E5C2EE5
:10A1B0002E5C4D6964646C6577617265735C467290
:10A1C000656552544F535C71756575652E6300006B
:10A1D0004572726F723A2025732C2025640D0A0097
:10A1E00004ED00E02DE9F74183B005460E464FF03F
:10A1F00000082C462CB940F251524CA154A0F6F75D
:10A200003BF90EB9206C08B9012000E0002028B904
:10A2100040F2555245A14EA0F6F72EF900F038F95C
:10A2200008B9059808B9012000E0002028B940F2DB
:10A230005A523EA146A0F6F71FF900BFFFF780FA79
:10A24000A76BF7B131462046FDF7D4FD781EA06319
:10A25000206908B9012000E0002060B904F1100075
:10A2600000F0A8FA38B14FF080503D490860BFF3C4
:10A270004F8FBFF36F8FFFF7AFFA012006B0BDE835
:10A28000F081059818B9FFF7A7FA0020F6E7B8F1B2
:10A29000000F04D101A8FFF79FFC4FF00108FFF762
:10A2A0009BFAFFF785FDFFF74BFA94F94400401C39
:10A2B00010B9002084F8440094F94500401C10B9FE
:10A2C000002084F84500FFF787FA05A901A800F0EF
:10A2D00049F8F0B92046FDF77FFFA0B104F1240052
:10A2E0000599FFF78BFC2046FEF7A9F900F008FB63
:10A2F0000028A3D14FF0805019490860BFF34F8F59
:10A30000BFF36F8F9AE72046FEF799F900F0F8FA4D
:10A3100094E72046FEF793F900F0F2FA2046FDF7A5
:10A320005BFF00288AD00020A8E700002E2E5C2EBC
:10A330002E5C4D6964646C6577617265735C46720E
:10A34000656552544F535C71756575652E630000E9
:10A350004572726F723A2025732C2025640D0A0015
:10A3600004ED00E070B506460C462EB940F6FD42FD
:10A370001FA128A0F6F780F82CB940F6FE421CA1D8
:10A3800024A0F6F779F8FFF7DBF926480268706831
:10A39000131A2548006890F8590030B1002022496E
:10A3A000096881F8590001251EE02068401C08B9A1
:10A3B000002519E01D4930680968884206D0706898
:10A3C000904203D80125002020600DE020689842CB
:10A3D00007D92068C01A20603046FFF7FDFB002532
:10A3E00002E0002020600125FFF7F6F9284670BD45
:10A3F0002E2E5C2E2E5C4D6964646C6577617265EF
:10A40000735C4672656552544F535C7461736B7331
:10A410002E6300004572726F723A2025732C20253E
:10A42000640D0A00A400002090000020B800002065
:10A430002DE9FF4F85B0804689461746DDE912AB0E
:10A44000B800FEF745F9064656B15C20FEF740F924
:10A4500004460CB1266304E03046FFF7FDF900E046
:10A4600000247CB10020CDE900ABCDE902403A46A2
:10A4700049464046089BFDF799FD2046FDF7EEFB57
:10A48000012501E04FF0FF35284609B0BDE8F08F07
:10A490000549096809B9012005E00449096809B9B5
:10A4A000022000E000207047AC000020CC0000201B
:10A4B0000149086870470000A40000202DE9F04120
:10A4C0004FF000085F48006800287DD15E480068B2
:10A4D000451C5D480560002D1DD15C480068006882
:10A4E00008B9012000E0002028B940F6C72258A191
:10A4F00060A0F5F7C1FF55480768624800685349F6
:10A5000008606048076060480068401C5E49086059
:10A51000FDF7F8FF00BF5D480068854277D300BFB4
:10A520004A480068006808B9012000E0002020B116
:10A530004FF0FF305549086068E044480068C06843
:10A54000C4686668B54202D2504806605EE0606941
:10A55000D4E902128A60D4E902214A60211D4268CE
:10A560008A4201D1E1684160002262610168491EAE
:10A570000160A06A98B1A06AD4E907128A60D4E9A0
:10A5800007214A6004F1180142688A4201D1216A18
:10A5900041600022A2620168491E016000BF94F878
:10A5A0002C10012088403A4909680843384908605E
:10A5B000E16A01EB8101374A02EB81014868A06042
:10A5C0008268E260211D00E033E0826851608160B2
:10A5D000E16A01EB81012F4A02EB81026261E16ACB
:10A5E00001EB81012B4A52F82110491CE26A02EB6F
:10A5F0008202284B43F822102749E06A0968C96A99
:10A6000088428DD34FF001088AE700E000BF22485E
:10A610000068C06A00EB80001E4951F82000012844
:10A6200001D94FF001081D48006808B14FF001083A
:10A6300004E01B480068401C194908604046BDE81A
:10A64000F0810000CC000020A40000209400002035
:10A650002E2E5C2E2E5C4D6964646C65776172658C
:10A66000735C4672656552544F535C7461736B73CF
:10A670002E6300004572726F723A2025732C2025DC
:10A68000640D0A0098000020B8000020C0000020DF
:10A69000A8000020007B002090000020B4000020D3
:10A6A000B000002070B505462C460026002D5ED077
:10A6B00030480068844201D1012000E0002028B920
:10A6C00041F24F022CA135A0F5F7D6FE206D28B936
:10A6D00041F2500228A131A0F5F7CEFE206D401EB8
:10A6E0002065E16CE06A884241D0206D00283ED1AF
:10A6F000201DFEF7DBFF40B994F82C1001208840A4
:10A700002A490968814329480160E06CE062E06AF7
:10A71000C0F12000A06194F82C100120884023494A
:10A720000968084321490860E16A01EB8101204A78
:10A7300002EB81014868A0608268E260211D8268A6
:10A7400051608160E16A01EB8101194A02EB8102EB
:10A750006261E16A01EB8101154A52F82110491C3E
:10A76000E26A02EB8202124B43F8221001263046C5
:10A7700070BD0000900000202E2E5C2E2E5C4D69D6
:10A7800064646C6577617265735C4672656552548A
:10A790004F535C7461736B732E6300004572726F6C
:10A7A000723A2025732C2025640D0A00A800002091
:10A7B000007B002070B50646F068C4682CB940F6EE
:10A7C00082423CA144A0F5F757FEA06AD4E90712E3
:10A7D0008A60D4E907214A6004F1180142688A427C
:10A7E00001D1216A41600022A2620168491E016014
:10A7F0003D48006800283DD16069D4E902128A60B2
:10A80000D4E902214A60211D42688A4201D1E168EF
:10A810004160002262610168491E016094F82C10B9
:10A820000120884031490968084330490860E16ADD
:10A8300001EB81012E4A02EB81014868A060826829
:10A84000E260211D826851608160E16A01EB810153
:10A85000274A02EB81026261E16A01EB8101244A2D
:10A8600052F82110491CE26A02EB8202204B43F8A5
:10A87000221010E01F494868E0618268226204F1FA
:10A8800018018268516081601A4AA2621146096803
:10A89000491C116000BF1849E06A0968C96A88420A
:10A8A00004D9012501201549086000E0002528464B
:10A8B00070BD00002E2E5C2E2E5C4D6964646C65AC
:10A8C00077617265735C4672656552544F535C7470
:10A8D00061736B732E6300004572726F723A2025AC
:10A8E000732C2025640D0A00CC000020A800002055
:10A8F000007B0020A87D002090000020B4000020F4
:10A9000070B5002400265048006828B940F6B3020C
:10A910004EA157A0F5F7B0FDFEF712FF4A480068B8
:10A92000401E494908600846006800287ED1544806
:10A93000006800287AD05BE05248C068C468A06A0A
:10A94000D4E907128A60D4E907214A6004F11801AA
:10A9500042688A4201D1216A41600022A2620168F4
:10A96000491E01606069D4E902128A60D4E90221BB
:10A970004A60211D42688A4201D1E168416000229B
:10A9800062610168491E016094F82C100120884022
:10A990003D49096808433C490860E16A01EB8101CF
:10A9A0003A4A02EB81014868A0608268E260211D9A
:10A9B000826851608160E16A01EB8101334A02EBF8
:10A9C00081026261E16A01EB8101304A52F8211093
:10A9D000491CE26A02EB82022C4B43F822102C49FC
:10A9E000E06A0968C96A884202D3012029490860DF
:10A9F0002448006808B9012000E0002000289BD00E
:10AA00000CB1FDF77FFD2448056865B100BFFFF775
:10AA100055FD10B101201F4908606D1E002DF6D1B3
:10AA200000201D4908601B48006800E008E038B1BC
:10AA30000126300719490860BFF34F8FBFF36F8FAE
:10AA4000FEF7CAFE304670BDCC0000202E2E5C2ED4
:10AA50002E5C4D6964646C6577617265735C4672E7
:10AA6000656552544F535C7461736B732E630000C1
:10AA70004572726F723A2025732C2025640D0A00EE
:10AA8000A0000020A87D0020A8000020007B00205E
:10AA900090000020B4000020B000002004ED00E091
:10AAA0001CB50024FDF750F90B48006858B10B485D
:10AAB0001F2100234FF48072CDE9001008A10A483D
:10AAC000FFF7B6FC04462CB940F2191207A110A0FA
:10AAD000F5F7D2FC20461CBDD8000020DC00002089
:10AAE000546D722053766300258600082E2E5C2E4E
:10AAF0002E5C4D6964646C6577617265735C467247
:10AB0000656552544F535C74696D6572732E6300B2
:10AB10004572726F723A2025732C2025640D0A004D
:10AB200044F2A01001E000BF401E0028FBD1704796
:10AB30004FEA1153A3F58063D3F11E03A8BFD3F1ED
:10AB4000200C08DB4FF0004242EAC12252EA505288
:10AB500032FA03F0704709420BD4102BC4BF002017
:10AB6000704703F5787CBCF1FF3F05D04FF0FF3014
:10AB700070474FF00000704770B500F0C3F800BF99
:10AB80004992248000207047F0E7B0FA80F310FA71
:10AB900003F10AD0C3F11D0303F580634FEA41506E
:10ABA0004FEA035202EBD12170474FF0000070478B
:10ABB000DFF848C170B51CEA111E1EBF1CEA131550
:10ABC0009EEA0C0F95EA0C0F00F06F8081EA0304F7
:10ABD00023EA4C134EEAD47E21EA4C1141F4801151
:10ABE00043F48013AE44A1FB024CA0FB0365AEF11D
:10ABF0007F7E361955EB0C05A1FB034C4CF100038D
:10AC0000A0FB021C16EB0C06654153F10003094240
:10AC100018BF46F0010613F4007F0BD14FEA033151
:10AC20004FEA0530340341EA155140EA16506FF0FF
:10AC300003020AE04FEAC3214FEAC520F40241EAC9
:10AC4000555140EA56506FF0020202EB2E4201EBE2
:10AC5000025585EACE710AD05FEA440C18BF24F091
:10AC6000004450F1000041F1000120EAD47040F2AC
:10AC7000FE7C624500D270BDA84214BF4FF08044F4
:10AC80004FF04044002E08BF0024BEF1806FA8BFE3
:10AC9000A1F1C041BDE8704080F282804FF0000019
:10ACA00001F1C04101F0004170479EEA0C0F0CEA2F
:10ACB000131518BF95EA0C0F06D04FF0000081EA7B
:10ACC000030E0EF0004170BD00F01CF88900013E3B
:10ACD00000F007B800F009B84FEA430C5FEA5C5C8B
:10ACE00008D081EA030100F05BB84FEA410C5FEA4B
:10ACF0005C5CF6D14FF00000014970470000FF078F
:10AD00000000F87F0EF1020E2EF0030E5EF8046BC9
:10AD1000364205D4012A43EB030515F5001F12D86E
:10AD2000012841EB010C1CF5001F0CD80ED14FEA95
:10AD3000D17C15F5001F0CEB4C0C0CF1020C08BF7C
:10AD40004CEBD37C04E04FF0080C01E04FEAD37CDD
:10AD50000CEB4C0526FA05F606F00706B6F1040CD6
:10AD600006D20EEB860CBDE870404CF0010C60473B
:10AD7000DFE80CF0090B02024FF000414FF0000039
:10AD8000A1F5002170BD19461046012851EB0104C0
:10AD900018BFD4F5001484BF002001F0004170BD3D
:10ADA0000808A0F500114FEA310170474FF04070DC
:10ADB000E1EE100A704700000000000000000102F0
:10ADC000030406070809000000000102030400064E
:10ADD00010160006101600000003000040010000DD
:10ADE000200000002000000000600000002800009B
:10ADF00030313233343536373839414243444546B1
:10AE000040305800303132333435363738396162AA
:10AE1000636465664030780038AE000800000020AA
:10AE200048010000C401000894AE00084801002059
:10AE3000584401002002000811031D24F43210328E
:10AE4000012317EF1355911408E19402400813D51C
:10AE500076140819771408C0142A20631BC07408DC
:10AE60003A286B0139023B1F1AAA0181500F535433
:10AE70004D33322053504920544553548201A53359
:10AE800033733F200D964230059007D008400AC02A
:04AE900006000000B8
:040000050800018965
:00000001FF
