:020000040800F2
:10000000B05D012061020008452C0008FF2B0008AC
:10001000412C0008BF080008C1550008000000007E
:10002000000000000000000000000000A101000826
:100030009D09000800000000FD010008012F0008D4
:100040008502000885020008850200088502000874
:100050008502000885020008850200088502000864
:100060008502000885020008850200088502000854
:100070008502000885020008850200088502000844
:100080008502000885020008850200088502000834
:100090008502000885020008850200088502000824
:1000A0008502000885020008850200088502000814
:1000B0008502000885020008850200088502000804
:1000C00085020008850200088502000885020008F4
:1000D0008502000825330008850200088502000813
:1000E00085020008850200088502000885020008D4
:1000F00085020008850200088502000885020008C4
:1001000085020008850200088502000885020008B3
:1001100085020008850200088502000885020008A3
:100120008502000885020008850200088502000893
:100130008502000885020008850200088502000883
:10014000850200088502000885020008492C000885
:100150008502000885020008850200088502000863
:100160008502000885020008850200088502000853
:1001700085020008850200088502000800000000D2
:100180008502000885020008DFF810D000F048FB67
:100190000048004769940008AFF30080B05D01207B
:1001A0002C4B19680868B0E8F04F80F30988BFF35A
:1001B0006F8F4FF0000080F311887047000000003F
:1001C00008480068006880F308884FF0000080F35A
:1001D000148862B661B6BFF34F8FBFF36F8F00DF35
:1001E00000BF00BF08ED00E0DFF80C00016841F43B
:1001F00070010160704700BF88ED00E0EFF30980F7
:10020000BFF36F8F134B1A681EF0100F08BF20ED5D
:10021000108A20E9F04F106009B44FF0500080F3CD
:100220001188BFF34F8FBFF36F8F0AF01BFD4FF0A4
:10023000000080F3118809BC19680868B0E8F04F25
:100240001EF0100F08BFB0EC108A80F30988BFF3CE
:100250006F8F704718000020EFF305807047000093
:100260000948016841F47001016008488047084866
:100270000047FEE7FEE7FEE7FEE7FEE7FEE7FEE7F4
:10028000FEE7FEE7FEE7000088ED00E0152F00081E
:10029000890100082DE9F05F0546002092469B4643
:1002A00088460646814640241BE02846414647468C
:1002B000224600F001F953465A46C01A914110D324
:1002C00011461846224600F0E8F82D1A67EB01089F
:1002D0004F4622460120002100F0DFF817EB00090D
:1002E0004E41201EA4F10104DFDC484631462A4677
:1002F0004346BDE8F09F40EA01039B0703D009E0B5
:1003000008C9121F08C0042AFAD203E011F8013B01
:1003100000F8013B521EF9D27047D2B201E000F85A
:10032000012B491EFBD270470022F6E710B5134699
:100330000A4604461946FFF7F0FF204610BD2DE996
:10034000FE4F81EA030404F0004421F000410094D0
:100350004FF0000B23F0004350EA01045ED052EA54
:1003600003045BD0C3F30A54C1F30A552C44A4F22E
:10037000F3340194A0FB0254C1F3130141F4801142
:10038000C3F3130343F4801301FB024400FB034E49
:10039000840A970A44EA815447EA8357A4FB076812
:1003A00002958D0A05FB07854FEA932C04FB0C543C
:1003B0002705029D4FEA065847EA1637B5EB0805B0
:1003C0006EEB070C870E920E47EA811742EA831202
:1003D000A7FB0201B6EB0B0164EB00042B0D43EA13
:1003E0000C335E1844EB1C50DA465146E7FB020121
:1003F000C5F313044FEA0B3343EA14534FEA0432B4
:10040000019C43EA0603A4F10C040294009CCDE98C
:1004100000B400F070F803B0BDE8F08F0020014692
:10042000F9E70EB540F2334102910021CDE9001108
:100430000A460B4600F05FF803B000BDC1F30A5254
:1004400010B5C1F3130140F2FF3341F480119A4219
:1004500001DA002010BD40F233439A42A2F2334247
:1004600003DC524200F028F810BD904010BD30B5BA
:100470000B46014600202022012409E021FA02F562
:100480009D4205D303FA02F5491B04FA02F52844FC
:10049000151EA2F10102F1DC30BD202A04DB203A56
:1004A00000FA02F1002070479140C2F1200320FAC7
:1004B00003F3194390407047202A04DB203A21FAC5
:1004C00002F00021704721FA02F3D040C2F120026D
:1004D000914008431946704710B5141E73F100048B
:1004E00008DA401C41F1000192185B411A4301D126
:1004F00020F0010010BD2DE9F04D92469B4611B150
:10050000B1FA81F202E0B0FA80F220329046FFF7B1
:10051000C4FF04460F4640EA0A0041EA0B01534675
:100520005A46084313D0114653EA010019D0C8F1C6
:1005300040025046FFF7C0FF05460E46504659465A
:100540004246FFF7AAFF084305D0012004E02046F9
:100550003946BDE8F08D0020054346EAE0762C439D
:1005600037430A986305E40AA0EB08000022FD0A5D
:1005700044EA47540A3002D500200146E9E7010564
:1005800010196941DDE9084500196941BDE8F04DE0
:10059000A2E72DE9FE4F804681EA0300C00F0C461A
:1005A000009021F0004123F00045B8EB0200A94182
:1005B00005D24046214690461C460B46024623F093
:1005C0000040104347D0270DC7F30A00C3F30A5178
:1005D0000290401A019040286BDAC3F3130040F4F4
:1005E000801B0098924620B10023D2EB030A63EBF4
:1005F0000B0B01985946C0F140025046FFF74DFFE2
:1006000006460D4650465946019A00F01BF910EB7C
:1006100008006141002487EA115284EAE7731A4313
:1006200040D0009A62B3019A012A4FEA075215DCC2
:10063000001B61EB02014FF0004202EA0752CDE9D4
:100640000042001C41F5801132462B46FFF753FF54
:1006500003B0BDE8F08F40462146F9E7001B61EB8F
:100660000201001C41F5801300185B412018A2F51F
:10067000001747EB030140EAD570B6196D4111E050
:100680006D084FEA360645EAC0754FEA0752001B6F
:1006900061EB0201001C41F5801149084FEA30006E
:1006A0000019514132462B4603B0BDE8F04FFFF729
:1006B00013BF0098012240000023D0EB020263EB3D
:1006C000E073009821464FEAE074B8EB000061EB5C
:1006D0000401E9E783F000435BE781F0004158E75C
:1006E0002DE9F04D81EA030404F0004B21F00045B0
:1006F00014464FF0000A23F0004150EA050220D0D2
:1007000054EA01021DD0C5F30A570246C5F313038C
:10071000C1F31300C1F30A5640F4801543F480136B
:10072000A7EB0608101BD64608F2FD3873EB050050
:1007300002D308F1010801E092185B41B8F1000F03
:1007400003DA00200146BDE8F08D00204FF480114F
:10075000064684460EE0171B73EB050705D3121BF4
:1007600063EB050306434CEA010C49084FEA3000ED
:1007700092185B4150EA0107EDD152EA030012D012
:1007800082EA040083EA0501084305D0101BAB414F
:1007900006D20122002306E000224FF0004302E0CF
:1007A0006FF0010253101AEB06004CEB085110EBEE
:1007B0000A0041EB0B01BDE8F04DFFF78DBEC1F320
:1007C0000A52C1F3130140F2FF3341F480119A42FF
:1007D00002DA00200146704740F233439A42A2F207
:1007E000334202DC5242FFF767BEFFF756BE0000FD
:1007F00030B5041E71F1000404DB4FF000444042A8
:1008000064EB0101141E73F1000405DB1C464FF07C
:100810000043524263EB0403994208BF904230BD4B
:10082000064C074D06E0E06840F0010394E807003D
:1008300098471034AC42F6D3FFF7AAFC00BA000880
:1008400020BA0008202A06DBCB17203A41FA02F032
:1008500043EAE07306E041FA02F3D040C2F120021D
:10086000914008431946704770B58C1810F8015B29
:1008700015F0070301D110F8013B2A1106D110F839
:10088000012B03E010F8016B01F8016B5B1EF9D13D
:100890002B0705D40023521E0DD401F8013BFAE7C3
:1008A00010F8013BCB1A921C03E013F8015B01F82E
:1008B000015B521EF9D5A142D8D3002070BD00BF04
:1008C000FEE7000010B50346042B15D007DC7BB112
:1008D000012B0ED0022B0DD0032B3CD10BE0202B93
:1008E0000BD0212B1CD0222B33D0232B33D131E042
:1008F00032E031E030E02FE02EE008784C7840EA3A
:1009000004208C7840EA0440CC7840EA0460144C1F
:10091000206008792071487960718879A0711BE0A6
:100920000F48007808700E480088000A48700C488C
:100930000068000C88700A480068000EC8700848FB
:1009400000790871064840794871054880798871B6
:1009500002E001E000E000BF00BF002010BD000089
:100960002C0200200020704710B50349034802F014
:1009700031FE002010BD00002058012088540120C5
:1009800070B505460C46044802F0FFFD2846216874
:1009900005F0E0FA002070BD885401207047000087
:1009A00070B504461D460023B5F5804F13D154F8A9
:1009B00022300C480340D1E9000640EA06108E6858
:1009C00040EA06208E8940EA06408E6930430343A0
:1009D00044F8223003E06FF0704044F82200002019
:1009E00070BD00000000F0CF10B50346002208687B
:1009F00053F8202012480240D1E901042043CC687A
:100A000020430C6920434C6920438C692043CC6906
:100A100020430C6A20434C6A20438C6A2043CC6AF2
:100A20002043CC6B20430C6B20430243886808288A
:100A300001D142F04002086843F82020002010BD98
:100A40008000F0FF30B503460024501C53F82040CE
:100A500004F04044D1E9000540EA05108D6840EA01
:100A600005208D8940EA0545088A401E45EA005563
:100A7000087D801E45EA00608D6928430443501CB0
:100A800043F82040002030BD70B50A480468001DBE
:100A90000568001D0668344454B108220649204602
:100AA00002F0AFF8042204491031284602F0A9F8F8
:100AB00070BD0000107AFF1F12020020F0B504463E
:100AC0000A46216894F82050012D01D0022D7ED1D4
:100AD000424901F50071086840F0010008600868AB
:100AE00020F47C5008600868566A40EA06200860D6
:100AF000107D00F01F06012000FA06F3C869984334
:100B0000C861A1F50071D069C8B9D1F80C02984349
:100B1000C1F80C02908880B2968940EA064601F539
:100B20001070576940F83760108880B2168940EA23
:100B3000064601F51070576900EBC7004660D069A2
:100B4000012819D1D1F80C021843C1F80C02908881
:100B500080B2168840EA064601F51070576940F8E1
:100B60003760908980B2168940EA064601F5107018
:100B7000576900EBC7004660906928B9D1F80402B4
:100B80009843C1F8040204E0D1F804021843C1F804
:100B90000402106928B9D1F814029843C1F814026C
:100BA00004E0D1F814021843C1F81402106A0128B5
:100BB00004D1D1F81C021843C1F81C02D1F800027C
:100BC00020F00100C1F800020020F0BDFFE7606ADC
:100BD00040F4802060620120F7E7000000640040DC
:100BE00070B504460CB9012070BD94F8200010B90E
:100BF000204600F0AFF82068006820F0020021686D
:100C0000086000F0C5FA05460DE000F0C1FA401B8F
:100C10000A2808D9606A40F400306062052084F830
:100C200020000120E0E72068406800F00200002872
:100C3000EBD12068006840F001002168086000F0F6
:100C4000A7FA05460DE000F0A3FA401B0A2808D9D0
:100C5000606A40F400306062052084F820000120C2
:100C6000C2E72068406800F001000028EBD0207E39
:100C7000012806D12068006840F0800021680860E3
:100C800005E02068006820F0800021680860607E30
:100C9000012806D12068006840F040002168086003
:100CA00005E02068006820F0400021680860A07E10
:100CB000012806D12068006840F020002168086003
:100CC00005E02068006820F0200021680860E07ED0
:100CD000012806D12068006820F010002168086013
:100CE00005E02068006840F0100021680860207F5F
:100CF000012806D12068006840F0080021680860DB
:100D000005E02068006820F0080021680860607F26
:100D1000012806D12068006840F0040021680860BE
:100D200005E02068006820F0040021680860D4E92C
:100D30000201084321690843616908436168491E4B
:100D400008432168C86100206062012084F8200007
:100D5000002049E710B586B004462849206888423B
:100D60004AD100BF00BF002000902548006840F035
:100D70000100234908600846006800F00100009067
:100D800000BF00BF00BF00BF00BF002000900846AA
:100D9000006840F0010008600846006800F00100AB
:100DA000009000BF00BF00BF00BF002000901448AB
:100DB0001030006840F0007011491031086008469A
:100DC000006800F00070009000BF00BF8814019020
:100DD0000220029001200390022004900920059037
:100DE00001A9084800F0BCF84FF40060019001A987
:100DF000044800F0B5F800BF06B010BD0064004024
:100E0000303802400000024070B5044694F82000DB
:100E1000012822D1022084F820002068006820F0F8
:100E200001002168086000F0B3F905460DE000F00C
:100E3000AFF9401B0A2808D9606A40F400306062AC
:100E4000052084F82000012070BD2068406800F073
:100E500001000028EBD16062F6E7606A40F40020F0
:100E600060620120F0E770B50446A56D00F090F9CE
:100E7000064694F83500022808D08020606500BF3F
:100E8000002084F8340000BF012070BD2068006895
:100E900020F01600216808602068406920F080007A
:100EA00021684861206C08B9A06C28B120680068EE
:100EB00020F00800216808602068006820F0010028
:100EC000216808600FE000F063F9801B05280AD94B
:100ED0002020606500BF002084F8340000BF03209C
:100EE00084F83500D1E72068006800F00100002890
:100EF000E9D194F85C103F208840A86000BF002032
:100F000084F8340000BF012084F835000020BCE7DD
:100F1000014691F83500022803D080204865012061
:100F20007047052081F835000868006820F001004E
:100F30000A6810600020F3E770B5044600F028F955
:100F400006462546681C10B104480078054400BFD9
:100F500000F01EF9801BA842FAD370BD14000020D7
:100F6000F8B502460B460025002400200021DEE0F3
:100F7000012606FA01F51E6806EA0504AC4275D1A1
:100F80001E7906F00306012E04D01E7906F0030632
:100F9000022E13D190684F000326BE40B0434F008D
:100FA000DE68BE4030439060506801268E40B043FA
:100FB0001E79C6F300168E40304350601E7906F04D
:100FC0000306032E09D0D0684F000326BE40B0436D
:100FD0004F009E68BE403043D0601E7906F0030685
:100FE000022E13D1CF0802F1200656F827004E0733
:100FF000F70E0F26BE40B0434F07FF0E1E69BE40DE
:101000003043CF0802F1200646F8270010684F0051
:101010000326BE40B0431E7906F003064F00BE40D3
:10102000304310605E6806F08056B6F1805F7DD177
:1010300000BF00260096404E366846F480463E4F7C
:101040003E603E46366806F48046009600BF00BF0C
:101050003A4E8F0856F827008E07370F0F26BE40EE
:10106000B043374EB24202D1002624E05EE0354E56
:10107000B24201D101261EE0334EB24201D1022616
:1010800019E0324EB24201D1032614E0304EB24292
:1010900001D104260FE02F4EB24201D105260AE00D
:1010A0002D4EB24201D1062605E02C4EB24201D1AE
:1010B000072600E008268F073F0FBE4030431F4E33
:1010C0008F0846F82700264E3068A0435E6806F475
:1010D0008036B6F5803F00D12043214E3060361D6A
:1010E0003068A0435E6806F40036B6F5003F00D1D4
:1010F00020431B4E361D3060361D3068A0435E68AD
:1011000006F48016B6F5801F00D12043144E083631
:101110003060361D3068A0435E6806F40016B6F5F0
:10112000001F00D120430E4E0C363060491C1029A0
:10113000FFF41EAFF8BD00004438024008380140FB
:10114000000002400004024000080240000C02407F
:10115000001002400014024000180240001C02402F
:10116000003C014010B5426921EA020302EA010491
:1011700043EA0443836110BD0AB1816101E00B04BD
:101180008361704701480068000C7047002004E04C
:1011900001480068704700000C0000200348006808
:1011A0000349097808440149086070470C00002091
:1011B0001400002010B50A48006840F40070084987
:1011C00008600846006840F480600860032000F072
:1011D0007FF80F2000F006F800F02AF8002010BD7C
:1011E000003C024070B504460E4800784FF47A7116
:1011F000B1FBF0F00C490968B1FBF0F5284601F0AD
:10120000A9FA08B1012070BD102C07D20022214696
:10121000501E00F01EF80548046001E00120F2E7CE
:101220000020F0E714000020000000201000002043
:10123000704701460846002809DB00F01F03012221
:101240009A4043099B0003F1E023C3F8002100BF4B
:1012500070472DE9F05F80460D461646002704F0E2
:10126000C1F9074639462A46334601F00700C0F166
:10127000070ABAF1040F02D94FF0040A01E0C0F1E5
:10128000070AD14600F1040ABAF1070F02D24FF063
:10129000000A01E0A0F1030AD4464FF0010A0AFA5D
:1012A00009FAAAF1010A0AEA020A0AFA0CFA4FF04C
:1012B000010B0BFA0CFBABF1010B0BEA030B4AEA37
:1012C0000B042146404604F095F9BDE8F09F00006C
:1012D00000BF00F00702064B19684FF6FF031940E4
:1012E000044B0B4343EA0221014B196000BF7047D6
:1012F0000CED00E00000FA057047024610684162FC
:1013000000207047F0B5034615461868446A21B9B5
:1013100044EA05401E68B06219E01868806A04EB70
:101320001044002208E0186800F5827050F822008E
:1013300004EB1044501CC2B2481E9042F3D844EA59
:101340000547186800F582704E1E40F82670002090
:10135000F0BD000010B50446012003490870D4F820
:10136000040402F0D4FC10BDDB01002070B504467B
:101370000D46C5EBC50304F13C0101EB8301CA68CE
:101380002946D4F8040402F00AFC70BD70B5044686
:101390000D46C5EBC50304F5FE7101EB8301CA6878
:1013A0002946D4F8040402F06BFC70BD10B5044665
:1013B000002003490870D4F8040402F0ABFC10BD0F
:1013C000DB01002070B504460E4606F08000802840
:1013D0000AD106F00F00C0EBC00104F13C0000EBA5
:1013E00081050120687009E006F00F00C0EBC00124
:1013F00004F5FE7000EB81050020687006F00F0018
:10140000287000BF94F8BC03012801D1022070BDF0
:10141000012084F8BC0300BF2946206803F030FA9D
:1014200000BF002084F8BC0300BF00BFEFE770B529
:1014300004460E4606F00F006168884201D901207B
:1014400070BD06F0800080280AD106F00F00C0EBC6
:10145000C00104F13C0000EB81050120687009E047
:1014600006F00F00C0EBC00104F5FE7000EB810533
:10147000002068700020A87006F00F00287000BFE0
:1014800094F8BC03012801D10220D9E7012084F897
:10149000BC0300BF2946206803F0D8FC00BF002031
:1014A00084F8BC0300BF00BFCAE7024601F00F008A
:1014B000C0EBC00302F5FE7000EB8300806970474B
:1014C0002DE9F04705460E4690461F464FF00009AD
:1014D00006F0800080280AD106F00F00C0EBC001A2
:1014E00005F13C0000EB81040120607009E006F08A
:1014F0000F00C0EBC00105F5FE7000EB8104002079
:10150000607006F00F002070C4F80880E770607803
:1015100008B12078E080022F01D10020207100BFA7
:1015200095F8BC03012802D10220BDE8F087012014
:1015300085F8BC0300BF2146286803F0BDF800BF52
:10154000002085F8BC0300BF4846EEE72DE9F041D6
:1015500004460E461746984606F00F00C0EBC00141
:1015600004F5FE7000EB8105EF60C5F814800020E3
:10157000A861687006F00F0028702069012800D16A
:101580002F6106F00F0028B9227C2946206803F05D
:1015900039FB04E0227C2946206803F0EBFC0020A4
:1015A000BDE8F08170B504460D4605F00F00616896
:1015B000884201D9012070BD05F0800080280AD141
:1015C00005F00F00C0EBC00104F13C0000EB810608
:1015D0000120707007E0C5EBC50104F5FE7000EB5B
:1015E0008106002070700120B07005F00F0030708F
:1015F00000BF94F8BC03012801D10220DBE70120E1
:1016000084F8BC0300BF3146206803F066FC05F097
:101610000F0028B9217C04F57172206803F0DEFB0D
:1016200000BF002084F8BC0300BF00BFC3E72DE962
:10163000F04104460E461746984606F00F00C0EBF0
:10164000C00104F13C0000EB8105EF60C5F8148097
:101650000020A8610120687006F00F002870206942
:10166000012800D12F6106F00F0028B9227C2946FD
:10167000206803F0C7FA04E0227C2946206803F0C2
:1016800079FC0020BDE8F0812DE9FE4F044620687A
:101690000290029D206803F058FE00287DD120684A
:1016A00003F0ACFE08B9BDE8FE8F206803F0A6FE8B
:1016B00000F00200022805D12068406900F0020015
:1016C00021684861206803F099FE00F0100010289E
:1016D00046D12068806920F0100021688861029856
:1016E000D0F8209009F00F00C0EBC00104F5FE70A7
:1016F00000EB810BC9F3434002281AD147F6F07082
:1017000009EA000030B3C9F30A12DBF80C100298A2
:1017100003F079FEC9F30A11DBF80C000844CBF89A
:101720000C00C9F30A11DBF818000844CBF81800C4
:1017300010E0C9F3434006280CD1082204F571716A
:10174000029803F060FEC9F30A11DBF818000844A0
:10175000CBF818002068806940F01000216888618B
:10176000206803F04BFE00F40020B0F5002F52D1AA
:101770000026206803F012FE824649E00AF00100CC
:10178000E8B3F1B2206803F02CFE804608F00100B7
:1017900058B1012105F5306000E021E200EB461070
:1017A00081603146204601F089FA08F008000828D7
:1017B00009D1082105F5306000EB46108160314603
:1017C000204601F049FA08F01000102805D1102138
:1017D00005F5306000EB4610816008F020002028FD
:1017E00005D1202105F5306000EB4610816008F43A
:1017F0000050B0F5005F08D14FF4005100E004E064
:1018000005F5306000EB46108160761C4FEA5A0AFD
:10181000BAF1000FB2D1206803F0F0FD00F480208F
:10182000B0F5802F7ED1206803F0AEFD8246002601
:1018300083E00AF0010000287CD0F1B2206803F0B8
:10184000B7FD804608F00100F0B306F00F0101205B
:101850008840019040F634004159019821EA000087
:1018600040F634014851012105F5106000EB4610A7
:1018700081602069012824D1C6EBC60104F13C0037
:1018800000EB8100C6EBC602C16804F13C0000EB2E
:10189000820080680144C6EBC60204F13C0000EB04
:1018A0008200C1606EB9C6EBC60104F13C0000EBDA
:1018B0008100406928B904F571720121206803F0A4
:1018C0008DFAF1B2204600E001E0FFF74FFD08F08D
:1018D0000800082805D1082105F5106000EB461026
:1018E000816008F01000102805D1102105F5106066
:1018F00000EB4610816008F04000402805D14021EF
:1019000005F5106000EB4610816008F00200022827
:1019100005D1022105F5106000EB4610816008F04A
:10192000800001E00DE005E0802803D1314620462B
:1019300001F082FA761C4FEA5A0ABAF1000F7FF4DE
:1019400078AF206803F05AFD00F00040B0F1004F7E
:101950001CD140F60400405920F0010140F604007B
:10196000415194F8F403012807D1002084F8F403CE
:1019700000212046FFF7C0FC02E0204600F067FA95
:101980002068406900F0004021684861206803F049
:1019900035FD00F40060B0F5006F0ED140F6080090
:1019A000405900F0010010B1204600F0A7FA20686D
:1019B000406900F4006021684861206803F01EFD62
:1019C00000F48050B0F5805F7DD140F604004059AE
:1019D00020F0010140F6040041511021206803F07D
:1019E00089FC00273EE04FF67F3105F5106000EBE3
:1019F0004710816005F5106000EB4710006820F487
:101A0000001105F5106000EB4710016005F510604E
:101A100000EB4710006840F0006105F5106000EB36
:101A2000471001604FF67F3105F5306000EB47103D
:101A3000816005F5306000EB4710006820F400116C
:101A400005F5306000EB4710016005F5306000EBF4
:101A50004710006840F0006105F5306000EB47106A
:101A600001607F1C6068B842BDD840F61C00405938
:101A700040F0011140F61C004151206B70B1D5F8C7
:101A8000840840F00B01C5F8841840F64400405922
:101A900040F00B0140F6440041510FE040F61400C5
:101AA000405942F22B01084340F614014851081FE7
:101AB000405940F00B014FF401604151D5F8000846
:101AC00020F4FE6000E00DE0C5F80008217C04F57C
:101AD0007172206803F082F92068406900F4805038
:101AE00021684861206803F089FC00F40050B0F5DB
:101AF000005F17D1206802F047FE206803F012FC57
:101B0000E06000F0C9FA0090227B2068009903F0A1
:101B1000C5FC204600F082F92068406900F40050BE
:101B200021684861206803F069FC00F0080008287B
:101B300008D1204600F092F92068406900F00800C2
:101B400021684861206803F059FC00F48010B0F56A
:101B5000801F0AD100263146204600F043F8206855
:101B6000406900F4801021684861206803F046FC59
:101B700000F40010B0F5001F0AD1002631462046BF
:101B800000F039F82068406900F4001021684861CD
:101B9000206803F033FC00F08040B0F1804F08D1A2
:101BA0002046FFF7D7FB2068406900F0804021689D
:101BB0004861206803F022FC00F0040004280FD1E3
:101BC0002068D0F8049009F00400042802D12046CF
:101BD000FFF7ECFB2068406840EA09002168486094
:101BE00000BF60E570B504460D462946D4F80404EC
:101BF00002F0F4F870BD70B504460D462946D4F8DD
:101C0000040402F003F970BD70B58AB0044614B93B
:101C100001200AB070BD266894F8BD0328B90020E1
:101C200084F8BC03204600F0A3F8032084F8BD0329
:101C3000F06B00F4807008B900212161206802F087
:101C4000D9FF282204F110016846FEF754FB94E8FE
:101C50000F0002F0ADFD20B1022084F8BD03012089
:101C6000D7E70021206803F0DFFB002531E00121E8
:101C7000C5EBC50204F13C0000EB82004170C5EBEE
:101C8000C50104F13C0000F82150C5EBC50100EB93
:101C90008100C5800021C5EBC50204F13C0000EBCA
:101CA0008200C170C5EBC50204F13C0000EB82006C
:101CB0008160C5EBC50204F13C0000EB8200C1600D
:101CC000C5EBC50204F13C0000EB82004161681CD9
:101CD000C5B26068A842CAD800252AE00021C5EB39
:101CE000C50204F5FE7000EB82004170C5EBC50132
:101CF00004F5FE7000F821500021C5EBC50200EB91
:101D00008200C170C5EBC50204F5FE7000EB8200D5
:101D10008160C5EBC50204F5FE7000EB8200C16076
:101D2000C5EBC50204F5FE7000EB82004161681C42
:101D3000C5B26068A842D1D8282204F110016846D3
:101D4000FEF7D9FA94E80F0002F064FE20B10220F9
:101D500084F8BD0301205CE7002084F838000120EE
:101D600084F8BD03206802F043FE002051E7000024
:101D700010B586B00446142101A8FEF7D5FA2068F4
:101D8000B0F1A04F43D100BF2248006840F080006E
:101D90002049086000BF002000901E4810300068F5
:101DA00040F480401B49103108600846006800F488
:101DB0008040009000BF00BF00BF00BF0020009027
:101DC0001448001F006840F001001249091F086014
:101DD0000846006800F00100009000BF00BF4FF40B
:101DE000C050019002200290002003900320049034
:101DF0000A20059001A90848FFF7B2F80322002144
:101E00004320FFF726FA4320FFF713FA00E000BF54
:101E100006B010BD343802400000024070B50446E0
:101E20000125E06810B1022804D101E0002503E09B
:101E3000012501E0012500BF00BFD4F8040402F031
:101E40001DF82946D4F8040402F06FF870BD10B5EF
:101E50000446D4F8040402F047F810BD10B5044657
:101E6000D4F8040402F04BF810BD70B504460D46DA
:101E700000BF94F8BC03012801D1022070BD0120ED
:101E800084F8BC0300BF84F838502946206803F06A
:101E9000E6FA00BF002084F8BC0300BF00BFEDE7F6
:101EA00010B5044604F57171D4F8040402F052F838
:101EB00010BD70B50446256800BF94F8BC03012826
:101EC00001D1022070BD012084F8BC0300BFA06ACC
:101ED000012806D1A069012803D0A86B40F4803006
:101EE000A863206803F0E8F9206802F06FFD00BFE6
:101EF000002084F8BC0300BF00BFE3E710B5044630
:101F0000002003490870D4F8040402F070F810BDF2
:101F1000DB01002070B504460D460CB9012070BDF0
:101F20005848006800F00700A84209D255490D70D2
:101F30000846006800F00700A84201D00120EEE743
:101F4000207800F0020002281DD1207800F0040063
:101F5000042805D14C48006840F4E0504A49086024
:101F6000207800F00800082805D14748006840F4B0
:101F70006040454908604448006820F0F000A168CE
:101F8000084341490860207800F00100A8B3606868
:101F9000012807D13C4808380068C0F34040B8B970
:101FA0000120BCE76068022802D06068032807D1DE
:101FB000354808380068C0F3406048B90120AEE7F2
:101FC000314808380068C0F3400008B90120A6E78E
:101FD0002D48006820F00300616808432A49086022
:101FE000FFF7D6F8064609E0FFF7D2F8801B41F26A
:101FF0008831884202D9032091E707E0224800682F
:1020000000F00C006168B0EB810FEDD11D48006855
:1020100000F00700A84209D91A490D700846006867
:1020200000F00700A84201D0012078E7207800F0F6
:102030000400042807D11448006820F4E050E16847
:10204000084311490860207800F00800082808D1EA
:102050000D48006820F46040216940EAC1000A4947
:10206000086000F03FF808490968C1F30311074A06
:10207000515CC8400649086006480068FFF7B2F89E
:1020800000204CE7003C024008380240C4B9000878
:102090000000002010000020014800687047000088
:1020A0000000002000B5FFF7F7FF04490968C1F3FD
:1020B0008221034A515CC84000BD0000083802403C
:1020C000D4B9000800B5FFF7E7FF04490968C1F378
:1020D0004231034A515CC84000BD0000083802404C
:1020E000D4B900082DE9F047002400250026A146B8
:1020F0002548006800F00C0020B1042805D008280D
:102100003AD105E0DFF8849039E0DFF8849036E0DA
:102110001D48001F006800F03F041B48001F0068B6
:1021200000F4800078B11A481749091F0968C1F303
:102130008811A0FB01700146224600233846FEF7B5
:10214000A9F805460EE011480F49091F0968C1F3B7
:102150008811A0FB01700146224600233846FEF795
:1021600099F805460848001F0068C0F30140401C6C
:102170004600B5FBF6F902E0DFF8109000BF00BFA3
:102180004846BDE8F0870000083802400024F4000B
:1021900000127A00F8B504460CB90120F8BD207889
:1021A00000F00100002874D0F948006800F00C002D
:1021B00004280DD0F648006800F00C00082813D160
:1021C000F348001F006800F48000B0F5800F0BD1C9
:1021D000EF4808380068C0F34040002859D06068D4
:1021E000002856D10120D9E700BF6068B0F5803FD4
:1021F00008D1E7480838006840F48030E4490839DD
:1022000008601EE06068B0F5A02F0DD1E0480838E6
:10221000006840F48020DE490839086008460068FC
:1022200040F4803008600CE0D9480838006820F499
:102230008030D749083908600846006820F48020BB
:10224000086000BF606890B1FEF7A2FF054606E097
:10225000FEF79EFF401B642801D903209EE7CC486F
:1022600008380068C0F340400028F1D011E0FEF7C4
:102270008FFF054606E0FEF78BFF401B642801D95F
:1022800003208BE7C24808380068C0F340400028AC
:10229000F1D1207800F0020002285FD1BC4800682C
:1022A00000F00C0058B1BA48006800F00C00082893
:1022B0001CD1B748001F006800F48000B0B9B448D2
:1022C00008380068C0F3400020B1E068012801D060
:1022D000012063E7AE480838006820F0F800216963
:1022E00040EAC100AA490839086037E0E06800B355
:1022F0000120A8490860FEF74BFF054606E0FEF7FF
:1023000047FF401B022801D9032047E7A0480838AF
:102310000068C0F340000028F1D09D4808380068EC
:1023200020F0F800216940EAC100994908390860A5
:1023300014E0002097490860FEF72AFF054606E0F2
:10234000FEF726FF401B022801D9032026E790480C
:1023500008380068C0F340000028F1D1207800F070
:10236000080008282CD16069A8B101208A490860BA
:10237000FEF70EFF054606E0FEF70AFF401B0228A7
:1023800001D903200AE782486C300068C0F340009E
:102390000028F1D014E000207F490860FEF7F8FE25
:1023A000054606E0FEF7F4FE401B022801D9032093
:1023B000F4E677486C300068C0F340000028F1D1A3
:1023C000207800F00400042870D1002770483830CD
:1023D000006800F0805090B900BF002000906C4869
:1023E0003830006840F0805069493831086008464C
:1023F000006800F08050009000BF00BF01276748D0
:10240000006800F48070B0B96448006840F48070DF
:1024100062490860FEF7BCFE054606E0FEF7B8FE1E
:10242000401B022801D90320B8E65C48006800F48C
:1024300080700028F2D000BFA068012808D154485D
:102440006830006840F001005149683108601DE0C3
:10245000A06805280DD14E486830006840F004009F
:102460004B49683108600846006840F00100086088
:102470000CE047486830006820F0010044496831AA
:1024800008600846006820F00400086000BFA068EB
:10249000A8B1FEF77DFE054609E0FEF779FE401B78
:1024A00041F28831884202D9032077E626E0384895
:1024B00068300068C0F340000028EED013E0FEF75B
:1024C00067FE054608E0FEF763FE401B41F28831D7
:1024D000884201D9032061E62D4868300068C0F3C6
:1024E00040000028EFD1012F07D12948383000687B
:1024F00020F0805026493831086000BFA0690028CC
:1025000045D02348006800F00C0008285DD0A06981
:10251000022845D100201F490866FEF739FE05460E
:1025200006E0FEF735FE401B022801D9032035E600
:10253000174808380068C0F340600028F1D1D4E99A
:1025400007010843616A40EA81110122A06AC2EBD7
:10255000500041EA00412C20005D41EA00600C4936
:10256000091F086001200B490866FEF711FE0546A9
:1025700006E0FEF70DFE401B022801D903200DE600
:10258000034808380068C0F340600028F1D049E0F3
:102590000838024000004742800E47420070004069
:1025A000002021490866FEF7F3FD054606E0FEF728
:1025B000EFFD401B022801D90320EFE51B4800680E
:1025C000C0F340600028F2D12CE0A069012800D1BE
:1025D000E4E51648001D0668A069012820D006F42D
:1025E0008001E06981421BD106F03F01206A8142EF
:1025F00016D147F6C0703040616AB0EB811F0FD131
:1026000006F440310122A06AC2EB5000B1EB004F4A
:1026100006D106F070612C20005DB1EB006F01D097
:102620000120BBE50020B9E5000047420038024028
:1026300070B504460E4615460CB9012070BD94F8DD
:10264000490028B9002084F84800204600F01CF812
:1026500004F108012068FEF7C7F93146A268206836
:10266000FEF7F0F92946236BD4E90102FEF798F949
:10267000A168206850F8210040F00100A26821689C
:1026800041F822000020D9E710B586B0044600BF0B
:10269000002000902248006840F0010020490860B6
:1026A0000846006800F00100009000BF00BF00BFB6
:1026B000002000901A480838006840F008001849C7
:1026C000083908600846006800F00800009000BF64
:1026D00000BF00BF002000900846006840F01000D6
:1026E00008600846006800F01000009000BF00BFBE
:1026F0004CF203700190022002900120039002200E
:1027000004900C20059001A90648FEF729FC4FF61D
:102710008070019001A90448FEF722FC06B010BDAC
:1027200038380240000C024000100240042808D152
:102730004FF0E021096941F004014FF0E0221161FE
:1027400007E04FF0E021096921F004014FF0E02299
:102750001161704770B504462546681EB0F1807F50
:1027600001D301200FE0681E4FF0E02148610F21E6
:102770004FF0FF3002F03EFF00204FF0E021886173
:1027800007200861002070BD704770472DE9F84FA1
:102790000446206805682068C668206847694FF0CD
:1027A0000009CA4605F00F09B9F1000F0AD105F07A
:1027B000200038B106F0200020B1204600F0E9FBEF
:1027C000BDE8F88FB9F1000F72D007F0010018B919
:1027D00006F4907000286BD005F0010030B106F4CB
:1027E000807018B1206C40F00100206405F00400F6
:1027F00030B107F0010018B1206C40F002002064F5
:1028000005F0020030B107F0010018B1206C40F073
:102810000400206405F0080048B106F0200010B95B
:1028200007F0010018B1206C40F008002064206C13
:1028300070B305F0200028B106F0200010B120464A
:1028400000F0A7FB20684069C0F3801A206C00F0FC
:10285000080010B9BAF1000F23D0204600F06EFB3B
:102860002068406900F04000402816D12068406987
:1028700020F0400021684861A06B50B15648A16B20
:102880000865A06BFEF744FB10B1A06B016D884793
:102890000CE02046FFF779FF08E02046FFF775FFC0
:1028A00004E02046FFF771FF0020206488E7FFE77F
:1028B000206B012879D105F01000002875D006F0B2
:1028C0001000002871D000BF002000902068006830
:1028D000009020684068009000BF00BF20684069F9
:1028E00000F04000402839D1A06B006840681FFA12
:1028F00080F8B8F1000F30D0A08D40452DDDA4F850
:102900002E80A06BC069B0F5807F1FD02068C068A2
:1029100020F480702168C8602068406920F00100C0
:10292000216848612068406920F0400021684861C2
:10293000202084F83E00002020632068C06820F03A
:1029400010002168C860A06BFEF78DFAA08DE28DA3
:10295000801A81B22046FFF717FF31E7A08DE18D85
:10296000401A1FFA80F8E08DE8B1B8F1000F1AD0D4
:102970002068C06820F490702168C86020684069B1
:1029800020F0010021684861202084F83E000020EA
:1029900020632068C06820F010002168C8604146AC
:1029A0002046FFF7F1FE0BE7FFE705F0800030B1AE
:1029B00006F0800018B1204600F083FC00E705F027
:1029C000400030B106F0400018B1204600F0D1FAC6
:1029D000F6E600BFF4E60000292F000810B5044613
:1029E0000CB9012010BDA06900B100E000BF94F84F
:1029F0003D0028B9002084F83C00204600F028F86B
:102A0000242084F83D002068C06820F4005021682C
:102A1000C860204600F01CFB2068006920F490404C
:102A2000216808612068406920F02A002168486117
:102A30002068C06840F400502168C860002020640D
:102A4000202084F83D0084F83E000020CAE7000002
:102A500010B586B004462E492068884255D100BF83
:102A600000BF002000902B48006840F0100029496A
:102A700008600846006800F01000009000BF00BF2A
:102A800000BF00BF00BF002000902248143800683B
:102A900040F001001F49143908600846006800F042
:102AA0000100009000BF00BF00BF00BF00BF0020BA
:102AB00000900846006840F0010008600846006881
:102AC00000F00100009000BF00BF00BF481501905A
:102AD000022002900120039002200490072005901C
:102AE00001A90D48FEF73CFA4FF4806001900720E1
:102AF000059001A90848FEF733FA2520FEF799FB57
:102B0000032211462520FEF7A4FB06B010BD0000ED
:102B100000100140443802400000024070B50446F5
:102B20000D46164694F83E00202816D105B10EB980
:102B3000012070BD00BF94F83C00012801D10220A3
:102B4000F7E7012084F83C0000BF002020633246F4
:102B50002946204600F092FBEBE70220E9E700005F
:102B600010B504462049206888423BD11F480088A0
:102B700000F4004088BB1D48008800F4804070B11C
:102B80001B4800780A2803D000201849088024E058
:102B90001648008840F40040144908801DE014489D
:102BA00000780D2806D11148008840F480400F4974
:102BB000088012E00E4800780C490988C1F30D0125
:102BC0000C4A505409480088401C084908800846AF
:102BD0000088C72801DD002008800122044906483A
:102BE000FFF79CFF10BD000000100140080000200E
:102BF0000A0000200C030020D4030020704700BF0F
:102C0000FEE730B50B46002100BF16E00A24B4EB06
:102C1000107F05D9302404EB107403F8114005E04F
:102C2000412404EB10740A3C03F811400001002514
:102C30004C00641C1D554C1CE1B29142E6DB30BDDA
:102C400000BFFEE77047000010B50248FEF71CFD0C
:102C500010BD0000804F01202DE9F04704460D46CD
:102C600026683746D6F8408007F5306000EB4510FF
:102C7000D0F80890104880450BD909F40040B0F511
:102C8000004F06D14FF4004107F5306000EB4510CE
:102C900081602046FFF704F90748804508D920697C
:102CA000012805D104F571720121206802F096F81F
:102CB0000020BDE8F08700000A30544F2DE9F047AE
:102CC00005460C46D5F800804646D8F8409006F5F3
:102CD000306000EB441087682869012873D107F041
:102CE000080008280FD1524881450BD907F400404D
:102CF000B0F5004F06D14FF4004106F5306000EB0F
:102D00004410816091E007F02000202806D12021A6
:102D100006F5306000EB4410816086E007F0280083
:102D200000280ED1424881450CD907F40040B0F587
:102D3000004F07D14FF4004106F5306000EB44101E
:102D4000816072E0C4EBC40105F5FE7000EB810008
:102D5000816806F5306000EB44100069C0F3120092
:102D6000091AC4EBC40205F5FE7000EB8200816114
:102D7000C4EBC40105F5FE7000EB8100C4EBC40296
:102D8000C16805F5FE7000EB820080680144C4EB69
:102D9000C40205F5FE7000EB8200C1606CB9C4EBA3
:102DA000C40105F5FE7000EB8100406928B905F506
:102DB00071720121286802F011F8E1B22846FEF78D
:102DC000E5FA32E0FFE71B4881451BD107F40040DC
:102DD000B0F5004F07D14FF4004106F5306000EB2D
:102DE0004410816021E007F02000202805D1202137
:102DF00006F5306000EB44108160E1B22846FEF732
:102E0000C5FA12E06CB9C4EBC40105F5FE7000EB25
:102E10008100406928B905F571720021286801F028
:102E2000DDFFE1B22846FEF7B1FA0020BDE8F087E9
:102E30000A30544F0A31544F2DE9F84F07460E46D9
:102E4000D7F80090C846C6EBC60107F13C0000EB7E
:102E50008104D4E90510884202D90120BDE8F88F29
:102E6000D4E90501451AA068A84200D2A568E81C6B
:102E70004FEA900A17E0D4E90501451AA068A84274
:102E800000D2A568E81C4FEA900A387CABB2F2B2D7
:102E900000904846E16802F075FBE0682844E06075
:102EA000A0692844A06108F5106000EB4610806915
:102EB00080B2504506D3D4E90510884202D2606939
:102EC0000028D8D1D4E9050188420ED806F00F01B8
:102ED000012000FA01FB40F6340050F8080020EA17
:102EE0000B0040F6340141F808000020B6E730B589
:102EF00001460A461378521C147843EA042030BD78
:102F000010B5FEF74BF908F015FA012801D007F0CB
:102F1000DBFF10BD0348006840F470000149086001
:102F20007047000088ED00E070B50546AC6B0020EE
:102F3000E085E0842046FFF728FC70BD0168C96881
:102F400021F490710268D1600168496921F00101A2
:102F500002685161016B012905D10168C96821F03E
:102F600010010268D160202180F83E100021016329
:102F7000704710B504462068C06820F04000216802
:102F8000C860202084F83D002046FFF737FE00206F
:102F900010BD70B5044694F83E00222856D1A068B2
:102FA000B0F5805F0CD1206950B90025A66A206871
:102FB0004068C0F308003080A06A801CA06215E061
:102FC000A56A0026A068B0F5805F03D0A06828B984
:102FD000206918B920684068287004E020684068BB
:102FE00000F07F002870A06A401CA062E08D401EA7
:102FF00080B2E08540BB2068C06820F020002168D6
:10300000C8602068C06820F480702168C8602068AB
:10301000406920F0010021684861202084F83E00CA
:10302000206B01280AD12068C06820F010002168B8
:10303000C860A18D2046FFF7A7FB02E02046FFF7FE
:103040008FFD0020206370BD0020FCE70220FAE71E
:103050002DE9F84F04462068006920F44050E168EB
:103060000843216808612169A06808436169084331
:10307000E169084300902068C06849F20C61884308
:10308000009908432168C8602068406920F44070B6
:10309000A16908432168486176492068884203D0C5
:1030A00075492068884203D1FFF70CF8814602E099
:1030B000FEF7F8FF8146E069B0F5004F6CD10220C1
:1030C0006168A0FB015003461920A9FB007001466E
:1030D0002A463846FDF7DEF86421B0FBF1F04FEAEE
:1030E000001A02206168A0FB01510B461920A9FBC0
:1030F00000712A463846FDF7CDF883460220616804
:10310000A0FB015003461920A9FB00712A4638464E
:10311000FDF7C0F86421B0FBF1F000EBC00101EB5A
:103120000010ABEB8000322101EBC0006421B0FB4A
:10313000F1F000F0F8000AEB400A02206168A0FB01
:10314000015003461920A9FB007001462A46384663
:10315000FDF7A0F8834602206168A0FB01500346FA
:103160001920A9FB00712A463846FDF793F864211F
:10317000B0FBF1F000EBC00101EB0010ABEB800005
:10318000322101EBC0006421B0FBF1F000F0070038
:103190005044216888606AE004206168A0FB015007
:1031A00003461920A9FB007001462A463846FDF760
:1031B00071F8824604206168A0FB01500346192083
:1031C000A9FB007001462A463846FDF763F86421E2
:1031D000B0FBF1F000EBC00101EB0010AAEB8000A6
:1031E000322101EB00106421B0FBF1F000F0F00A95
:1031F00004206168A0FB017003461920A9FB00515F
:103200003A462846FDF746F86421B0FBF1F00AEB98
:10321000001A04206168A0FB01510B461920A9FB8C
:1032200000712A463846FDF735F883460420616868
:10323000A0FB015003461920A9FB007001462A4655
:103240003846FDF727F86421B0FBF1F000EBC00130
:1032500001EB0010ABEB8000322101EB0010642188
:10326000B0FBF1F000F00F00504421688860BDE829
:10327000F88F0000001001400014014010B5034613
:1032800099629A85DA8500201864222083F83E002E
:1032900000BF002083F83C0000BF1868C06840F4FD
:1032A00080701C68E0601868406940F001001C688C
:1032B00060611868C06840F020001C68E060002071
:1032C00010BD014691F83D00212828D18868B0F54D
:1032D000805F0BD1086948B90A6A1088C0F30800FA
:1032E0000B685860086A801C086205E00B6A581C6D
:1032F000086218780B685860C88C401E80B2C88479
:1033000058B90868C06820F080000B68D860086869
:10331000C06840F040000B68D86000207047022071
:10332000FCE7000010B50248FFF730FA10BD0000BE
:10333000D40300202DE9F04104460D46D4F8C472B0
:10334000D4F8BC0210B90320BDE8F081D4F8BC6207
:1033500005EB850104F1140000EB8100406808B31F
:1033600005EB850104F1140000EB8100C5EBC502FB
:10337000416807F13C0000EB82008068B1FBF0F28D
:1033800000FB121070B9002105EB850204F1140056
:1033900000EB8200416000231A462946204600F0D7
:1033A00030FE0FE00020C6F81402D4F8C002006915
:1033B00040B1D6F80802D4F8C0122A460B6906F5C7
:1033C000047198470020BFE770B504460E46D4F854
:1033D000BC52D4F8BC0208B9032070BD3146204667
:1033E00000F0A8FCC5F80C02D5F80402D4F8C0120D
:1033F000CA6805F5037190470020EEE770B50446F2
:103400000D468121204600F0C0FB002121870121CB
:10341000204600F0BAFB0021A4F878118221204652
:1034200000F0B3FB0021A4F84C10A4F84E10D4F81F
:10343000BC0258B1D4F8C012486880470020D4F8C4
:10344000BC1206F003F90020C4F8BC02002070BDD5
:1034500070B50546D5F8BC420CB9032070BDD5F84F
:10346000C00278B194F80002FF280BD094F8012232
:1034700094F80002D5F8C0128B6821469847FF20C7
:1034800084F800020020E9E701460A20088001488C
:1034900070470000CC00002001464320088001480E
:1034A0007047000054010020014643200880014875
:1034B00070470000100100200146432008800148A9
:1034C000704700009801002070B504460E464FF486
:1034D0000771002006F0CCF8054625B90020C4F895
:1034E000BC02022070BDC4F8BC52207CA0B94FF4CD
:1034F000007302228121204600F0A0FC01212187D7
:103500004B020222204600F099FC0121A4F8781118
:103510001021A4F84E1012E04023022281212046FF
:1035200000F08CFC0121218740230222204600F07C
:1035300085FC0121A4F878111021A4F84E1008236D
:1035400003228221204600F079FC0121A4F84C10CE
:10355000D4F8C012086880470020C5F81402C5F8E6
:103560001802207C40B94FF4007301212046D5F8A1
:10357000042200F073FC06E0402301212046D5F828
:10358000042200F06BFC0020ACE770B50446D4F8D0
:10359000BC52D4F8BC0208B9032070BD207C40B9ED
:1035A0004FF4007301212046D5F8042200F056FCA8
:1035B00006E0402301212046D5F8042200F04EFC0D
:1035C0000020EAE7024609B903207047C2F8C0129A
:1035D0000020FAE702460B46D2F8BC1209B90320D4
:1035E0007047C1F804320020FAE72DE9FC41054696
:1035F0000C46D5F8BC62002001900090804616B9B8
:103600000320BDE8FC81207800F0600078B320281A
:103610006FD1E08818B3207800F0800098B1E2887C
:103620006078D5F8C0128B6831469847E088072843
:1036300001D9072000E0E08807463A46314628468F
:1036400000F0D3F812E0607886F80002A07986F8DE
:103650000102E2883146284600F0A6F806E06078CC
:10366000D5F8C01200228B682146984748E0FFE752
:10367000607830B1012831D00A2813D00B282ED120
:1036800021E095F89C02032805D1022269462846CC
:1036900000F0ABF805E02146284600F079F84FF03D
:1036A000030823E095F89C02032805D1012201A913
:1036B000284600F09AF805E02146284600F068F810
:1036C0004FF0030812E095F89C02032805D021462C
:1036D000284600F05DF84FF0030807E006E02146B9
:1036E000284600F055F84FF0030800BF00BF07E080
:1036F000FFE72146284600F04BF84FF0030800BFD3
:1037000000BF40467DE770B504460D46D4F8B802C8
:1037100028B1D4F8B80229464268204690470020D4
:1037200070BD70B504460D4694F89C02012804D083
:10373000022803D003280CD101E000BF00BF688835
:10374000012805D10020C4F8A402204600F05EF84C
:1037500004E02946204600F01BF800BF00BF70BD02
:1037600070B506460C4615462B46224600213046CB
:1037700000F074FB002070BD70B506460C4615467F
:103780002B4622460021304600F03BFC002070BD55
:1037900070B504460D468021204600F016FC00213D
:1037A000204600F012FC70BD70B504460E4615466A
:1037B0000320C4F894024FF4AC700551001D05516C
:1037C0002B4632460021204600F048FB002070BD09
:1037D00010B504460520C4F8940200231A46194681
:1037E000204600F03BFB002010BD70B504460E469D
:1037F00015460220C4F89402A561E5612B463246C5
:103800000021204600F0FDFB002070BD10B50446ED
:103810000420C4F8940200231A461946204600F0FA
:10382000F0FB002010BD70B504460D46E888012865
:1038300004D029462046FFF7ABFF1EE094F89C0217
:10384000012804D0022803D0032810D109E000BFCA
:103850000020A060012204F108012046FFF7C5FF07
:103860000AE00122211D2046FFF7BFFF04E02946A0
:103870002046FFF78DFF00BF00BF70BDF8B50446BE
:103880000E460020009000270025708800120828AE
:1038900075D2DFE800F0C7040C20C7C7A5B5207CAF
:1038A000D4F8B4120A68694690470746C1E0207C04
:1038B00040B9D4F8B802816A6846884707460220B2
:1038C000787007E0D4F8B802C16A684688470746AE
:1038D00002207870ADE0B078062878D2DFE800F0FA
:1038E0000316293C5063D4F8B402406838B1207CF8
:1038F000D4F8B4124A6869469047074605E0314655
:103900002046FFF745FF681CC5B267E0D4F8B40253
:10391000806838B1207CD4F8B4128A686946904730
:10392000074605E031462046FFF732FF681CC5B266
:1039300054E0D4F8B402C06838B1207CD4F8B41292
:10394000CA6869469047074605E031462046FFF7BA
:103950001FFF681CC5B241E0D4F8B402006938B159
:10396000207CD4F8B4120A6969469047074605E0FE
:1039700031462046FFF70CFF681CC5B22EE051E02F
:10398000D4F8B402406938B1207CD4F8B4124A6942
:1039900069469047074605E031462046FFF7F8FEA6
:1039A000681CC5B21AE0D4F8B402806940B1207C2A
:1039B000D4F8B4128A6969469047074606E006E0E3
:1039C00031462046FFF7E4FE681CC5B206E03146EA
:1039D0002046FFF7DDFE681CC5B200BF00BF28E02F
:1039E000207C30B9D4F8B802416B68468847074656
:1039F00005E031462046FFF7CBFE681CC5B218E053
:103A0000207C40B9D4F8B802016B68468847074665
:103A10000720787005E031462046FFF7B9FE681CA4
:103A2000C5B206E031462046FFF7B2FE681CC5B2BB
:103A300000BF00BF05B1F8BDF088C0B1BDF80000FF
:103A400080B1F088BDF80010884202DDBDF80000AA
:103A500000E0F0880090BDF8002039462046FFF7CE
:103A6000C4FE07E031462046FFF792FE02E0204602
:103A7000FFF7CCFE00BFDEE7014600200A4602E069
:103A8000431CD8B2521C1378002BF9D1704770B583
:103A900004460D4694F89C02012804D0022803D065
:103AA00003281AD101E000BF00BFE888022804D033
:103AB00029462046FFF76CFE14E00120E060D4F8B0
:103AC000A40218B1E06840F00200E060022204F1B4
:103AD0000C012046FFF789FE04E029462046FFF747
:103AE00057FE00BF00BF70BD2DE9F04107460D46EF
:103AF000904600240FB9BDE8F0813E463046FFF7FE
:103B0000BBFF022101EB4000A8F8000098F800007C
:103B10002855601CC4B203202855601CC4B208E0BC
:103B200030782855761C601CC4B200202855601CD3
:103B3000C4B230780028F3D100BFDCE72DE9F041B2
:103B400004460D46164614B90320BDE8F081002056
:103B5000C4F8B802C4F8C002C4F8CC020DB1C4F86D
:103B6000B452012084F89C022670204600F0ECF844
:103B700007463846E9E770B504460D462946D4F8AD
:103B8000C402FDF754FC002070BD70B504460D461C
:103B90002946D4F8C402FDF715FC002070BD2DE9BC
:103BA000F04104460F469046002F54D104F114050D
:103BB000D4F89402022843D1D5E9020188420FD9F2
:103BC000D5E90201401AA86041462046AA68FFF7DD
:103BD000D3FD00231A461946204600F03FF92FE096
:103BE000D5E90210884217D1E9686868884213D382
:103BF0006868D4F8981288420ED2002211462046F6
:103C0000FFF7BAFD0020C4F8980200231A461946AF
:103C1000204600F023F913E094F89C02032808D111
:103C2000D4F8B802C06820B1D4F8B802C168204600
:103C300088478021204600F0C8F92046FFF7C8FDDC
:103C400094F8A002012819D1204600F01CFA0020A7
:103C500084F8A00212E094F89C0203280ED1D4F854
:103C6000B802406950B1D4F8B802394642692046DA
:103C70009047064616B13046BDE8F0810020FBE7CC
:103C80002DE9F04105460F4690465FBB05F5AA7445
:103C9000D5F89402032838D1D4E90201884210D91A
:103CA000D4E90201401AA060D4E90201884201D29D
:103CB000A06800E0E068024641462846FFF750FD54
:103CC00023E095F89C02032808D1D5F8B8020069D2
:103CD00020B1D5F8B8020169284688472846FFF781
:103CE00095FD12E095F89C0203280ED1D5F8B80294
:103CF000806950B1D5F8B8023946826928469047A4
:103D0000064616B13046BDE8F0810020FBE70146CB
:103D10000020704710B50446012084F89C02D4F8B6
:103D2000B80228B12179D4F8B802426820469047F9
:103D3000002010BD70B504460D462946D4F8C402D3
:103D4000FDF7B3FB70BD000010B504464FF0A04076
:103D50001349086004204860002111480163016193
:103D60000162022181610021C1610221C160002143
:103D7000C162C0F80444C4F8C402FDF745FF8021C5
:103D80000748FDF7BAFA402200210548FDF7BAFAC4
:103D9000802201210248FDF7B5FA002010BD000085
:103DA000804F012010B50246D2F8C43201F08000E5
:103DB000802809D101F07F00C0EBC00403F13C0072
:103DC00000EB8400807810BD01F07F00C0EBC004E0
:103DD00003F5FE7000EB84008078F4E770B50446CC
:103DE0000D46D4F8B80208B9032070BD94F89C02BF
:103DF000032809D1D4F8B802006A28B1D4F8B8026F
:103E00002946026A204690470020EEE770B5044636
:103E10000D46D4F8B80208B9032070BD94F89C028E
:103E2000032809D1D4F8B802406A28B1D4F8B802FE
:103E30002946426A204690470020EEE72DE9F041EE
:103E400004460F4615461E462B4632463946D4F8E0
:103E5000C402FDF735FB0020BDE8F0812DE9F041FB
:103E600004460D4616461F463B4632462946D4F8C0
:103E7000C402FDF76BFB0020BDE8F08110B50446DD
:103E8000012084F89C020020C4F894026060C4F809
:103E9000A402D4F8B80208B9032010BDD4F8BC02BB
:103EA00048B1D4F8B802406828B12179D4F8B802F2
:103EB0004268204690474023002211462046FFF7E3
:103EC000BDFF01214FF4B27001534021001F015189
:103ED0004023002280212046FFF7B0FF0121A1846A
:103EE000402121620020D8E7014691F89C02042875
:103EF00003D191F89D0281F89C020020704710B513
:103F00000446D4F8B80208B9032010BD94F89C0206
:103F1000032808D1D4F8B802C06920B1D4F8B80297
:103F2000C169204688470020EFE70246117400204F
:103F30007047000070B504460D4601200449087022
:103F40002946D4F8C402FDF790FF002070BD0000A0
:103F5000DB01002070B504460D46294604F2AA2074
:103F600000F05FF80120C4F894024FF42C70005B5D
:103F7000C4F8980294F8AA0200F01F0020B10128AA
:103F800009D0022815D10DE004F2AA21204600F044
:103F90004BF9064616E004F2AA21204600F0ADFADD
:103FA00006460FE004F2AA21204600F090F90646EA
:103FB00008E094F8AA0200F08001204600F005F81D
:103FC000064600BF00BF304670BD70B504460D46C2
:103FD0002946D4F8C402FDF7E5FA002070BD10B5FB
:103FE0000446D4F8C402FDF764FF002010BD01466A
:103FF00091F89C0281F89D02042081F89C02002027
:1040000070472DE9F04104460D4616461F463B46D3
:1040100032462946D4F8C402FDF709FB0020BDE86A
:10402000F08170B505460E46344620782870641C31
:1040300020786870641C2046FEF759FF6880641C75
:10404000641C2046FEF753FFA880641C641C2046B5
:10405000FEF74DFFE88070BD38B504460D460020E0
:1040600000900DB9032038BDC4F8B852D4F8B80296
:10407000C06A30B1D4F8B802C16A68468847C4F84B
:10408000CC020020EFE701460020704770B50446DF
:104090000D46A88810BBE88800BB688880281DD220
:1040A000A87800F07F0694F89C02032804D12946E2
:1040B0002046FFF76DFB15E084F89E6231462046EE
:1040C000FFF738FF2046FFF7A1FB1EB1022084F85E
:1040D0009C0207E0012084F89C0203E02946204668
:1040E000FFF756FB70BD70B504460D460326D4F8A5
:1040F000B80230B1D4F8B802294602682046904789
:104100000646304670BD000070B504460E460025D8
:10411000B0783B49087008460078012805DD314633
:104120002046FFF735FB032070BD94F89C0202285F
:1041300002D0032856D11CE031480078A8B130489D
:10414000007860602E4801782046FFF7CCFF0546D6
:1041500025B131462046FFF71BFB09E02046FFF75B
:1041600055FB032084F89C0202E02046FFF74EFB3B
:1041700043E02348007870B9022084F89C0220486C
:10418000007860601E4801782046FFF7BCFA2046A0
:10419000FFF73CFB25E01A490978606888421DD08A
:1041A00021792046FFF7AFFA15480078606014487F
:1041B00001782046FFF797FF05465DB1314620465E
:1041C000FFF7E6FA21792046FFF79DFA022084F8EE
:1041D0009C0206E02046FFF719FB02E02046FFF7AD
:1041E00015FB0AE031462046FFF7D2FA0448017871
:1041F0002046FFF788FA032500BF00BF284693E753
:10420000C800002070B505460C466088012804D11E
:10421000C5F8A4022846FFF7F9FA70BD10B50446A8
:104220002046FFF7DCFE10BD70B505460C460026A3
:10423000207800F0600068B1202802D040283ED1EC
:1042400000E000BFD5F8B8022146826828469047B2
:10425000064639E060780A282AD2DFE800F01A24FE
:10426000291F290A0529150F21462846FFF706FBB5
:1042700023E021462846FFF709FF1EE02146284695
:10428000FFF742FF064618E021462846FFF7CBFA23
:1042900013E021462846FFF7FAFB0EE021462846A8
:1042A000FFF7B0FF09E021462846FFF73AFA04E09D
:1042B00021462846FFF76CFA00BF00BF04E0214604
:1042C0002846FFF765FA00BF00BF304670BD2DE9F4
:1042D000F04105460E464FF000083479307800F082
:1042E000600068B1202802D0402871D100E000BFF2
:1042F000D5F8B80231468268284690478046F8E0F3
:104300007078002865D001282FD0032870D195F847
:104310009C02022802D0032820D110E054B1802C46
:1043200008D021462846FFF750FE80212846FFF797
:104330004CFE03E031462846FFF72AFA13E0708866
:1043400040B93CB1802C05D0F08818B921462846E8
:10435000FFF73BFE2846FFF759FA04E031462846AE
:10436000FFF716FA00BF00BFBCE095F89C020228D8
:1043700002D0032825D110E054B1802C08D021466A
:104380002846FFF722FE80212846FFF71EFE03E0A5
:1043900031462846FFF7FCF918E0708880B904F030
:1043A0007F0018B121462846FFF7E5FB2846FFF7B6
:1043B0002DFAD5F8B80231468268284690478046E3
:1043C00004E031462846FFF7E3F900BF00BF89E06B
:1043D0008AE095F89C02022802D0032876D126E0D4
:1043E0003CB1802C05D031462846FFF7D1F972E068
:1043F00073E004F08000802808D104F07F0000EB17
:10440000800105F1140000EB810007E004F07F005B
:1044100000EB800105F5AA7000EB81000746002043
:104420003860022239462846FFF7DFF953E004F0EE
:10443000800080280ED104F00F0000EB800105F110
:10444000140000EB8100008A98B931462846FFF736
:104450009FF940E004F00F0000EB800105F5AA7021
:1044600000EB8100008A20B931462846FFF790F919
:1044700031E004F08000802808D104F07F0000EBD8
:10448000800105F1140000EB810007E004F07F00DB
:1044900000EB800105F5AA7000EB810007460CB126
:1044A000802C02D10020386009E021462846FFF721
:1044B00079FC10B10120386001E000203860022250
:1044C00039462846FFF791F905E0FFE731462846CF
:1044D000FFF75EF900BF00BF04E031462846FFF752
:1044E00057F900BF00BF04E031462846FFF750F9F6
:1044F00000BF00BF4046BDE8F08170B505460C46E0
:104500000026207800F0600030B1202802D040283A
:104510002AD100E000BF00BF95F89C02012804D01A
:10452000022803D0032818D101E000BF00BF207982
:1045300001280DDCD5F8B80221468268284690474C
:104540000646E08840B93EB92846FFF75FF903E028
:1045500021462846FFF71CF904E021462846FFF7CC
:1045600017F900BF00BF04E021462846FFF710F905
:1045700000BF00BF304670BD70B505460C462DB972
:104580002246064906A0FFF7AFFA04E02246034997
:1045900003A0FFF7A9FA014870BD0000885301206D
:1045A00056435020436F6E66696700000246122032
:1045B0000880014870470000F801002070B50546EA
:1045C0000C462DB92246064906A0FFF78DFA04E0F5
:1045D0002246034903A0FFF787FA014870BD000097
:1045E0008853012056435020496E7465726661639A
:1045F0006500000002460420088001487047000062
:104600000C02002070B505460C462246024903A064
:10461000FFF76AFA004870BD8853012053544D6972
:1046200063726F656C656374726F6E6963730000AB
:1046300070B505460C462DB92246064906A0FFF77F
:1046400053FA04E0224603490CA0FFF74DFA014853
:1046500070BD00008853012053544D3332205669F9
:10466000727475616C20436F6D506F727420696E47
:10467000204853204D6F64650000000053544D33B3
:1046800032205669727475616C20436F6D506F7281
:104690007420696E204653204D6F64650000000051
:1046A00070B505460C461A202080FCF7EDF901484C
:1046B00070BD00001002002070B504460B46224673
:1046C0001978587801282CD140F61C0080581D78A4
:1046D00005F00F060125B540ADB2284340F61C0594
:1046E000A85002F5106000EB4110006800F4004093
:1046F000F0BB1889C0F30A00DD7840EA854040EA43
:10470000815040F0805040F4004002F5106505EB08
:1047100041152D68284302F5106505EB4115286009
:104720002DE040F61C0080581D7805F00F0601258D
:10473000B540144E06EA0545284340F61C05A8502E
:1047400002F5306000EB4110006800F4004078B9D9
:104750001889C0F30A00DD7840EA854040F08050B7
:1047600040F4004002F5306505EB41152D6800E08E
:1047700005E0284302F5306505EB4115286000206F
:1047800070BD00000000FFFF01460A464FF41060B4
:104790008058C30ADB024FF41060835040F60400D7
:1047A000805840F4807340F6040083500020704726
:1047B0000FB470B504460A98012817D1A06B20F4F5
:1047C0008030A063E0681A490840E060E06820F4A7
:1047D0004010E0601198012803D1E06840F4801097
:1047E000E060204600F026F8054612E0E06840F060
:1047F0004000E060204600F01DF805460E9820B904
:10480000A06B40F48030A06303E0A06B20F4803004
:10481000A0630898012807D1A06840F00600A060B6
:10482000A06840F02000A060284670BC5DF814FB32
:10483000BFFFBDFF0146002200BF501C02460F4BC8
:10484000984201D903207047086900F00040002811
:10485000F3D00022086940F00100086100BF501C3D
:104860000246064B984201D90320ECE7086900F0A4
:1048700001000028F3D100BFE5E70000400D030070
:1048800070B504460B46224619785878012848D15D
:1048900002F5106000EB4110006800F00040B0F13C
:1048A000004F17D102F5106000EB4110006840F096
:1048B000006502F5106000EB4110056002F5106024
:1048C00000EB4110006840F0804502F5106000EBFD
:1048D0004110056040F63C0080581D7805F00F0639
:1048E0000125B540ADB2A84340F63C05A85040F6BE
:1048F0001C0080581D7805F00F060125B540ADB2AB
:10490000A84340F61C05A85002F5106000EB4110CA
:1049100000682B4D284002F5106505EB4115286015
:104920004BE002F5306000EB4110006800F0004001
:10493000B0F1004F17D102F5306000EB4110006874
:1049400040F0006502F5306000EB4110056002F5B3
:10495000306000EB4110006840F0804502F53060A7
:1049600000EB4110056040F63C0080581D7805F0D2
:104970000F060125B540134E06EA0545A84340F64B
:104980003C05A85040F61C008558187800F00F062A
:104990000120B0400B4E06EA0040854340F61C0063
:1049A000855002F5306000EB41100068064D28404C
:1049B00002F5306505EB41152860002070BD000050
:1049C000007833EC0000FFFF0078F3EF01460A4661
:1049D000D2F8000E20F00300C2F8000E40F60400EA
:1049E000805820F0020340F60400835000207047F6
:1049F00001460A46D2F8000E20F00300C2F8000E6D
:104A000040F60400805840F0020340F60400835052
:104A1000002070470FB4F0B5054600272E4600244D
:104A200005E0002105F5827040F82410641C0F2C6D
:104A3000F7D31098A0B940F60400805940F0020165
:104A400040F604008151A86B40F40010A863A86BE5
:104A500020F40020A863A86B20F48020A86307E05E
:104A6000A86B20F40010A863A86B40F40020A86392
:104A70000020C6F8000ED6F80008C6F800080B980B
:104A800001280BD1089820B90021284600F0FCFC31
:104A900008E00121284600F0F7FC03E00321284646
:104AA00000F0F2FC1021284600F024FC00B10127A0
:104AB000284600F009FC00B1012700214FF40160F5
:104AC0008151001D815140F61C00815100242EE0CF
:104AD00006F5106000EB4410006800F00040B0F1F3
:104AE000004F10D13CB94FF0006106F5106000EBAB
:104AF000441001600DE04FF0904106F5106000EBAE
:104B00004410016005E0002106F5106000EB441040
:104B10000160002106F5106000EB441001614FF6C2
:104B20007F3106F5106000EB44108160641C06982C
:104B3000A042CDD800242EE006F5306000EB4410F2
:104B4000006800F00040B0F1004F10D13CB94FF0C8
:104B5000006106F5306000EB441001600DE04FF09D
:104B6000904106F5306000EB4410016005E0002143
:104B700006F5306000EB44100160002106F530605E
:104B800000EB441001614FF67F3106F5306000EB19
:104B900044108160641C0698A042CDD84FF4016097
:104BA000805920F480714FF4016081510020A86188
:104BB0006FF080406861099818B9A86940F010004A
:104BC000A861A86909490843A8610C9818B1A869A7
:104BD00040F00800A8611098012803D1A869044991
:104BE0000843A8613846F0BC5DF814FB00383C80EF
:104BF000040000400146886820F001008860002021
:104C000070470000F0B505460B4614462A46197851
:104C10005878012875D1586920BB02F5106000EB67
:104C2000411000696C4E304002F5106606EB4116EB
:104C3000306102F5106000EB4110006940F400267D
:104C400002F5106000EB4110066102F5106000EB08
:104C500041100069C60CF60402F5106000EB41102B
:104C6000066137E002F5106000EB41100069C60CE8
:104C7000F60402F5106000EB4110066102F51060C9
:104C800000EB41100069544E304002F5106606EB0F
:104C9000411630619E685869B04201D998685861E0
:104CA00002F5106000EB4110006940F4002602F5A7
:104CB000106000EB4110066102F5106000EB41103E
:104CC00000695E69C6F31206304302F5106606EB12
:104CD00041163061012C15D1186928B102F5106018
:104CE00000EB41101E69466102F5106000EB4110B7
:104CF000006840F0044602F5106000EB41100660C9
:104D000068E01BE002F5106000EB4110006840F025
:104D1000044602F5106000EB411006605869002857
:104D200058D040F6340080581E7806F00F07012650
:104D3000BE40304340F63406B0504BE002F53060E0
:104D400000EB41100069C60CF60402F5306000EB80
:104D50004110066102F5306000EB411000691E4E03
:104D6000304002F5306606EB41163061586908B1F3
:104D70009868586102F5306000EB4110006940F41A
:104D8000002602F5306000EB4110066102F530604C
:104D900000EB411000699E68C6F31206304302F52D
:104DA000306606EB41163061012C07D1D86828B176
:104DB00002F5306000EB4110DE68466102F53060BC
:104DC00000EB4110006840F0044602F5306000EB53
:104DD000411006600020F0BDFFFF07E070B50346FC
:104DE0000C4619461D6C1848854209D94FF43060AD
:104DF000405800F00040B0F1004F01D1002070BDDC
:104E00000026C1F8106BD1F8100B40F40026C1F851
:104E1000106BD1F8100B40F01806C1F8106BD1F8E8
:104E2000100B40F0C046C1F8106B012C09D1C1F83D
:104E3000142B4FF43060405840F080264FF430601F
:104E400046500020DBE700000A30544F30B50446DE
:104E50000B4622461978587801281ED102F51060B9
:104E600000EB4110006820F4001502F5106000EB23
:104E700041100560D878032802D0D87802282AD1BA
:104E800002F5106000EB4110006840F0805502F51B
:104E9000106000EB411005601DE002F5306000EB92
:104EA0004110006820F4001502F5306000EB41105D
:104EB0000560D878032802D0D87802280BD102F5F3
:104EC000306000EB4110006840F0805502F5306022
:104ED00000EB41100560002030BD30B504460B46A4
:104EE000224619785878012821D102F5106000EB8C
:104EF0004110006800F0004060B959B102F510603F
:104F000000EB4110006820F0804502F5106000EBD6
:104F10004110056002F5106000EB4110006840F49C
:104F2000001502F5106000EB4110056020E002F56D
:104F3000306000EB4110006800F0004060B959B1EA
:104F400002F5306000EB4110006820F0804502F56A
:104F5000306000EB4110056002F5306000EB41105D
:104F6000006840F4001502F5306000EB4110056068
:104F7000002030BD2DE9F84381460E4617464D46C8
:104F80003478707801287DD1706920BB05F51060F8
:104F900000EB44100069C749084005F5106101EBBA
:104FA0004411086105F5106000EB4410006940F4FD
:104FB000002105F5106000EB4410016105F510605B
:104FC00000EB44100069C10CC90405F5106000EB4A
:104FD0004410016155E005F5106000EB44100069D4
:104FE000C10CC90405F5106000EB4410016105F522
:104FF000106000EB44100069AE49084005F51061EF
:1050000001EB44110861B16870690844401EB0FBAF
:10501000F1F0A849C94301EAC04005F5106101EB70
:1050200044110969084305F5106101EB4411086159
:1050300005F5106000EB441000697169C1F31201BD
:10504000084305F5106101EB44110861F07801286F
:1050500017D105F5106000EB4410006920F0C04145
:1050600005F5106000EB4410016105F5106000EBE0
:105070004410006940F0005105F5106000EB441049
:10508000016100E07FE0012F36D1306928B105F5DC
:10509000106000EB441031694161F07801281ED1A5
:1050A00040F60800405900F4807060B905F51060C2
:1050B00000EB4410006840F0005105F5106000EB73
:1050C000441001600BE005F5106000EB441000682F
:1050D00040F0805105F5106000EB4410016005F5CB
:1050E000106000EB4410006840F0044105F51060CA
:1050F00000EB44100160DAE005F5106000EB4410AD
:10510000006840F0044105F5106000EB44100160B8
:10511000F07801280FD070690028ECD040F63400F8
:105120004059317801F00F0201219140084340F6C7
:1051300034014851BBE040F60800405900F480704B
:1051400060B905F5106000EB4410006840F00051B4
:1051500005F5106000EB441001600BE005F51060F0
:1051600000EB4410006840F0805105F5106000EB42
:10517000441001600097B08A83B232784846F168E3
:1051800000F000FA93E005F5306000EB4410006990
:10519000C10CC90405F5306000EB4410016105F550
:1051A000306000EB441000694249084005F5306169
:1051B00001EB441108617069D0B905F5306000EB6E
:1051C00044100069B168C1F31201084305F530616C
:1051D00001EB4411086105F5306000EB44100069F3
:1051E00040F4002105F5306000EB4410016126E039
:1051F000B16870690844401EB0FBF1F01FFA80F8F6
:1052000005F5306000EB441000692A49C94301EA02
:10521000C841084305F5306101EB4411086105F50B
:10522000306000EB44100069B16801FB08F1C1F384
:105230001201084305F5306101EB44110861012FAB
:1052400007D1F06828B105F5306000EB4410F16833
:105250004161F07801281ED140F60800405900F461
:10526000807060B905F5306000EB4410006840F0D4
:10527000005105F5306000EB441001600BE005F5CE
:10528000306000EB4410006840F0805105F530605C
:1052900000EB4410016005F5306000EB441000683D
:1052A00040F0044105F5306000EB4410016000203F
:1052B000BDE8F883FFFF07E00146886840F0010081
:1052C000886000207047000001460022102008611D
:1052D00000BF501C0246064B984201D9032070477C
:1052E000086900F010001028F3D00020F7E7000054
:1052F000400D030010B502460023202040EA811033
:10530000106100BF581C0346054CA04201D9032080
:1053100010BD106900F020002028F3D00020F7E72E
:10532000400D030010B501460B4640F60804E45852
:1053300004F006020AB9002006E0022A01D0062A7B
:1053400001D1022000E00F2010BD0146486900F0A5
:105350000100704710B5002207490848FEF7EEFB30
:1053600007490648FEF778FE06490448FEF72AF981
:105370000248FEF753FF10BDDC01002088540120D5
:10538000D80000203802002001460B4640F61800E5
:10539000C258001DC058024090B2704701460B46EB
:1053A00040F61800C258001DC0580240100C70474B
:1053B00070B5024613464FF40166F45840F63406C1
:1053C000F55801F00F0625FA06F606F0010644EA44
:1053D000C61403F5106606EB4116B66806EA04002B
:1053E00070BD10B50246134603F5306404EB41145A
:1053F000A06840F61404E458204010BD01464869F6
:105400008A6910407047F0B503461E460846D71C0F
:10541000BD08002405E04FF48057BF590760001D08
:10542000641CAC42F7D3F0BD70B504460D46E0688D
:1054300020F0C040E060012D04D1E06840F0005051
:10544000E06007E025B9E06840F08040E06001E0FE
:10545000012070BD3220FBF76FFD0020F9E710B589
:1054600002460B461146D1F8000820F4FE60C1F850
:105470000008D1F800084FF4FE6404EA0314204346
:10548000C1F80008002010BD02461346D3F80008FA
:105490000843C3F8000800207047000030B50346F9
:1054A0001446022C49D12D48814204D32C48814214
:1054B00001D20F2245E02A48814204D32948814283
:1054C00001D20E223DE02748814204D32648814282
:1054D00001D20D2235E02448814204D32348814281
:1054E00001D20C222DE02148814204D32048814280
:1054F00001D20B2225E01E48814204D31D4881427F
:1055000001D20A221DE01B48814204D31A4881427D
:1055100001D2092215E01848814204D3174881427C
:1055200001D208220DE01548814204D3144881427B
:1055300001D2072205E0062203E00CB9092200E0AF
:105540000922D86820F47050D860D8684FF470559C
:1055500005EA82252843D860002030BDC0ACD800C1
:10556000C0E1E4000024F40080730601A0491A01A0
:10557000002D310140A44C0100366E0120ABA60184
:105580000048E8012DE9F04304460D46DDF81CC053
:10559000A0462E46BCF1000F0FD1D81C8708002171
:1055A00009E008F5805000EB0230D6F80090C0F812
:1055B0000090361D491CB942F3D30020BDE8F083AA
:1055C00000BFFEE70FB4054B10B503A9044A0298CB
:1055D00000F0F6F810BC5DF814FB00006D600008E8
:1055E0004C02002002480068C0F30220704700000F
:1055F0000CED00E010B5002804DB0A07130E054A85
:10560000135406E00A07140E034A00F00F031B1F91
:10561000D45410BD00E400E018ED00E002E008C83A
:10562000121F08C1002AFAD170477047002001E01C
:1056300001C1121F002AFBD1704700002DE9FF5F56
:1056400082B00021DDE90430020DDDF840B00343F3
:1056500018D044F61050A2F2FF32424315141198AC
:1056600001281FD0A5EB0B00401C5FEA000A4FF099
:1056700000064E4FDFF83891B046504615D5CAF1B6
:10568000000413E0119801244AA3012801D16FEA14
:105690000B010298119AC0E90031C0E9024206B03C
:1056A000BDE8F09FCBF10000DFE704460021404A4F
:1056B000491842EB0450CDE9001012E0E00707D092
:1056C00032463B4640464946FAF739FE804689460F
:1056D00032463B4610461946FAF731FE06460F465B
:1056E0006410002CEAD1DDE90401DDE90023BAF100
:1056F000000F06DAFAF723FE42464B46FAF71FFE82
:1057000005E0FAF7EDFF42464B46FAF7E9FF04469B
:105710000E460022284BFBF76BF803D84FF0FF3002
:10572000014607E00022254B20463146FAF731FFBB
:10573000FBF745F8102409E0002C0ADB0A220023BD
:10574000FAF7A8FD039B30321A55641E50EA010295
:10575000F2D1641C039AC4F111031444119A012A72
:1057600003D0012208430DD10AE0084304D00020F1
:105770004FF0110B119072E7A3EB0B056D1E0DE0BE
:105780005B4504DD4FF0000205F1010504E003DA9A
:105790004FF00002A5F10105002AECD00298119902
:1057A000C0E90231C0E9004579E70000000014407B
:1057B0000000F03F300000000000F0430000E03F38
:1057C0002DE9FF4F95B09A46884606460025EEE142
:1057D000252877D100242746F94A0121039400E0C7
:1057E000044316F8013F203B01FA03F01042F7D1C1
:1057F00030782A2811D06FF02F033078A0F13002D2
:10580000092A16D8039A44F0020402EB820203EB41
:1058100042021044761C0390EFE758F8042B0392E1
:10582000002A03DA504244F40054039044F0020486
:10583000761C30782E2816D116F8010F44F0040497
:105840002A280DD06FF02F023078A0F13003092BF9
:1058500009D807EB870302EB4303C718761CF3E76D
:1058600058F8047B761C30786C280FD006DC4C2866
:1058700017D068280DD06A2814D104E0742810D0FD
:105880007A280FD10DE044F400140AE044F48014A7
:1058900001E044F440147278824202D104F580148D
:1058A000761C761C307866280BD013DC582877D00D
:1058B00009DC002875D04528F6D04628F4D04728C2
:1058C0001AD193E118E0632835D0642879D065288F
:1058D00012D18BE1702873D008DC6728F1D06928D9
:1058E0006FD06E280DD06F2806D1ACE073282CD075
:1058F000752874D0782853D05246179990476D1C5C
:1059000054E1C4F30250022809D003280DD0D8F87E
:10591000001004280DD00D6008F1040846E1D8F805
:105920000010EA17C1E90052F6E7D8F800100D8020
:10593000F2E70D70F0E718F8041B8DF80010002056
:105940008DF80100EB46012003E058F804BB4FF04E
:10595000FF3061074FF0000102D40DE009F10101B1
:105960008946B9420FDA8145F8DB1BF80910002996
:10597000F4D108E009F1010189468142FADB1BF804
:1059800009100029F6D103985346A0EB09072146D8
:105990003846179A00F080FA284400EB090507E022
:1059A00044E008E10DE01BF8010B524617999047BF
:1059B000B9F10109F7D2534621463846179AF2E069
:1059C00039E00A21C4F302524FF0000B0091022A81
:1059D00006D058F8040BC117032A09D00AE023E0C7
:1059E00008F1070020F00702F2E80201904605E006
:1059F00000B2C117042A01D140B2C117002906DA4A
:105A00000A460021404261EB02012D2202E02205FC
:105A100004D52B228DF80420012203E0E20701D0F7
:105A20002022F7E7914657E00A2100E010214FF0CD
:105A3000000B00910BE010214FF0000B44F0040428
:105A40000827009103E008204FF0000B0090C4F3FA
:105A50000252022A05D058F8040B0021032A08D06C
:105A600008E008F1070020F00702F2E80201904682
:105A700003E080B2042A00D1C0B24FF0000922072F
:105A80002AD53278702A07D0DDF800C08CF0100CCF
:105A90005CEA0B0C05D00EE040228DF804200122B8
:105AA00008E050EA010306D030238DF804308DF869
:105AB000052002229146009B83F0080353EA0B0362
:105AC0000AD150EA010201D1620705D530228DF8D2
:105AD00004204FF001097F1E3278582A04D039A2E1
:105AE0000C920CAA02920BE03BA2F9E75B46009AEB
:105AF000FAF7D0FB0C9B9B5C029A521E0292137029
:105B000050EA0102F2D1029804A9081A00F1200B10
:105B1000600702D524F4803400E001275F4502DDF0
:105B2000A7EB0B0000E0002000EB0B0100900398B6
:105B30004944401A0390E00306D453462146179A7D
:105B4000039800F0A9F90544002706E001A8524691
:105B5000C05D179990476D1C7F1C4F45F6DBE00335
:105B60000CD553462146179A039800F095F9054441
:105B700004E030205246179990476D1C0099481E4A
:105B800000900029F5DC08E002980299524600785E
:105B9000491C0291179990476D1CBBF10001ABF1B4
:105BA000010BF1DC5BE100F065F90544761C30780F
:105BB00000287FF40DAE19B02846BDE8F08F000034
:105BC00009280100303132333435363738396162D3
:105BD0006364656600000000303132333435363797
:105BE000383941424344454600000000600700D474
:105BF000062708F1070020F00700F0E8022380469E
:105C000003F0004C5FEA0C0001D097A009E02005EA
:105C100001D596A005E0E00701D095A001E0AFF224
:105C20004C001390307823F0004365280CD006DC3C
:105C3000452809D046281DD047287FD13BE066285B
:105C400018D067287AD136E00021112F01DB11200E
:105C500000E0781CCDE9000104A90CA8FFF7EEFCD8
:105C6000DDE90D010C9A4FF0000B07F101091092CC
:105C700000914EE04FF000400097CDE9011004A9DB
:105C80000CA8FFF7DBFCDDE90D020C9B0F994FF030
:105C9000000B91461093009211B9791C00EB010999
:105CA000B7EB090003D4C0F1FF3B07F10109A9EBF1
:105CB0000700019042E0012F00DA01270021112F97
:105CC00001DD112000E03846CDE9000104A90CA84F
:105CD000FFF7B4FCDDE90D010C9A00914FF0000BC9
:105CE000B946109221070FD4009A4A4503DA91462B
:105CF00001E0A9F10109B9F1010F05DD109AA9F13F
:105D00000101515C3029F4D0B84202DA10F1040FDD
:105D100003DA0121CDE9011010E0002803DC8344FF
:105D2000A9EB000102E0411C494500DD8946A0EBDA
:105D30000B00401C01904FF000400290200705D45A
:105D40000198484502DB4FF0FF30019000208DF8AC
:105D50004B0002980DF14B07B0F1004F25D0022007
:105D60000C902B200D90029800280CDA40420290F3
:105D70002D200D9007E00A210298FAF778FB3031C8
:105D8000029007F8011D0C99481E0C900029F2DCC6
:105D900002980028EFD1791E0D980870307800F035
:105DA000200040F0450007F8020D11A8C01BC01DDF
:105DB00002901398007800B1012000EB09010198CE
:105DC00001EBE071029801440398401A401E0390D1
:105DD000E00306D453462146179A039800F05CF876
:105DE00005441398007818B15246179990476D1CD6
:105DF000E00323D553462146179A039800F04CF848
:105E000005441BE0BBF1000F07DB0098584504DD9B
:105E10001098179910F80B0001E01799302052469E
:105E2000904701980BF1010B401E05F1010501900F
:105E300004D12E205246179990476D1CB9F10001EC
:105E4000A9F10109DEDC05E017F8010B52461799AC
:105E500090476D1C0299481E02900029F4DC5346BD
:105E60002146179A03989EE62D0000002B000000A3
:105E7000200000002DE9F041044600251E4617468B
:105E8000880404D405E039462020B0476D1C641E08
:105E9000F9D52846BDE8F0812DE9F04104460025FA
:105EA0001E469046C80301D5302700E0202788040D
:105EB00004D505E041463846B0476D1C641EF9D54F
:105EC0002846BDE8F08100002DE9F0418AB0044683
:105ED0000D4616461F46DDF840801C481C490860E8
:105EE00008464760C0F80880C4600661456100212B
:105EF0000176417681760121C176002101774177D3
:105F0000FAF76EFE18B101200AB0BDE8F08100205A
:105F100005900690012007900020009001900290CB
:105F200003900490012008900E20099069460848CB
:105F3000FAF7C4FD08B10220E6E70548FAF764FF66
:105F400008B10320E0E70020DEE700000064004025
:105F50005002002030B503460A46002133E0585C69
:105F60001A4C248804F400445CBB184C248804F4C4
:105F7000804464B10A2803D00024144D2C8020E012
:105F8000124C248844F40044104D2C8019E00D2854
:105F900006D10E4C248844F480440C4D2C8010E033
:105FA0000A4C2488C4F30D04094D2855074C248855
:105FB000641C064D2C802C462488C72C01DD00244F
:105FC0002C804C1CE1B29142C9D330BD3402002078
:105FD000E858012070B504460420FCF7A7FB0A48E6
:105FE000046025464FF47A7045434FF0E020006985
:105FF00040F002004FF0E021086108464561006969
:1060000040F00100086170BD0400002030B5044676
:10601000002504E04FF47A7000F004F86D1CA542EE
:10602000F8D330BD70B5034600224FF0E026756905
:106030000D4E366803FB06F44FF0E026B16910E020
:106040004FF0E026B06988420BD0884202D20E1A87
:10605000324402E02E1A0E4432440146A24200D3DA
:1060600000E0EDE700BF70BD0400002038B5044635
:106070008DF8000069460320ABBE204638BD000005
:106080001CB50648012100238022CDE9001004A19F
:10609000064805F01FF904F07BFD1CBD98000020A8
:1060A00073746172745F7461736B0000ADA3000858
:1060B00070B50446002609480588408845430021FC
:1060C000084603F099F803F06FF900BF02E00448B6
:1060D0000480761CAE42FAD370BD0000FC020020A2
:1060E0008000006C10B5044658488471002C58D1CB
:1060F000F020564908804FF4A070488008468088F8
:1061000045F21051884210D14FF430504F49088168
:106110004FF4285048814FF42C5088814FF4F07090
:1061200008804FF4487048801AE04848808841F65B
:10613000631188420DD12C20444908812B204881CD
:106140002A2088814FF4F07008804FF4487048800E
:1061500006E02C203D4908812A2048812B20888197
:106160003A48808845F21031884205D03748808807
:1061700047F29671884206D14FF4A07033490880E7
:106180004FF4F07048803148808849F60601884213
:1061900058D14FF4F0702D4908804FF44870488072
:1061A00050E04FF4A07029490880F020488008464C
:1061B000808845F21051884210D14FF43050234965
:1061C00008814FF4285048814FF42C5088814FF4B7
:1061D000487008804FF4F070488020E01B488088A9
:1061E00041F66311884205D01848808849F60601B7
:1061F00088420DD12C20154908812A2048812B2066
:1062000088814FF4487008804FF4F070488006E0B1
:106210002C200E4908812A2048812B2088810B4898
:10622000808845F21031884205D00848808847F2BE
:106230009671884206D14FF4F070044908804FF4FB
:10624000A0704880002002F0B9FE10BDFC020020C2
:1062500010B5CF2003F09CF8002003F08DF8C1208A
:1062600003F08AF8302003F087F8ED2003F090F86F
:10627000642003F081F8032003F07EF8122003F07D
:106280007BF8812003F078F8E82003F081F885207E
:1062900003F072F8102003F06FF87A2003F06CF826
:1062A000CB2003F075F8392003F066F82C2003F0BA
:1062B00063F8002003F060F8342003F05DF802205A
:1062C00003F05AF8F72003F063F8202003F054F8A5
:1062D000EA2003F05DF8002003F04EF8002003F000
:1062E0004BF8C02003F054F81B2003F045F8C12000
:1062F00003F04EF8012003F03FF8C52003F048F802
:10630000302003F039F8302003F036F8C72003F0CE
:106310003FF8B72003F030F8362003F039F8482072
:1063200003F02AF83A2003F033F8552003F024F85C
:10633000B12003F02DF8002003F01EF81A2003F01E
:106340001BF8B62003F024F80A2003F015F8A22069
:1063500003F012F8F22003F01BF8002003F00CF811
:10636000262003F015F8012003F006F8E02003F0E2
:106370000FF80F2003F000F82A2002F0FDFF28207C
:1063800002F0FAFF082002F0F7FF0E2002F0F4FFFF
:10639000082002F0F1FF542002F0EEFFA92002F0E5
:1063A000EBFF432002F0E8FF0A2002F0E5FF0F2098
:1063B00002F0E2FF002002F0DFFF002002F0DCFF2D
:1063C000002002F0D9FF002002F0D6FFE12002F009
:1063D000DFFF002002F0D0FF152002F0CDFF1720D4
:1063E00002F0CAFF072002F0C7FF112002F0C4FF2D
:1063F000062002F0C1FF2B2002F0BEFF562002F063
:10640000BBFF3C2002F0B8FF052002F0B5FF1020D2
:1064100002F0B2FF0F2002F0AFFF3F2002F0ACFF0E
:106420003F2002F0A9FF0F2002F0A6FF2B2002F070
:10643000AFFF002002F0A0FF002002F09DFF01202E
:1064400002F09AFF3F2002F097FF2A2002F0A0FFFF
:10645000002002F091FF002002F08EFF002002F0E9
:106460008BFFEF2002F088FF112002F091FF7820CF
:10647000FFF7CCFD292002F08BFF10BD10B5FF20E7
:1064800002F086FFFF2002F077FF982002F074FFF1
:10649000062002F071FFBC2002F07AFF012002F01A
:1064A0006BFF0F2002F068FF612002F065FFFF2004
:1064B00002F062FF012002F05FFF012002F05CFFAA
:1064C0000B2002F059FF102002F056FF372002F097
:1064D00053FF632002F050FFFF2002F04DFFFF202A
:1064E00002F04AFF012002F047FF012002F044FFC2
:1064F000002002F041FF002002F03EFFFF2002F0EA
:106500003BFF522002F038FF012002F035FF00204F
:1065100002F032FF402002F02FFFBD2002F038FFD2
:10652000012002F029FF232002F026FF452002F07F
:1065300023FF672002F020FF012002F01DFF23202F
:1065400002F01AFF452002F017FF672002F014FF47
:10655000BE2002F01DFF002002F00EFF012002F01D
:106560000BFFAB2002F008FF602002F005FF2220A5
:1065700002F002FF222002F0FFFE222002F0FCFEC9
:10658000222002F0F9FE222002F0F6FEC72002F0DF
:10659000FFFE362002F0F0FEED2002F0F9FE7F2033
:1065A00002F0EAFE0F2002F0E7FEC02002F0F0FE4B
:1065B0000F2002F0E1FE0B2002F0DEFE0A2002F0C6
:1065C000DBFEFC2002F0E4FE082002F0D5FEDF2016
:1065D00002F0DEFE002002F0CFFE002002F0CCFE32
:1065E000002002F0C9FE002002F0C6FE002002F0EA
:1065F000C3FE202002F0C0FEF32002F0C9FE74208A
:1066000002F0BAFEB42002F0C3FE002002F0B4FE95
:10661000002002F0B1FE002002F0AEFEF72002F0F2
:10662000B7FE822002F0A8FEB12002F0B1FE0020E9
:1066300002F0A2FE132002F09FFE132002F09CFE47
:10664000F22002F0A5FE802002F096FE042002F067
:1066500093FE402002F090FE282002F08DFEC12023
:1066600002F096FE172002F087FE882002F084FEDA
:10667000882002F081FE202002F07EFEE02002F061
:1066800087FE002002F078FE0A2002F075FE12203C
:1066900002F072FE102002F06FFE0E2002F06CFE7F
:1066A000202002F069FECC2002F066FE072002F0F6
:1066B00063FE062002F060FE0B2002F05DFE0E205D
:1066C00002F05AFE0F2002F057FE0D2002F054FE99
:1066D000152002F051FE102002F04EFE002002F0C4
:1066E0004BFEE12002F054FE002002F045FE0B209C
:1066F00002F042FE132002F03FFE0D2002F03CFEAD
:106700000E2002F039FE1B2002F036FE712002F04E
:1067100033FE062002F030FE062002F02DFE0A2095
:1067200002F02AFE0F2002F027FE0E2002F024FEC7
:106730000F2002F021FE152002F01EFE0C2002F0B8
:106740001BFE002002F018FE2A2002F021FE00208D
:1067500002F012FE002002F00FFE012002F00CFEFB
:10676000DF2002F009FE2B2002F012FE002002F0D2
:1067700003FE002002F000FE032002F0FDFD1F20BA
:1067800002F0FAFD3A2002F003FE552002F0F4FD7B
:10679000362002F0FDFD002002F0EEFD112002F097
:1067A000F7FD7820FFF732FC292002F0F1FD1420DC
:1067B000FFF72CFC2C2002F0EBFD10BD10B5ED20F6
:1067C00002F0E6FD012002F0D7FDFE2002F0D4FD2C
:1067D000EE2002F0DDFDDE2002F0CEFD212002F0F1
:1067E000CBFDF12002F0D4FD012002F0C5FDDF2039
:1067F00002F0CEFD102002F0BFFDC42002F0C8FD63
:106800008F2002F0B9FDC62002F0C2FD002002F088
:10681000B3FDE22002F0B0FDE22002F0ADFDE22087
:1068200002F0AAFDBF2002F0B3FDAA2002F0A4FDF1
:10683000B02002F0ADFD0D2002F09EFD002002F020
:106840009BFD0D2002F098FD002002F095FD112027
:1068500002F092FD002002F08FFD192002F08CFD65
:10686000002002F089FD212002F086FD002002F0C8
:1068700083FD2D2002F080FD002002F07DFD3D20F3
:1068800002F07AFD002002F077FD5D2002F074FD39
:10689000002002F071FD5D2002F06EFD002002F08C
:1068A0006BFDB12002F074FD802002F065FD002038
:1068B00002F062FD8B2002F05FFD002002F05CFD23
:1068C000962002F059FD002002F056FDB22002F0A1
:1068D0005FFD002002F050FD002002F04DFD02207F
:1068E00002F04AFD002002F047FD032002F044FDC3
:1068F000002002F041FDB32002F04AFD002002F02A
:106900003BFD002002F038FD002002F035FD0020A4
:1069100002F032FD002002F02FFD002002F02CFDDD
:10692000002002F029FD002002F026FD002002F0E8
:1069300023FD002002F020FD002002F01DFD0020BC
:1069400002F01AFD002002F017FD002002F014FDF5
:10695000002002F011FD002002F00EFD002002F0E8
:106960000BFD002002F008FD002002F005FD0020D4
:1069700002F002FD002002F0FFFC002002F0FCFC0F
:10698000002002F0F9FC002002F0F6FCB42002F036
:10699000FFFC8B2002F0F0FC002002F0EDFC9620C2
:1069A00002F0EAFC002002F0E7FCA12002F0E4FC87
:1069B000002002F0E1FCB52002F0EAFC022002F027
:1069C000DBFC002002F0D8FC032002F0D5FC002004
:1069D00002F0D2FC042002F0CFFC002002F0CCFC3C
:1069E000B62002F0D5FC002002F0C6FC002002F028
:1069F000C3FCB72002F0CCFC002002F0BDFC00205C
:106A000002F0BAFC3F2002F0B7FC002002F0B4FC18
:106A10005E2002F0B1FC002002F0AEFC642002F027
:106A2000ABFC002002F0A8FC8C2002F0A5FC0020AA
:106A300002F0A2FCAC2002F09FFC002002F09CFCC3
:106A4000DC2002F099FC002002F096FC702002F09D
:106A500093FC002002F090FC902002F08DFC0020BE
:106A600002F08AFCEB2002F087FC002002F084FC9C
:106A7000DC2002F081FC002002F07EFCB82002F055
:106A800087FC002002F078FC002002F075FC00205A
:106A900002F072FC002002F06FFC002002F06CFC9F
:106AA000002002F069FC002002F066FC002002F0E9
:106AB00063FCBA2002F06CFC242002F05DFC002094
:106AC00002F05AFC002002F057FC002002F054FCB7
:106AD000C12002F05DFC202002F04EFC002002F0FC
:106AE0004BFC542002F048FC002002F045FCFF2043
:106AF00002F042FC002002F03FFCC22002F048FC01
:106B00000A2002F039FC002002F036FC042002F0DA
:106B100033FC002002F030FCC32002F039FC3C20A2
:106B200002F02AFC002002F027FC3A2002F024FCAC
:106B3000002002F021FC392002F01EFC002002F0AF
:106B40001BFC372002F018FC002002F015FC3C2052
:106B500002F012FC002002F00FFC362002F00CFCC8
:106B6000002002F009FC322002F006FC002002F0B6
:106B700003FC2F2002F000FC002002F0FDFB2C2083
:106B800002F0FAFB002002F0F7FB292002F0F4FBF0
:106B9000002002F0F1FB262002F0EEFB002002F0C4
:106BA000EBFB242002F0E8FB002002F0E5FB2420B0
:106BB00002F0E2FB002002F0DFFB232002F0DCFB0E
:106BC000002002F0D9FB3C2002F0D6FB002002F0AE
:106BD000D3FB362002F0D0FB002002F0CDFB3220A8
:106BE00002F0CAFB002002F0C7FB2F2002F0C4FB1A
:106BF000002002F0C1FB2C2002F0BEFB002002F0BE
:106C0000BBFB292002F0B8FB002002F0B5FB2620D8
:106C100002F0B2FB002002F0AFFB242002F0ACFB3C
:106C2000002002F0A9FB242002F0A6FB002002F0C5
:106C3000A3FB232002F0A0FB002002F09DFBC42058
:106C400002F0A6FB622002F097FB002002F094FB0A
:106C5000052002F091FB002002F08EFB842002F060
:106C60008BFB002002F088FBF02002F085FB002067
:106C700002F082FB182002F07FFB002002F07CFB78
:106C8000A42002F079FB002002F076FB182002F02D
:106C900073FB002002F070FB502002F06DFB00201F
:106CA00002F06AFB0C2002F067FB002002F064FB9C
:106CB000172002F061FB002002F05EFB952002F03D
:106CC0005BFB002002F058FBF32002F055FB002094
:106CD00002F052FBE62002F04FFB002002F04CFBDA
:106CE000C52002F055FB322002F046FB002002F0E6
:106CF00043FB442002F040FB002002F03DFB6520F6
:106D000002F03AFB002002F037FB762002F034FB61
:106D1000002002F031FB882002F02EFB002002F060
:106D20002BFBC62002F034FB202002F025FB0020C4
:106D300002F022FB172002F01FFB002002F01CFBD8
:106D4000012002F019FB002002F016FBC72002F020
:106D50001FFB002002F010FB002002F00DFB0020C2
:106D600002F00AFB002002F007FBC82002F010FB33
:106D7000002002F001FB002002F0FEFA002002F0E9
:106D8000FBFA002002F0F8FAC92002F001FB002013
:106D900002F0F2FA002002F0EFFA002002F0ECFA22
:106DA000002002F0E9FA002002F0E6FA002002F0EA
:106DB000E3FA002002F0E0FA002002F0DDFA002001
:106DC00002F0DAFA002002F0D7FA002002F0D4FA3A
:106DD000002002F0D1FA002002F0CEFA002002F0EA
:106DE000CBFA002002F0C8FA002002F0C5FAE02039
:106DF00002F0CEFA162002F0BFFA002002F0BCFA30
:106E00001C2002F0B9FA002002F0B6FA212002F0AC
:106E1000B3FA002002F0B0FA362002F0ADFA0020FA
:106E200002F0AAFA462002F0A7FA002002F0A4FA23
:106E3000522002F0A1FA002002F09EFA642002F033
:106E40009BFA002002F098FA7A2002F095FA0020CE
:106E500002F092FA8B2002F08FFA002002F08CFAF6
:106E6000992002F089FA002002F086FAA82002F0A8
:106E700083FA002002F080FAB92002F07DFA0020A7
:106E800002F07AFAC42002F077FA002002F074FAD5
:106E9000CA2002F071FA002002F06EFAD22002F04D
:106EA0006BFA002002F068FAD92002F065FA00209F
:106EB00002F062FAE02002F05FFA002002F05CFAD1
:106EC000F32002F059FA002002F056FAE12002F015
:106ED0005FFA162002F050FA002002F04DFA1C2052
:106EE00002F04AFA002002F047FA222002F044FAA7
:106EF000002002F041FA362002F03EFA002002F0B3
:106F00003BFA452002F038FA002002F035FA522010
:106F100002F032FA002002F02FFA642002F02CFA7C
:106F2000002002F029FA7A2002F026FA002002F06E
:106F300023FA8B2002F020FA002002F01DFA99209B
:106F400002F01AFA002002F017FAA82002F014FA50
:106F5000002002F011FAB92002F00EFA002002F02F
:106F60000BFAC42002F008FA002002F005FACA2049
:106F700002F002FA002002F0FFF9D22002F0FCF940
:106F8000002002F0F9F9D82002F0F6F9002002F012
:106F9000F3F9E02002F0F0F9002002F0EDF9F3201F
:106FA00002F0EAF9002002F0E7F9E22002F0F0F93D
:106FB000052002F0E1F9002002F0DEF90B2002F0DA
:106FC000DBF9002002F0D8F91B2002F0D5F90020EF
:106FD00002F0D2F9342002F0CFF9002002F0CCF90F
:106FE000442002F0C9F9002002F0C6F94F2002F057
:106FF000C3F9002002F0C0F9612002F0BDF90020C1
:1070000002F0BAF9792002F0B7F9002002F0B4F9E1
:10701000882002F0B1F9002002F0AEF9972002F0CA
:10702000ABF9002002F0A8F9A62002F0A5F9002093
:1070300002F0A2F9B72002F09FF9002002F09CF9BB
:10704000C22002F099F9002002F096F9C72002F060
:1070500093F9002002F090F9D12002F08DF9002080
:1070600002F08AF9D62002F087F9002002F084F9B4
:10707000DD2002F081F9002002F07EF9F32002F019
:107080007BF9002002F078F9E32002F081F9052075
:1070900002F072F9002002F06FF90A2002F06CF998
:1070A000002002F069F91C2002F066F9002002F0CD
:1070B00063F9332002F060F9002002F05DF944200A
:1070C00002F05AF9002002F057F9502002F054F96A
:1070D000002002F051F9622002F04EF9002002F087
:1070E0004BF9782002F048F9002002F045F9882099
:1070F00002F042F9002002F03FF9972002F03CF93B
:10710000002002F039F9A62002F036F9002002F042
:1071100033F9B72002F030F9002002F02DF9C22037
:1071200002F02AF9002002F027F9C72002F024F922
:10713000002002F021F9D12002F01EF9002002F017
:107140001BF9D52002F018F9002002F015F9DD2016
:1071500002F012F9002002F00FF9F32002F00CF90E
:10716000002002F009F9E42002F012F9012002F0F7
:1071700003F9002002F000F9012002F0FDF80020E0
:1071800002F0FAF8022002F0F7F8002002F0F4F81A
:107190002A2002F0F1F8002002F0EEF83C2002F084
:1071A000EBF8002002F0E8F84B2002F0E5F80020B0
:1071B00002F0E2F85D2002F0DFF8002002F0DCF8D7
:1071C000742002F0D9F8002002F0D6F8842002F0F2
:1071D000D3F8002002F0D0F8932002F0CDF8002080
:1071E00002F0CAF8A22002F0C7F8002002F0C4F8AA
:1071F000B32002F0C1F8002002F0BEF8BE2002F079
:10720000BBF8002002F0B8F8C42002F0B5F8002066
:1072100002F0B2F8CD2002F0AFF8002002F0ACF896
:10722000D32002F0A9F8002002F0A6F8DD2002F039
:10723000A3F8002002F0A0F8F32002F09DF800204F
:1072400002F09AF8E52002F0A3F8002002F094F88A
:10725000002002F091F8002002F08EF8002002F0E9
:107260008BF8022002F088F8002002F085F829202F
:1072700002F082F8002002F07FF83C2002F07CF857
:10728000002002F079F84B2002F076F8002002F09E
:1072900073F85D2002F070F8002002F06DF87420A1
:1072A00002F06AF8002002F067F8842002F064F827
:1072B000002002F061F8932002F05EF8002002F056
:1072C0005BF8A22002F058F8002002F055F8B32035
:1072D00002F052F8002002F04FF8BE2002F04CF805
:1072E000002002F049F8C42002F046F8002002F025
:1072F00043F8CD2002F040F8002002F03DF8D32002
:1073000002F03AF8002002F037F8DC2002F034F8FE
:10731000002002F031F8F32002F02EF8002002F0F5
:107320002BF8E62002F034F8112002F025F80020B6
:1073300002F022F8342002F01FF8002002F01CF8BE
:10734000562002F019F8002002F016F8762002F01C
:1073500013F8002002F010F8772002F00DF800205A
:1073600002F00AF8662002F007F8002002F004F8A4
:10737000882002F001F8002001F0FEFF992001F0C2
:10738000FBFF002001F0F8FFBB2001F0F5FF00201B
:1073900001F0F2FF992001F0EFFF002001F0ECFF77
:1073A000662001F0E9FF002001F0E6FF552001F022
:1073B000E3FF002001F0E0FF552001F0DDFF002099
:1073C00001F0DAFF452001F0D7FF002001F0D4FFE3
:1073D000432001F0D1FF002001F0CEFF442001F056
:1073E000CBFF002001F0C8FFE72001F0D1FF3220E1
:1073F00001F0C2FF002001F0BFFF552001F0BCFFEB
:10740000002001F0B9FF762001F0B6FF002001F066
:10741000B3FF662001F0B0FF002001F0ADFF672050
:1074200001F0AAFF002001F0A7FF672001F0A4FFF0
:10743000002001F0A1FF872001F09EFF002001F055
:107440009BFF992001F098FF002001F095FFBB20E1
:1074500001F092FF002001F08FFF992001F08CFFD6
:10746000002001F089FF772001F086FF002001F065
:1074700083FF442001F080FF002001F07DFF5620B3
:1074800001F07AFF002001F077FF232001F074FF64
:10749000002001F071FF332001F06EFF002001F0A9
:1074A0006BFF452001F068FF002001F065FFE82038
:1074B00001F06EFF002001F05FFF002001F05CFF93
:1074C000992001F059FF002001F056FF872001F0BC
:1074D00053FF002001F050FF882001F04DFF0020F5
:1074E00001F04AFF772001F047FF002001F044FF40
:1074F000662001F041FF002001F03EFF882001F0EE
:107500003BFF002001F038FFAA2001F035FF0020EA
:1075100001F032FFBB2001F02FFF002001F02CFF13
:10752000992001F029FF002001F026FF662001F0DC
:1075300023FF002001F020FF552001F01DFF002057
:1075400001F01AFF552001F017FF002001F014FF91
:10755000442001F011FF002001F00EFF442001F053
:107560000BFF002001F008FF552001F005FF00206F
:1075700001F002FFE92001F00BFFAA2001F0FCFE60
:10758000002001F0F9FE002001F0F6FE002001F0DD
:10759000F3FE002001F0FCFEAA2001F0EDFECF205A
:1075A00001F0F6FE002001F0E7FE002001F0E4FE0D
:1075B000002001F0E1FE002001F0DEFE002001F0DD
:1075C000DBFE002001F0D8FE002001F0D5FE0020F7
:1075D00001F0D2FE002001F0CFFE002001F0CCFE31
:1075E000002001F0C9FE002001F0C6FE002001F0DD
:1075F000C3FE002001F0C0FE002001F0BDFE00200F
:1076000001F0BAFE002001F0B7FEF02001F0C0FE4C
:10761000002001F0B1FE502001F0AEFE002001F08C
:10762000ABFE002001F0A8FE002001F0A5FEF32033
:1076300001F0AEFE002001F09FFEF92001F0A8FE4F
:10764000062001F099FE102001F096FE292001F09D
:1076500093FE002001F090FE3A2001F099FE5520A3
:1076600001F08AFE112001F093FE6420FEF7CEFCAB
:10767000292001F08DFE352001F08AFE002001F066
:107680007BFE512001F084FEFF2001F075FE5320A7
:1076900001F07EFE2C2001F06FFE552001F078FEF7
:1076A000822001F069FE2C2001F072FE10BD10B5A1
:1076B00055214FF4704001F081FEAA214FF20100E4
:1076C00001F07CFE52214FF2020001F077FE08210A
:1076D0004FF2030001F072FE01214FF2040001F0AD
:1076E0006DFE0D214FF4304001F068FE0D214BF28C
:1076F000010001F063FE0D214BF2020001F05EFE7D
:1077000034214FF4364001F059FE34214BF2016030
:1077100001F054FE34214BF2026001F04FFE0D21C6
:107720004FF4314001F04AFE0D214BF2011001F0FF
:1077300045FE0D214BF2021001F040FE34214FF4C2
:10774000374001F03BFE34214BF2017001F036FE70
:1077500034214BF2027001F031FE00214FF432402F
:1077600001F02CFE00214BF2012001F027FE002148
:107770004BF2022001F022FE24214FF4384001F0A8
:107780001DFE24214BF6010001F018FE24214BF6CA
:10779000020001F013FE01214FF43F4001F00EFE04
:1077A0000F214FF4334001F009FE0F214BF201305D
:1077B00001F004FE0F214BF2023001F0FFFD3421F5
:1077C0004FF4394001F0FAFD34214BF6011001F07D
:1077D000F5FD34214BF6021001F0F0FD08214FF4C5
:1077E000354001F0EBFD08214BF2015001F0E6FDC0
:1077F00008214BF2025001F0E1FD03214FF4424019
:1078000001F0DCFD24214FF43A4001F0D7FD2421A2
:107810004BF6012001F0D2FD24214BF6022001F0AD
:10782000CDFD00214FF43C4001F0C8FD78214BF61E
:10783000014001F0C3FD00214BF6024001F0BEFD06
:1078400000214FF43D4001F0B9FD78214BF6015085
:1078500001F0B4FD00214BF6025001F0AFFD002114
:107860004FF43E4001F0AAFD64214BF6016001F0A7
:10787000A5FD00214FF4514001F0A0FD33214DF250
:10788000011001F09BFD00214DF2021001F096FD68
:1078900034214DF2031001F091FD00214DF204104E
:1078A00001F08CFD3A214DF2051001F087FD002119
:1078B0004DF2061001F082FD4A214DF2071001F051
:1078C0007DFD00214DF2081001F078FD5C214DF2A4
:1078D000091001F073FD00214DF20A1001F06EFD58
:1078E00081214DF20B1001F069FD00214DF20C10C9
:1078F00001F064FDA6214DF20D1001F05FFD0021A5
:107900004DF20E1001F05AFDE5214DF20F1001F07D
:1079100055FD01214DF2101001F050FD13214DF2E3
:10792000111001F04BFD01214DF2121001F046FD46
:1079300054214DF2131001F041FD01214DF21410BC
:1079400001F03CFD82214DF2151001F037FD0121BF
:107950004DF2161001F032FDCA214DF2171001F060
:107960002DFD02214DF2181001F028FD00214DF2ED
:10797000191001F023FD02214DF21A1001F01EFD35
:1079800001214DF21B1001F019FD02214DF21C10D6
:1079900001F014FD34214DF21D1001F00FFD022104
:1079A0004DF21E1001F00AFD67214DF21F1001F08B
:1079B00005FD02214DF2201001F000FD84214DF261
:1079C000211001F0FBFC02214DF2221001F0F6FC27
:1079D000A4214DF2231001F0F1FC02214DF22410FC
:1079E00001F0ECFCB7214DF2251001F0E7FC02217B
:1079F0004DF2261001F0E2FCCF214DF2271001F0EC
:107A0000DDFC02214DF2281001F0D8FCDE214DF200
:107A1000291001F0D3FC02214DF22A1001F0CEFC16
:107A2000F2214DF22B1001F0C9FC02214DF22C1075
:107A300001F0C4FCFE214DF22D1001F0BFFC03212A
:107A40004DF22E1001F0BAFC10214DF22F1001F072
:107A5000B5FC03214DF2301001F0B0FC33214DF2A2
:107A6000311001F0ABFC03214DF2321001F0A6FC05
:107A70006D214DF2331001F0A1FC00214FF4524072
:107A800001F09CFC33214DF2012001F097FC002114
:107A90004DF2022001F092FC34214DF2032001F05E
:107AA0008DFC00214DF2042001F088FC3A214DF2BA
:107AB000052001F083FC00214DF2062001F07EFC40
:107AC0004A214DF2072001F079FC00214DF20820F7
:107AD00001F074FC5C214DF2092001F06FFC0021E3
:107AE0004DF20A2001F06AFC81214DF20B2001F0D9
:107AF00065FC00214DF20C2001F060FCA6214DF246
:107B00000D2001F05BFC00214DF20E2001F056FC2F
:107B1000E5214DF20F2001F051FC01214DF2102022
:107B200001F04CFC13214DF2112001F047FC012122
:107B30004DF2122001F042FC54214DF2132001F0CD
:107B40003DFC01214DF2142001F038FC82214DF260
:107B5000152001F033FC01214DF2162001F02EFC1E
:107B6000CA214DF2172001F029FC02214DF2182004
:107B700001F024FC00214DF2192001F01FFC02212C
:107B80004DF21A2001F01AFC01214DF21B2001F0E8
:107B900015FC02214DF21C2001F010FC34214DF2A5
:107BA0001D2001F00BFC02214DF21E2001F006FC0D
:107BB00067214DF21F2001F001FC02214DF220202F
:107BC00001F0FCFB84214DF2212001F0F7FB0221A2
:107BD0004DF2222001F0F2FBA4214DF2232001F00E
:107BE000EDFB02214DF2242001F0E8FBB7214DF21C
:107BF000252001F0E3FB02214DF2262001F0DEFBFF
:107C0000CF214DF2272001F0D9FB02214DF228208F
:107C100001F0D4FBDE214DF2292001F0CFFB02213F
:107C20004DF22A2001F0CAFBF2214DF22B2001F087
:107C3000C5FB02214DF22C2001F0C0FBFE214DF2CC
:107C40002D2001F0BBFB03214DF22E2001F0B6FBED
:107C500010214DF22F2001F0B1FB03214DF2302015
:107C600001F0ACFB33214DF2312001F0A7FB0321E1
:107C70004DF2322001F0A2FB6D214DF2332001F0D4
:107C80009DFB00214FF4534001F098FB33214DF24E
:107C9000013001F093FB00214DF2023001F08EFB28
:107CA00034214DF2033001F089FB00214DF2043004
:107CB00001F084FB3A214DF2053001F07FFB0021F9
:107CC0004DF2063001F07AFB4A214DF2073001F007
:107CD00075FB00214DF2083001F070FB5C214DF284
:107CE000093001F06BFB00214DF20A3001F066FB18
:107CF00081214DF20B3001F061FB00214DF20C307F
:107D000001F05CFBA6214DF20D3001F057FB002184
:107D10004DF20E3001F052FBE5214DF20F3001F033
:107D20004DFB01214DF2103001F048FB13214DF2C3
:107D3000113001F043FB01214DF2123001F03EFB06
:107D400054214DF2133001F039FB01214DF2143072
:107D500001F034FB82214DF2153001F02FFB01219F
:107D60004DF2163001F02AFBCA214DF2173001F016
:107D700025FB02214DF2183001F020FB00214DF2CD
:107D8000193001F01BFB02214DF21A3001F016FBF5
:107D900001214DF21B3001F011FB02214DF21C308C
:107DA00001F00CFB34214DF21D3001F007FB0221E4
:107DB0004DF21E3001F002FB67214DF21F3001F041
:107DC000FDFA02214DF2203001F0F8FA84214DF243
:107DD000213001F0F3FA02214DF2223001F0EEFAE7
:107DE000A4214DF2233001F0E9FA02214DF22430B2
:107DF00001F0E4FAB7214DF2253001F0DFFA02215B
:107E00004DF2263001F0DAFACF214DF2273001F0A1
:107E1000D5FA02214DF2283001F0D0FADE214DF2E0
:107E2000293001F0CBFA02214DF22A3001F0C6FAD6
:107E3000F2214DF22B3001F0C1FA02214DF22C302B
:107E400001F0BCFAFE214DF22D3001F0B7FA03210A
:107E50004DF22E3001F0B2FA10214DF22F3001F028
:107E6000ADFA03214DF2303001F0A8FA33214DF282
:107E7000313001F0A3FA03214DF2323001F09EFAC5
:107E80006D214DF2333001F099FA00214FF4544046
:107E900001F094FA33214DF2014001F08FFA0021F4
:107EA0004DF2024001F08AFA34214DF2034001F014
:107EB00085FA00214DF2044001F080FA3A214DF29A
:107EC000054001F07BFA00214DF2064001F076FA00
:107ED0004A214DF2074001F071FA00214DF20840AD
:107EE00001F06CFA5C214DF2094001F067FA0021C3
:107EF0004DF20A4001F062FA81214DF20B4001F08F
:107F00005DFA00214DF20C4001F058FAA6214DF225
:107F10000D4001F053FA00214DF20E4001F04EFAEF
:107F2000E5214DF20F4001F049FA01214DF21040D8
:107F300001F044FA13214DF2114001F03FFA012102
:107F40004DF2124001F03AFA54214DF2134001F083
:107F500035FA01214DF2144001F030FA82214DF240
:107F6000154001F02BFA01214DF2164001F026FADE
:107F7000CA214DF2174001F021FA02214DF21840BA
:107F800001F01CFA00214DF2194001F017FA02210C
:107F90004DF21A4001F012FA01214DF21B4001F09E
:107FA0000DFA02214DF21C4001F008FA34214DF285
:107FB0001D4001F003FA02214DF21E4001F0FEF9CE
:107FC00067214DF21F4001F0F9F902214DF22040E6
:107FD00001F0F4F984214DF2214001F0EFF9022182
:107FE0004DF2224001F0EAF9A4214DF2234001F0C4
:107FF000E5F902214DF2244001F0E0F9B7214DF2FC
:10800000254001F0DBF902214DF2264001F0D6F9BE
:10801000CF214DF2274001F0D1F902214DF2284045
:1080200001F0CCF9DE214DF2294001F0C7F902211F
:108030004DF22A4001F0C2F9F2214DF22B4001F03D
:10804000BDF902214DF22C4001F0B8F9FE214DF2AC
:108050002D4001F0B3F903214DF22E4001F0AEF9AD
:1080600010214DF22F4001F0A9F903214DF23040CB
:1080700001F0A4F933214DF2314001F09FF90321C1
:108080004DF2324001F09AF96D214DF2334001F08A
:1080900095F900214FF4554001F090F933214DF24C
:1080A000015001F08BF900214DF2025001F086F9E8
:1080B00034214DF2035001F081F900214DF20450BA
:1080C00001F07CF93A214DF2055001F077F90021D9
:1080D0004DF2065001F072F94A214DF2075001F0BD
:1080E0006DF900214DF2085001F068F95C214DF264
:1080F000095001F063F900214DF20A5001F05EF9D8
:1081000081214DF20B5001F059F900214DF20C5034
:1081100001F054F9A6214DF20D5001F04FF9002164
:108120004DF20E5001F04AF9E5214DF20F5001F0E9
:1081300045F901214DF2105001F040F913214DF2A3
:10814000115001F03BF901214DF2125001F036F9C6
:1081500054214DF2135001F031F901214DF2145028
:1081600001F02CF982214DF2155001F027F901217F
:108170004DF2165001F022F9CA214DF2175001F0CC
:108180001DF902214DF2185001F018F900214DF2AD
:10819000195001F013F902214DF21A5001F00EF9B5
:1081A00001214DF21B5001F009F902214DF21C5042
:1081B00001F004F934214DF21D5001F0FFF80221C5
:1081C0004DF21E5001F0FAF867214DF21F5001F0F8
:1081D000F5F802214DF2205001F0F0F884214DF223
:1081E000215001F0EBF802214DF2225001F0E6F8A7
:1081F000A4214DF2235001F0E1F802214DF2245068
:1082000001F0DCF8B7214DF2255001F0D7F802213A
:108210004DF2265001F0D2F8CF214DF2275001F057
:10822000CDF802214DF2285001F0C8F8DE214DF2C0
:10823000295001F0C3F802214DF22A5001F0BEF896
:10824000F2214DF22B5001F0B9F802214DF22C50E1
:1082500001F0B4F8FE214DF22D5001F0AFF80321EA
:108260004DF22E5001F0AAF810214DF22F5001F0DE
:10827000A5F803214DF2305001F0A0F833214DF262
:10828000315001F09BF803214DF2325001F096F885
:108290006D214DF2335001F091F800214FF456401A
:1082A00001F08CF833214DF2016001F087F80021D4
:1082B0004DF2026001F082F834214DF2036001F0CA
:1082C0007DF800214DF2046001F078F83A214DF27A
:1082D000056001F073F800214DF2066001F06EF8C0
:1082E0004A214DF2076001F069F800214DF2086063
:1082F00001F064F85C214DF2096001F05FF80021A3
:108300004DF20A6001F05AF881214DF20B6001F044
:1083100055F800214DF20C6001F050F8A6214DF205
:108320000D6001F04BF800214DF20E6001F046F8AF
:10833000E5214DF20F6001F041F801214DF210608E
:1083400001F03CF813214DF2116001F037F80121E2
:108350004DF2126001F032F854214DF2136001F039
:108360002DF801214DF2146001F028F882214DF220
:10837000156001F023F801214DF2166001F01EF89E
:10838000CA214DF2176001F019F802214DF2186070
:1083900001F014F800214DF2196001F00FF80221EC
:1083A0004DF21A6001F00AF801214DF21B6001F054
:1083B00005F802214DF21C6001F000F834214DF265
:1083C0001D6000F0FBFF02214DF21E6000F0F6FF81
:1083D00067214DF21F6000F0F1FF02214DF2206095
:1083E00000F0ECFF84214DF2216000F0E7FF022154
:1083F0004DF2226000F0E2FFA4214DF2236000F074
:10840000DDFF02214DF2246000F0D8FFB7214DF2CC
:10841000256000F0D3FF02214DF2266000F0CEFF70
:10842000CF214DF2276000F0C9FF02214DF22860F4
:1084300000F0C4FFDE214DF2296000F0BFFF0221F1
:108440004DF22A6000F0BAFFF2214DF22B6000F0ED
:10845000B5FF02214DF22C6000F0B0FFFE214DF27D
:108460002D6000F0ABFF03214DF22E6000F0A6FF5F
:1084700010214DF22F6000F0A1FF03214DF230607A
:1084800000F09CFF33214DF2316000F097FF032193
:108490004DF2326000F092FF6D214DF2336000F03A
:1084A0008DFF55214FF4704000F088FFAA214FF254
:1084B000010000F083FF52214FF2020000F07EFF26
:1084C00008214FF2030000F079FF00214FF2040071
:1084D00000F074FFCC214FF4314000F06FFF002119
:1084E0004BF2011000F06AFF05214FF4364000F016
:1084F00065FF70214FF4374000F060FF70214BF2B0
:10850000017000F05BFF01214FF4384000F056FF8E
:1085100003214BF6010000F051FF03214BF602004E
:1085200000F04CFF03214BF6030000F047FF02214F
:108530004FF43C4000F042FF00214BF6014000F0B8
:108540003DFF00214BF6024000F038FFD0214FF4F0
:10855000494000F033FF02214CF6011000F02EFFDD
:1085600050214CF6021000F029FF50214CF6031068
:1085700000F024FF50214CF6041000F01FFF0021F2
:108580004FF4545000F01AFF55214FF4685000F09A
:1085900015FF4FF4885000F0FBFE7820FDF742FDF8
:1085A0004FF4245000F0F4FE10BD10B5E22000F0AE
:1085B000EFFE1D2000F0E0FE022000F0DDFE0420B2
:1085C00000F0DAFE6420FDF72DFDE02000F0E0FE73
:1085D000012000F0D1FE0A20FDF718FDE02000F098
:1085E000D7FE032000F0C8FE0C20FDF70FFD012090
:1085F00000F0CEFE0A20FDF709FDE62000F0C8FEDF
:108600002F2000F0B9FEFF2000F0B6FEFF2000F0A2
:10861000B3FEB02000F0BCFE202000F0ADFE002034
:1086200000F0AAFE002000F0A7FEEF2000F0A4FE5C
:10863000012000F0A1FE40F23F1000F09DFE00205E
:1086400000F09AFEB42000F0A3FE012000F094FE9A
:1086500040F2EF1000F090FE002000F08DFE2E2082
:1086600000F08AFE002000F087FE002000F084FE6B
:10867000002000F081FE002000F07EFEB62000F019
:1086800087FE012000F078FE4FF4B67000F074FE13
:10869000002000F071FE172000F06EFE152000F0A3
:1086A0006BFE002000F068FE002000F065FEF02068
:1086B00000F06EFE032000F05FFE292000F068FE4F
:1086C000D02000F065FE002000F056FEBE2000F035
:1086D0005FFE052000F050FEFE2000F04DFE012060
:1086E00000F04AFE002000F047FE002000F044FEAB
:1086F000002000F041FEB82000F04AFE032000F008
:108700003BFE012000F038FEBA2000F041FE0120BF
:1087100000F032FE10BD10B5112000F039FE7820B7
:10872000FDF774FC362000F033FE002000F024FE3C
:108730003A2000F02DFE052000F01EFEB22000F0D1
:1087400027FE0C2000F018FE0C2000F015FE002083
:1087500000F012FE332000F00FFE332000F00CFE7C
:10876000B72000F015FE352000F006FEBB2000F01B
:108770000FFE322000F000FEC02000F009FE0C20A9
:1087800000F0FAFDC22000F003FE012000F0F4FD2D
:10879000C32000F0FDFD102000F0EEFDC42000F02D
:1087A000F7FD202000F0E8FDC62000F0F1FD0F20CD
:1087B00000F0E2FDD02000F0EBFDA42000F0DCFD95
:1087C000A12000F0D9FDE02000F0E2FDD02000F073
:1087D000D3FD002000F0D0FD022000F0CDFD0720E9
:1087E00000F0CAFD0A2000F0C7FD282000F0C4FDFB
:1087F000322000F0C1FD442000F0BEFD422000F018
:10880000BBFD062000F0B8FD0E2000F0B5FD1220E3
:1088100000F0B2FD142000F0AFFD172000F0ACFD19
:10882000E12000F0B5FDD02000F0A6FD002000F012
:10883000A3FD022000F0A0FD072000F09DFD0A200E
:1088400000F09AFD282000F097FD312000F094FD03
:10885000542000F091FD472000F08EFD0E2000F026
:108860008BFD1C2000F088FD172000F085FD1B20EB
:1088700000F082FD1E2000F07FFD2A2000F088FD20
:10888000002000F079FD002000F076FD002000F0CF
:1088900073FDEF2000F070FD2B2000F079FD00202B
:1088A00000F06AFD002000F067FD012000F064FD8B
:1088B0003F2000F061FD292000F06AFD10BD10B5D9
:1088C000112000F065FD7820FDF7A0FB362000F0B8
:1088D0005FFD482000F050FD3A2000F059FD552082
:1088E00000F04AFDF02000F053FDC32000F044FDED
:1088F000F02000F04DFD962000F03EFDB42000F089
:1089000047FD012000F038FDB62000F041FD0A20AF
:1089100000F032FDA22000F02FFDB72000F038FD5E
:10892000C62000F029FDB92000F032FD022000F041
:1089300023FDE02000F020FDC02000F029FD802074
:1089400000F01AFD162000F017FDC12000F020FDF8
:10895000192000F011FDC22000F01AFDA72000F040
:108960000BFDC52000F014FD162000F005FDE820E9
:1089700000F00EFD402000F0FFFC8A2000F0FCFC1F
:10898000002000F0F9FC002000F0F6FC292000F0A7
:10899000F3FC192000F0F0FCA52000F0EDFC3320E2
:1089A00000F0EAFCE02000F0F3FCF02000F0E4FC32
:1089B000072000F0E1FC0D2000F0DEFC042000F0B8
:1089C000DBFC052000F0D8FC142000F0D5FC36209C
:1089D00000F0D2FC542000F0CFFC4C2000F0CCFC86
:1089E000382000F0C9FC132000F0C6FC142000F071
:1089F000C3FC2E2000F0C0FC342000F0BDFCE120C0
:108A000000F0C6FCF02000F0B7FC102000F0B4FC31
:108A1000142000F0B1FC0E2000F0AEFC0C2000F0A1
:108A2000ABFC082000F0A8FC352000F0A5FC442099
:108A300000F0A2FC4C2000F09FFC262000F09CFCE3
:108A4000102000F099FC122000F096FC2C2000F081
:108A500093FC322000F090FCF02000F099FC3C20C8
:108A600000F08AFCF02000F093FC692000F084FC08
:108A70007820FDF7CBFA212000F08AFC292000F0B5
:108A800087FC10BD00B595B000BF00BF002001906D
:108A9000FA48006840F04000F8490860084600685D
:108AA00000F04000019000BF00BF00BF00BF00BF4A
:108AB000002001900846006840F008000860084661
:108AC000006800F00800019000BF00BF00BF00BFB9
:108AD00000BF002001900846006840F008000860D0
:108AE0000846006800F00800019000BF00BF00BF0A
:108AF00000BF00BF002001900846006840F0400021
:108B000008600846006800F04000019000BF00BF08
:108B100000BF00BF00BF002001900846006840F081
:108B2000020008600846006800F00200019000BFE3
:108B300000BF00BF881410900220119001201290F5
:108B4000022013900C20149010A9CD48F8F708FAD1
:108B50002020109010A9CB48F8F702FA10201090AE
:108B600010A9C848F8F7FCF94FF48050109010A9EC
:108B7000C548F8F7F5F94FF4004010900120119026
:108B800010A9C248F8F7ECF94FF02040C04908603E
:108B9000C0484860062088600021BD48C16010219F
:108BA000416100218161C16141624FF48051816264
:108BB0000021C1624FF48041016300214163816360
:108BC0000F20099000200A903C200B9000200F906D
:108BD00009200290002003900920049000200890B2
:108BE00002AA09A9AA48F9F723FD3220FDF70EFAD7
:108BF000D32000F0CDFB00F0D5F9A749888000F024
:108C0000D1F9A549888000F0CDF9A34988800846AC
:108C100080884FF6FF7101EA00209F49888000F0AC
:108C2000C1F99D49898808439B4988800846808806
:108C300049F2413188427CD0042000F0A9FB00F0C9
:108C4000B1F99549888000F0ADF99349888000F02A
:108C5000A9F991498880084680884FF6FF7101EA9A
:108C600000208D49888000F09DF98B498988084350
:108C7000894988800846808848F25251884203D149
:108C800047F28970844988808348808847F28971D7
:108C90008842D0D0D42000F07BFB00F083F97E49DD
:108CA000888000F07FF97C49888000F07BF97A4960
:108CB0008880084680884FF6FF7101EA00207649D7
:108CC000888000F06FF97449898808437249888068
:108CD0000846808845F210318842ACD0D32000F09D
:108CE00057FB00F05FF96C49888000F05BF96A4936
:108CF000888000F057F968498880084680884FF6D8
:108D0000FF7101EA00206449888000F04BF9624954
:108D100089880843604988800846808847F29671B0
:108D2000884288D055214FF4704000F047FBAA21BB
:108D300000E07EE04FF2010000F040FB52214FF2D4
:108D4000020000F03BFB08214FF2030000F036FB6D
:108D500001214FF2040000F031FB4FF4454000F0D8
:108D600017FB00F01FF94C498880084680884FF6B1
:108D7000FF7101EA0020484988804CF2015000F060
:108D800007FB00F00FF9444989880843424988806D
:108D90000520FDF73BF94048808845F21051884294
:108DA00047D0D32000F0F4FA00F0FCF83A4988806C
:108DB00000F0F8F83849888000F0F4F836498880E7
:108DC000084680884FF6FF7101EA0020324988800A
:108DD00000F0E8F83049898808432F498880084620
:108DE000808849F60601884223D0A12000F0D0FAFD
:108DF00000F0D8F82849888000F0D4F82649888007
:108E0000084680884FF6FF7101EA002022498880D9
:108E100000F0C8F82049898808431F49888008461F
:108E2000808845F26171884203D141F663101A4986
:108E300088801948808847F28971884202D1FFF7FB
:108E40006AFC48E01448808849F24131884202D1E6
:108E5000FDF7FEF93FE01048808845F21031884266
:108E600002D1FDF7ABFC36E00B48808847F29671E3
:108E7000884213D1FFF723FD2DE000003038024077
:108E800000180240000C024000140240000402409E
:108E9000AC020020040100A0FC0200203B488088B6
:108EA00045F21051884202D1FEF701FC13E0374829
:108EB000808849F60601884202D1FDF7DFFA0AE010
:108EC0003248808841F66311884204D1FFF76DFB78
:108ED000642000F021FA2D48808847F28971884289
:108EE0000AD103200290049029490B6B8A684868D4
:108EF00002A9F7F755FD38E02448808849F60601B5
:108F000088420BD02148808849F24131884205D0FF
:108F10001E48808845F2105188420AD102200290F2
:108F200004901B490B6B8A68486802A9F7F738FD63
:108F30001BE01648808845F2103188420BD0134858
:108F4000808847F29671884205D01048808841F6A3
:108F50006311884209D10120029004900C490B6BE7
:108F60008A68486802A9F7F71BFD0020FDF7BAF8E8
:108F700000BF0122D1030748F8F7FEF800BF4FF603
:108F8000FF70FDF795F815B000BD0000FC02002051
:108F9000AC0200200004024000BF011EA0F101004D
:108FA000FBD1704708B50220FFF7F6FF02480088A2
:108FB0000090BDF8000008BD8000006CF0B50546CB
:108FC000002400278B488079012805D189488088B2
:108FD00041F66311884208D186488079F0B9854806
:108FE000808841F66311884218D1082D15D2DFE838
:108FF00005F00406080A0C0E101206250DE00725E0
:109000000BE0042509E0052507E0012505E0002522
:1090100003E0032501E0022500BF00BF082D1CD29C
:10902000DFE805F00406090C0F12151800BF14E064
:1090300044F0800411E044F040040EE044F0C00429
:109040000BE044F0200408E044F0600405E044F044
:10905000A00402E044F0E00400BF00BF36276548EA
:10906000808845F21051884200D13F0261488088D3
:1090700049F2413188420BD05E48808847F28971BD
:10908000884205D05B48808847F29671884201D1BA
:1090900044F008042146384600F090F9554880888D
:1090A00041F6631188421DD004F0200068B1514898
:1090B000008850494988884214DA4E48068840881A
:1090C0004C490880084646800CE04A4800884949D7
:1090D0004988884206DD4748068840884549088017
:1090E000084646804348808845F21051884252D154
:1090F0004049488900F04CF9002000F03DF93D4915
:109100004989491C88B200F043F9002000F034F985
:1091100038494989891C88B200F03AF935490988EB
:10912000491EC1F30F2000F027F932494989C91CB3
:1091300088B200F02DF92F490978491EC8B200F015
:109140001BF92C49888900F023F9002000F014F95C
:1091500028498989491C88B200F01AF9002000F0DA
:109160000BF924498989891C88B200F011F9214939
:109170004988491EC1F30F2000F0FEF81D49898976
:10918000C91C88B200F004F91A498978491EC8B28E
:1091900000F0F2F82DE01749488900F0F9F80020B6
:1091A00000F0EAF8002000F0E7F812490988491EAB
:1091B000C1F30F2000F0E0F80E490978491EC8B24B
:1091C00000F0DAF80B49888900F0E2F8002000F09E
:1091D000D3F8002000F0D0F806494988491EC1F3B1
:1091E0000F2000F0C9F803498978491EC8B200F081
:1091F000C3F8F0BDFC02002010B502460C464548FD
:10920000808841F66311884247D142488079A8B9E5
:1092100040480088401E801A82B23E49488900F0CA
:10922000B7F8002000F0A8F8002000F0A5F8101210
:1092300000F0A2F8D0B200F09FF816E03549488956
:1092400000F0A6F8101200F097F8D0B200F094F8F1
:1092500030490988491EC1F30F2000F08DF82D49CF
:109260000978491EC8B200F087F82A49888900F0B9
:109270008FF8201200F080F8E0B200F07DF8254968
:109280004988491EC1F30F2000F076F821498978FA
:10929000491EC8B200F070F83AE01E48808845F2D6
:1092A0001051884220D11B49488900F071F81012F2
:1092B00000F062F817494989491C88B200F068F843
:1092C000D0B200F059F81349888900F061F82012F3
:1092D00000F052F80F498989491C88B200F058F80B
:1092E000E0B200F049F813E00A49488900F050F86C
:1092F000101200F041F8D0B200F03EF8054988891C
:1093000000F046F8201200F037F8E0B200F034F830
:1093100010BD0000FC02002070B52DED048B04464A
:10932000BE2000F035F8052000F026F82046F7F7BB
:1093300078F841EC190B9FED0E0B53EC102BF6F760
:10934000FEFF41EC180BF7F779F885B2284600F0DC
:1093500013F8012000F010F8FF2000F00DF80020B5
:1093600000F00AF8002000F007F8BDEC048B70BD97
:10937000666666666666044001B5BDF8000000904A
:10938000BDF800000149088008BD00008000006CA5
:1093900001B5BDF800000090BDF80000014908804B
:1093A00008BD00007E00006C024800890249088068
:1093B00070470000FC0200207E00006C034A108011
:1093C0004FF0D842A2F88010704700007E00006C79
:1093D00000B587B000BF00BF0020019020480068A2
:1093E00040F020001E4908600846006800F0200098
:1093F000019000BF00BF00BF00BF00BF0020019070
:109400000846006840F0200008600846006800F048
:109410002000019000BF00BF00BF4815029001204E
:10942000039004900220059002A90E48F7F798FDDA
:109430004FF48060029002A90A48F7F791FD00BF3F
:10944000012251020748F7F797FE00BF00BF012233
:1094500091020448F7F790FE00BF07B000BD00007E
:10946000303802400014024008B5F7F7A3FE072386
:10947000022208214FF4A87000F0CAFFA820FCF7D0
:10948000A9FD4FF4E13001F047F8FFF7A1FFFFF726
:10949000F9FA002006231A044FF4A0010090FCF70B
:1094A00013FD002000F03CF8FBF754FFFCF7E8FD4B
:1094B000002008BD2DE9F04104460E461548005D28
:1094C00038B9144820380168204688470120BDE893
:1094D000F081114850F82400B04219D90F4850F8D3
:1094E0002400B6FBF0F10B480C3850F8240030F89B
:1094F0001120002508E0002306480C3850F824000D
:109500004F1920F817306D1C9542F4DB0020DEE780
:109510000220DCE7C4000020F4B90008E8B9000824
:1095200010B504460C4951F824104A000B4951F873
:109530002400002100F0B0F8094951F8242007491F
:109540000C3951F82400002100F0A6F8012103484D
:109550000C30015510BD0000DCB90008B800002037
:10956000F4B900082DE9F04704460F460025A94646
:109570002348005D20B922482038016820468847EA
:109580001FB94FF0FF30BDE8F0871E4850F82400A7
:10959000B7FBF0F61B4850F82400B7FBF0F100FBD6
:1095A000117000B1761C184850F82400451E22E0C6
:1095B00013480C3850F8240030F8150010B909F1A0
:1095C000010901E04FF00009B14513D14FF0000847
:1095D00009E00B480C3850F8240005EB080220F88D
:1095E000126008F10108B045F3D3064850F8240092
:1095F0006843C8E76D1E002DDADA4FF0FF30C2E78E
:10960000C4000020E8B90008DCB9000810B5014624
:109610000023002207E00B4850F8210030F8120028
:1096200000B15B1C521C084850F821009042F2D84F
:109630004FF47A705843044C54F82140B0FBF4F0D6
:1096400080B210BDB8000020DCB9000870B5054636
:109650000C4604B970BD054850F82500261A31465D
:109660002846FFF727FF00BFF4E70000AC0000200A
:1096700070B504460E4631462046FFF773FF054697
:10968000681C08B9002070BD024850F82400284426
:10969000F9E70000AC00002030B5034601E003F814
:1096A000011B141EA2F10102F9D130BD2DE9F041D8
:1096B00005460E462948076800202949096881F8AF
:1096C000590027480068001D00F042FF50B92448A7
:1096D000006890F82C1001208840224909688143D5
:1096E00020480160681CD8B9D6B11F4948681C4998
:1096F000096888601A4982680968CA601849096857
:10970000091D8268516016490968091D8160164A61
:10971000134909684A6111460968491C11601AE039
:109720007C190F4800684460BC4207D20C480168AD
:10973000091D0E48006800F02FFF0CE00848016882
:10974000091D0B48006800F027FF0A4800688442A2
:1097500001D208480460BDE8F08100002C00002020
:1097600018000020300000202807002020000020E2
:109770001C0000204800002010B5044600F032FF15
:1097800031480068401C304908603048006840B9E2
:109790002E4804600846006801280DD100F016FA32
:1097A0000AE02B48006838B928480068C06AE16AB6
:1097B000884201D82548046026480068401C254995
:1097C000086008460068606494F82C100120884006
:1097D00021490968084320490860E16A01EB8101D9
:1097E0001E4A02EB81014868A0608268E260211D88
:1097F000826851608160E16A01EB8101174A02EBE6
:1098000081026261E16A01EB8101144A52F8211080
:10981000491CE26A02EB8202104B43F8221000F06E
:109820002DFF0B48006868B108480068C06AE16A0B
:10983000884207D24FF0805009490860BFF34F8F2C
:10984000BFF36F8F10BD000028000020180000201B
:109850003400002044000020300000205804002084
:1098600004ED00E010B500F0BDFE10480068D0B96E
:109870000F4800F081FE0F4800F07EFE0C480E49B4
:1098800008600C480D49086000221021052001F0F5
:1098900035FB064908600846006820B108A1034866
:1098A000006800F0ABFF00F0E9FE10BD6000002092
:1098B0003C07002050070020580000205C000020DA
:1098C000546D72510000000010B516E000F08AFEE1
:1098D0000C48C068C468201D00F03AFE0A480068C1
:1098E000401E0949086009480068401E0749086091
:1098F00000F0C4FE204600F05FF80448006800282D
:10990000E4D110BD1407002028000020240000200E
:1099100070B504460D46206C70B1216CE0680144BE
:10992000E160D4E90210884201D32168E160284651
:10993000226CE168F6F7DFFC70BD2DE9F0410446CA
:109940000F4615464FF00008A66B206C48B92068FA
:1099500000282CD1A06801F0F7FD80460020A0600F
:1099600025E07DB93946226C6068F6F7C4FC216CAD
:10997000606808446060D4E90101884217D3206818
:10998000606014E03946226CE068F6F7B4FC216CA4
:10999000E068411AE1602168E068884203D2216CE6
:1099A000A068411AE160022D01D106B1761E701C3B
:1099B000A0634046BDE8F08110B50446206B00F07E
:1099C0009DFE204600F09AFE10BD00000146084AA8
:1099D000126812680AB9012200E000220A600A68CF
:1099E00022B9034A1268D268106800E0002070476C
:1099F0005800002030B54FF44043174800F00704EA
:109A00002CB1C01D20F00700134C041B1B1B024689
:109A1000124C22600024114D6C60D018083820F0E0
:109A200007000F4C206000240D4D2D686C600C4D1C
:109A30002D682C601146441A4C60094C24680C6057
:109A4000084D4C682C60084D4C682C604FF0004469
:109A5000064D2C6030BD0000640700206C00002023
:109A6000740000207C000020780000208800002086
:109A700000BFFFF729FF064800680128F9D94FF019
:109A8000805004490860BFF34F8FBFF36F8FF0E73A
:109A90005804002004ED00E02DE9F04106460D4693
:109AA00017469846069C0DB9246000E02760E663DF
:109AB00025640121204601F069FA84F850800020D5
:109AC000A064BDE8F08100002DE9F05F82460F46FA
:109AD00090469B460A9E0C9C4FEA8801A522206B6B
:109AE000F6F71BFCA8F10100216B01EB800929F0BE
:109AF000070909F0070008B9012000E0002028B993
:109B00004FF4587224A12DA0FBF75CFD87B100250E
:109B100007E0795D04F134004155785D00B902E059
:109B20006D1C102DF5D300BF00214320015502E02C
:109B3000002084F83400202E01D2012000E0002013
:109B400028B940F2973214A11CA0FBF73BFD202E50
:109B500000D31F26E662E66400202065201D00F089
:109B600018FD04F1180000F014FD2461C6F1200076
:109B7000A06164620020606584F8580084F8590090
:109B80005A465146484600F0FBFB20600B9808B14E
:109B90000B980460BDE8F09F2E2E5C2E2E5C4D6964
:109BA00064646C6577617265735C46726565525476
:109BB0004F535C7461736B732E6300004572726F58
:109BC000723A2025732C2025640D0A0010B500245C
:109BD00007E004EB84010F4A02EB810000F0CCFCAB
:109BE000641C202CF5D30C4800F0C6FC0B4800F098
:109BF000C3FC0B4800F0C0FC0A4800F0BDFC0A485A
:109C000000F0BAFC044809490860044808490860A3
:109C100010BD000058040020D8060020EC060020EB
:109C20000007002014070020280700201C00002047
:109C30002000002010B50146164800E000680368C7
:109C40008B42FBD30246436813448B4204D14368E2
:109C50004C682344436001460A464B681344046839
:109C6000A34211D10C4C03682468A34208D04B686E
:109C70000468646823444B6003681B680B6005E05C
:109C8000054B1B680B6001E003680B60884200D045
:109C9000016010BD6C000020740000202DE9F0412F
:109CA00004460D4616461F464FF0000865602461C5
:109CB000B5420CD8F01BA169884202D34FF00108CD
:109CC00011E0211D0948006800F066FC0BE0BE426F
:109CD00004D2BD4202D34FF0010804E0211D044824
:109CE000006800F059FC4046BDE8F0815C000020AF
:109CF0005800002070B5054600F074FCA86B08B948
:109D0000012400E0002400F0B9FC204670BD0000F2
:109D1000F1B50098846C00262CB940F6D53220A10C
:109D200028A0FBF74FFCA06BE16B884201D2012019
:109D300000E0002028B940F6D63219A121A0FBF797
:109D400041FCA06BE16B884227D294F94550002278
:109D500069462046FFF7F1FD0646681C60B9606A57
:109D600008B9012000E00020B0B904F1240001F09E
:109D700073FC88B101260FE07F2D01D0012000E0A7
:109D8000002028B940F6F63205A10EA0FBF71AFC18
:109D9000681C40B284F8450000BF3046F8BD0000A2
:109DA0002E2E5C2E2E5C4D6964646C657761726545
:109DB000735C4672656552544F535C717565756589
:109DC0002E6300004572726F723A2025732C202595
:109DD000640D0A0070B505460E460E480068C0685E
:109DE000C468201D00F0B4FB94F8280000F00400C3
:109DF00028B132462946204600F0FEF805E094F8E6
:109E0000280000F0FE0084F828002046216A8847D8
:109E100070BD00005800002070B586B08AE002983E
:109E200000280CDA03AE2EB940F2063247A150A04A
:109E3000FBF7C8FBD6E90020B168904700BF029845
:109E4000002877DB049C606908B9012000E000204D
:109E500010B9201D00F07CFB01A800F0F9F80546C0
:109E600002980A2864D2DFE800F06305072E365313
:109E700006082F3700BF00BF00BF94F8280040F04D
:109E8000010084F828000398A269811803462A4635
:109E90002046FFF703FFA8B194F8280000F0040063
:109EA00038B10398A26981182A46204600F0A4F828
:109EB00005E094F8280000F0FE0084F82800204611
:109EC000216A884735E000BF94F8280000F0FE00C2
:109ED00084F828002DE000BF94F8280040F001002D
:109EE00084F828000398A061A06908B1012000E06F
:109EF000002028B940F2593214A11DA0FBF762FBE3
:109F0000A06941192B462A462046FFF7C7FE10E0FC
:109F100094F8280000F0020018B9204600F0EEFB8B
:109F200005E094F8280000F0FE0084F8280000E026
:109F300000BF00BF002202A91148006801F0A4F888
:109F400000287FF46CAF06B070BD00002E2E5C2E92
:109F50002E5C4D6964646C6577617265735C4672F2
:109F6000656552544F535C74696D6572732E63005E
:109F70004572726F723A2025732C2025640D0A00F9
:109F800060000020F8B505460C4600F063FE684608
:109F900000F05EF80646009820BB44B9B54206D8EA
:109FA00001F000FC31462846FFF714FF1CE03CB1ED
:109FB0000E480068006808B9012000E0002004464F
:109FC000A91B22460A48006800F05EFC01F0EAFB8B
:109FD00050B94FF0805007490860BFF34F8FBFF36F
:109FE0006F8F01E001F0DEFBF8BD00005C00002097
:109FF0006000002004ED00E070B504460D461646F2
:10A0000004E0A06905442046216A8847A0694119F7
:10A010002B4632462046FFF741FE0028F1D170BDA5
:10A0200009480068006808B9012000E0002020B15C
:10A030004FF0FF300549086005E003480068C0683C
:10A0400000680249086070471C000020480000209A
:10A0500070B5044601F07EF9054607480068854260
:10A0600004D200F00BF80120206001E00020206005
:10A0700001480560284670BD6800002070B508E002
:10A080000D480068C06804684FF0FF312046FFF7B4
:10A09000A1FE09480068006808B9012000E000201E
:10A0A0000028EDD0044805680448006802490860AB
:10A0B0000248056070BD0000580000205C000020D0
:10A0C0000B480068401C08B9012000E0002020B9BE
:10A0D000E92208A116A0FBF775FA00BF502080F313
:10A0E0001188BFF34F8FBFF36F8F00BF00BFFEE734
:10A0F0008C0000202E2E5C2E2E5C4D6964646C65F5
:10A1000077617265735C4672656552544F535C703B
:10A110006F727461626C655C525644535C41524D7F
:10A120005F434D345F4D50555C706F72742E630009
:10A130004572726F723A2025732C2025640D0A0037
:10A1400008B500BF6846FFF741FC04462046009969
:10A15000FFF718FFFFF760FEF4E770B5044600F064
:10A1600041FA94F9455019E0A06C30B12046FFF750
:10A17000CFFD88B100F08EFC0EE0606A08B90120C6
:10A1800000E0002038B904F1240001F065FA18B1AC
:10A1900000F080FC00E003E0681E45B2002DE3DC27
:10A1A00000BFFF2084F8450000F068FA00F01AFABA
:10A1B00094F9445010E0206908B9012000E0002023
:10A1C00048B904F1100001F047FA08B100F062FC50
:10A1D000681E45B200E001E0002DECDC00BFFF206E
:10A1E00084F8440000F04AFA70BD00002DE9F04107
:10A1F00004464FF0000800F02DFD4948006808B9FA
:10A20000FFF7F8FB474800682040002875D1002C74
:10A2100023D004F10800A0421FD9083404F007003D
:10A2200000281BD004F00700C0F108002044A04221
:10A2300011D904F00700C0F10800044404F007003D
:10A2400008B9012000E0002040B99C2236A144A0BA
:10A25000FBF7B8F902E0002400E00024002C4CD009
:10A2600043480068844248D8424E3046056801E0C1
:10A270002E462D686868A04202D228680028F7D1CF
:10A2800027480068854238D0306800F108082868FF
:10A2900030606868001B102813D92F1907F00700D9
:10A2A00008B9012000E0002020B9CF221EA12CA077
:10A2B000FBF788F96868001B78606C603846FFF728
:10A2C000B9FC2B4968680968081A294908600846DA
:10A2D000006829490968884203D225480068264950
:10A2E00008601049686809680843686000202860B1
:10A2F00022480068401C2149086001F053FA08F028
:10A30000070008B9012000E0002028B94FF4887246
:10A3100005A113A0FBF756F94046BDE8F081000007
:10A3200074000020880000202E2E5C2E2E5C4D69CB
:10A3300064646C6577617265735C467265655254DE
:10A340004F535C706F727461626C655C4D656D4DEE
:10A35000616E675C686561705F342E6300000000A9
:10A360004572726F723A2025732C2025640D0A0005
:10A37000780000206C0000207C000020800000207D
:10A38000001F4FF080730360001F21F00103036082
:10A39000001F054B036014380260001F6FF00203BA
:10A3A0000360203870470000C1A000081CB50446B7
:10A3B00000F018F90D48022100238022CDE9001099
:10A3C0000BA10D4800F086FF0C48032100238022DA
:10A3D000CDE900100AA10C4800F07CFF0B48006892
:10A3E00000F0BAFA00F04AF91CBD00009C00002001
:10A3F0007461736B31000000DDA40008A000002030
:10A400007461736B3200000005A5000898000020FD
:10A410002DE9F04192B080460C4615461E460027B5
:10A4200000BF002000902A48006840F08050284972
:10A4300008600846006800F08050009000BF00BF30
:10A4400000BF002000902348006840F4804021496C
:10A4500008600846006800F48040009000BF00BF1C
:10A46000012001900004029002200790410508910C
:10A47000CDF8288009940B950C9601A8F7F78AFE71
:10A4800007461FB1012012B0BDE8F0810F200D90EA
:10A4900002200E9000200F904FF4A05010904FF427
:10A4A0008050119004210DA8F7F734FD07460FB135
:10A4B0000120E8E7F6F766FE41F20101884205D186
:10A4C0000548006840F48070034908600020DAE71E
:10A4D0004038024000700040003C024000BF0EE0E7
:10A4E00000BF4FF400710648F6F73CFE00BF4FF482
:10A4F0007F40FBF7DDFD4FF47A7000F0EBF9EFE7FA
:10A500000014024000BF00BF00BF00BF03E04FF4D3
:10A510007A7000F0DFF9FAE710B5044609480A49F5
:10A5200008600846446000218160C160016181616A
:10A530000C214161F8F752FA012204490248F8F768
:10A54000EDFA10BD00100140D40300200A000020E5
:10A5500001460A69D1E901309860D1E901035860E8
:10A560005068884201D188685060002008611068F6
:10A57000401E10601068704700F1080141604FF004
:10A58000FF31816000F10801C160016100210160BB
:10A59000704700210161704710B502460B685C1CD2
:10A5A0000CB9106907E002F1080000E04068446857
:10A5B00024689C42FAD944684C604C68A160886069
:10A5C00041600A611468641C146010BD42684A60EE
:10A5D00093688B60936859609160086103685B1CA5
:10A5E0000360704710B500BF502080F31188BFF39F
:10A5F0004F8FBFF36F8F00BF0B480068401C0A49A4
:10A6000008600846006801280DD108480068C0B2FB
:10A6100008B9012000E0002028B94FF4DB7204A142
:10A6200012A0FAF7CFFF10BD8C00002004ED00E06F
:10A630002E2E5C2E2E5C4D6964646C6577617265AC
:10A64000735C4672656552544F535C706F727461EF
:10A65000626C655C525644535C41524D5F434D34CD
:10A660005F4D50555C706F72742E63004572726F4F
:10A67000723A2025732C2025640D0A0010B50B4872
:10A68000006828B940F2BD1209A118A0FAF79AFF94
:10A6900006480068401E054908600846006820B961
:10A6A000002080F3118800BF00BF10BD8C00002087
:10A6B0002E2E5C2E2E5C4D6964646C65776172652C
:10A6C000735C4672656552544F535C706F7274616F
:10A6D000626C655C525644535C41524D5F434D344D
:10A6E0005F4D50555C706F72742E63004572726FCF
:10A6F000723A2025732C2025640D0A0070B5064699
:10A700003546002E3AD0083D2C461D496068096840
:10A71000084008B1012000E0002028B94FF49272EF
:10A7200018A126A0FAF74EFF206808B9012000E022
:10A73000002028B940F2251212A120A0FAF742FF0A
:10A740000F49606809680840C0B12068B0B90C4979
:10A75000606809688843606000F07CFA1B496068A3
:10A7600009680844194908602046FFF763FA184849
:10A770000068401C1649086001F014F870BD000024
:10A78000880000202E2E5C2E2E5C4D6964646C6562
:10A7900077617265735C4672656552544F535C70A5
:10A7A0006F727461626C655C4D656D4D616E675C66
:10A7B000686561705F342E63000000004572726F3F
:10A7C000723A2025732C2025640D0A0078000020A1
:10A7D0008400002000204FF0E021086188610648D5
:10A7E00000684FF47A71B0FBF1F0401E4FF0E021A9
:10A7F0004861072008617047000000202DE9F04102
:10A8000006460F462EB940F6C82211A119A0FAF744
:10A81000D9FE0025BFB1002412E01A4800EBC400A5
:10A820004068B04203D1174800EBC4050AE035B9CF
:10A83000144850F8340010B9124800EBC405641CE9
:10A84000082CEAD300BF0DB12F606E60BDE8F08127
:10A850002E2E5C2E2E5C4D6964646C65776172658A
:10A86000735C4672656552544F535C7175657565CE
:10A870002E6300004572726F723A2025732C2025DA
:10A88000640D0A00180400202DE9F04105460E462B
:10A8900017462C46FFF7A6FE94F94400401C10B959
:10A8A000002084F8440094F94500401C10B90020B1
:10A8B00084F84500FFF7E2FEA06B28B93A4631461E
:10A8C00004F1240000F01EF92046FFF746FCBDE825
:10A8D000F081000070B504460025ACB10F48006857
:10A8E00008B9012000E0002028B940F249520CA12B
:10A8F00014A0FAF767FE00F0ADF900212046FEF73C
:10A90000D5FE00F04FFF05463DB94FF0805011498C
:10A910000860BFF34F8FBFF36F8F70BD54000020EE
:10A920002E2E5C2E2E5C4D6964646C6577617265B9
:10A93000735C4672656552544F535C7461736B73FC
:10A940002E6300004572726F723A2025732C202509
:10A95000640D0A0004ED00E070B50546FFF742FE05
:10A9600015B92F48006800E028460446201DFFF76F
:10A97000EFFD78B9E06A00EB80002A4951F8200029
:10A9800040B994F82C100120884027490968814378
:10A9900025480160A06A18B104F11800FFF7D8FD3E
:10A9A00022480068401C214908601D480068844214
:10A9B00009D1211D1E48FFF709FE1E480068401CF2
:10A9C0001C49086006E01C480068401E1A490860DF
:10A9D000FFF726FBFFF752FE11480068844202D0C1
:10A9E0002046FEF7E9FF15480068C0B10C48006832
:10A9F000844214D11248006808B9012000E0002008
:10AA000028B940F2DC420FA117A0FAF7DBFD4FF0A6
:10AA1000805019490860BFF34F8FBFF36F8F70BD2F
:10AA200018000020580400203000002044000020BE
:10AA300014070020240000202800002034000020FB
:10AA4000540000202E2E5C2E2E5C4D6964646C65D3
:10AA500077617265735C4672656552544F535C74DE
:10AA600061736B732E6300004572726F723A20251A
:10AA7000732C2025640D0A0004ED00E003490968E9
:10AA800001600349096841607047000040000020F0
:10AA90002C00002001200149086070473C00002084
:10AAA00070B504460D462CB940F61C4207A110A013
:10AAB000FAF788FD1248016818312046FFF76CFD4F
:10AAC00001212846FEF7F2FD70BD00002E2E5C2EFF
:10AAD0002E5C4D6964646C6577617265735C467267
:10AAE000656552544F535C7461736B732E63000041
:10AAF0004572726F723A2025732C2025640D0A006E
:10AB00001800002070B504460E4615462CB940F6D4
:10AB1000524211A119A0FAF755FD60681B49096856
:10AB2000C8611A49826809680A62184909681831B7
:10AB300082685160154909681831816013490968B4
:10AB40008C622168491C21600DB14FF0FF36294607
:10AB50003046FEF7ABFD70BD2E2E5C2E2E5C4D698F
:10AB600064646C6577617265735C467265655254A6
:10AB70004F535C7461736B732E6300004572726F88
:10AB8000723A2025732C2025640D0A00180000203D
:10AB90001CB51B4800210B468022CDE9001019A1ED
:10ABA0001A4800F097FB0446012C02D100F0CAFEBF
:10ABB0000446012C15D100BF502080F31188BFF34B
:10ABC0004F8FBFF36F8F00BF4FF0FF301049086009
:10ABD00001201049086000200F49086000F09EF82D
:10ABE0000BE0601C08B1012000E0002028B94FF400
:10ABF00004620AA112A0FAF7E5FC154800681CBD22
:10AC00004C00002049444C4500000000719A0008A7
:10AC100048000020340000202C0000202E2E5C2E46
:10AC20002E5C4D6964646C6577617265735C467215
:10AC3000656552544F535C7461736B732E630000EF
:10AC40004572726F723A2025732C2025640D0A001C
:10AC50005000002002480068401C0149086070470D
:10AC60005400002010B51B48006818B101201A4993
:10AC700008602DE000201849086018480068B0FA04
:10AC800080F0C0F11F0404EB8400154951F8200046
:10AC900008B1012000E0002028B940F6024211A1CD
:10ACA00019A0FAF78FFC04EB84010D4A02EB810036
:10ACB00041684968416000F1080142688A4202D156
:10ACC0004168496841604168C968134A116000BF22
:10ACD00010BD0000540000203C0000203000002087
:10ACE000580400202E2E5C2E2E5C4D6964646C6529
:10ACF00077617265735C4672656552544F535C743C
:10AD000061736B732E6300004572726F723A202577
:10AD1000732C2025640D0A00180000201CB5504833
:10AD200000685049884201D0012000E0002028B985
:10AD300040F243124CA15BA0FAF744FC484800687B
:10AD40004849491E884201D0012000E0002028B96E
:10AD50004FF4A27244A153A0FAF734FC554C20469C
:10AD600000780190FF202146087008460078009086
:10AD70009DF8000000F0F0009DF80010884201D11D
:10AD8000012000E0002028B940F25D1236A145A064
:10AD9000FAF718FC9DF8000000F0500046490870D2
:10ADA00007204649086009E044480068401E4349BE
:10ADB00008609DF800004006000E00909DF800001D
:10ADC00000F080008028EFD03C480068C0F1070008
:10ADD000042801D1012000E0002028B940F27112BE
:10ADE00021A130A0FAF7EEFB34480068C0F107005B
:10ADF000042801D1012000E0002028B94FF4BD72E1
:10AE000019A128A0FAF7DEFB2C48006800022B49A4
:10AE100008600846008800F4E06008602549019851
:10AE200008700F482030006840F470000C49203151
:10AE300008600846006840F070400860FFF7CAFCF0
:10AE400000201F490860F5F7CFF91E48006840F060
:10AE500040401C490860F5F7B3F900201CBD000014
:10AE600000ED00E071C20F412E2E5C2E2E5C4D696C
:10AE700064646C6577617265735C46726565525493
:10AE80004F535C706F727461626C655C52564453D0
:10AE90005C41524D5F434D345F4D50555C706F7255
:10AEA000742E63004572726F723A2025732C202530
:10AEB000640D0A0000E400E09000002094000020EF
:10AEC0008C00002034EF00E010B500BF502080F36C
:10AED0001188BFF34F8FBFF36F8F00BF00F040FAB0
:10AEE00018B14FF080500449086000BF002080F383
:10AEF000118800BF10BD000004ED00E02DE9F8430B
:10AF000005460E4617460024E5B1601EB0FBF5F07D
:10AF1000B04217D305FB06F010F1550F12D805FB10
:10AF200006F909F15400FFF761F904468CB1A04617
:10AF300008F154083B464246314628460094FEF745
:10AF4000ABFD06E02CB94FF4E37203A10BA0FAF7B6
:10AF500039FB2046BDE8F8832E2E5C2E2E5C4D6911
:10AF600064646C6577617265735C467265655254A2
:10AF70004F535C71756575652E6300004572726F85
:10AF8000723A2025732C2025640D0A002DE9F0412A
:10AF900005460E4601272C462CB94FF488722CA189
:10AFA00034A0FAF70FFB002C42D0E06B00283FD012
:10AFB0004FF0FF31E06BB1FBF0F0216C884237D3EA
:10AFC000FFF710FBD4E90F12206801FB0200A0601C
:10AFD0000020A06320686060E06B401E226C216846
:10AFE00000FB0211E160FF2084F8440084F8450072
:10AFF0009EB9206908B9012000E00020A8B904F139
:10B00000100000F029FB80B14FF080501D4908600E
:10B01000BFF34F8FBFF36F8F07E004F11000FFF70E
:10B02000ABFA04F12400FFF7A7FAFFF727FB00E0D3
:10B0300000270FB1012000E0002028B940F245129E
:10B0400003A10CA0FAF7BEFA3846BDE8F081000073
:10B050002E2E5C2E2E5C4D6964646C657761726582
:10B06000735C4672656552544F535C7175657565C6
:10B070002E6300004572726F723A2025732C2025D2
:10B08000640D0A0004ED00E02DE9F74183B00546A8
:10B090000E464FF000082C462CB940F251524CA1FC
:10B0A00054A0FAF78FFA0EB9206C08B9012000E01D
:10B0B000002028B940F2555245A14EA0FAF782FA75
:10B0C00000F038F908B9059808B9012000E000201F
:10B0D00028B940F25A523EA146A0FAF773FA00BFCF
:10B0E000FFF780FAA76BF7B131462046FEF710FC58
:10B0F000781EA063206908B9012000E0002060B933
:10B1000004F1100000F0A8FA38B14FF080503D492A
:10B110000860BFF34F8FBFF36F8FFFF7AFFA0120C7
:10B1200006B0BDE8F081059818B9FFF7A7FA00202E
:10B13000F6E7B8F1000F04D101A8FFF79FFC4FF02C
:10B140000108FFF79BFAFFF785FDFFF74BFA94F92B
:10B150004400401C10B9002084F8440094F94500D4
:10B16000401C10B9002084F84500FFF787FA05A9B4
:10B1700001A800F049F8F0B92046FEF7BBFDA0B1E8
:10B1800004F124000599FFF78BFC2046FEF7E5FF4C
:10B1900000F008FB0028A3D14FF080501949086047
:10B1A000BFF34F8FBFF36F8F9AE72046FEF7D5FFAF
:10B1B00000F0F8FA94E72046FEF7CFFF00F0F2FA2D
:10B1C0002046FEF797FD00288AD00020A8E700005F
:10B1D0002E2E5C2E2E5C4D6964646C657761726501
:10B1E000735C4672656552544F535C717565756545
:10B1F0002E6300004572726F723A2025732C202551
:10B20000640D0A0004ED00E070B506460C462EB948
:10B2100040F6FD421FA128A0FAF7D4F92CB940F658
:10B22000FE421CA124A0FAF7CDF9FFF7DBF926486E
:10B2300002687068131A2548006890F8590030B108
:10B2400000202249096881F8590001251EE0206884
:10B25000401C08B9002519E01D493068096888427A
:10B2600006D07068904203D80125002020600DE0D0
:10B270002068984207D92068C01A20603046FFF73E
:10B28000FDFB002502E0002020600125FFF7F6F914
:10B29000284670BD2E2E5C2E2E5C4D6964646C6554
:10B2A00077617265735C4672656552544F535C7486
:10B2B00061736B732E6300004572726F723A2025C2
:10B2C000732C2025640D0A002C000020180000209B
:10B2D000400000202DE9FF4F85B080468946174683
:10B2E000DDE912ABB800FEF781FF064656B15C20DF
:10B2F000FEF77CFF04460CB1266304E03046FFF7FE
:10B30000FDF900E000247CB10020CDE900ABCDE9DF
:10B3100002403A4649464046089BFEF7D5FB204688
:10B32000FEF72AFA012501E04FF0FF35284609B063
:10B33000BDE8F08F0549096809B9012005E0044915
:10B34000096809B9022000E000207047340000209D
:10B350005400002001490868704700002C000020BC
:10B360002DE9F0414FF000085F48006800287DD1CA
:10B370005E480068451C5D480560002D1DD15C4895
:10B380000068006808B9012000E0002028B940F6F4
:10B39000C72258A160A0FAF715F955480768624816
:10B3A0000068534908606048076060480068401CB6
:10B3B0005E490860FEF734FE00BF5D4800688542C4
:10B3C00077D300BF4A480068006808B9012000E050
:10B3D000002020B14FF0FF305549086068E0444834
:10B3E0000068C068C4686668B54202D2504806600A
:10B3F0005EE06069D4E902128A60D4E902214A6001
:10B40000211D42688A4201D1E168416000226261E7
:10B410000168491E0160A06A98B1A06AD4E90712C8
:10B420008A60D4E907214A6004F1180142688A421F
:10B4300001D1216A41600022A2620168491E0160B7
:10B4400000BF94F82C10012088403A49096808434D
:10B4500038490860E16A01EB8101374A02EB81015A
:10B460004868A0608268E260211D00E033E08268E5
:10B4700051608160E16A01EB81012F4A02EB810298
:10B480006261E16A01EB81012B4A52F82110491CEB
:10B49000E26A02EB8202284B43F822102749E06A55
:10B4A0000968C96A88428DD34FF001088AE700E035
:10B4B00000BF22480068C06A00EB80001E4951F8B6
:10B4C0002000012801D94FF001081D48006808B18B
:10B4D0004FF0010804E01B480068401C194908604F
:10B4E0004046BDE8F0810000540000202C00002000
:10B4F0001C0000202E2E5C2E2E5C4D6964646C6551
:10B5000077617265735C4672656552544F535C7423
:10B5100061736B732E6300004572726F723A20255F
:10B52000732C2025640D0A0020000020400000201C
:10B53000480000203000002058040020180000209F
:10B540003C0000203800002070B505462C4600263F
:10B55000002D5ED030480068844201D1012000E017
:10B56000002028B941F24F022CA135A0FAF72AF8A1
:10B57000206D28B941F2500228A131A0FAF722F833
:10B58000206D401E2065E16CE06A884241D0206D4C
:10B5900000283ED1201DFEF7DBFF40B994F82C10A7
:10B5A000012088402A490968814329480160E06CEC
:10B5B000E062E06AC0F12000A06194F82C10012044
:10B5C000884023490968084321490860E16A01EB82
:10B5D0008101204A02EB81014868A0608268E26034
:10B5E000211D826851608160E16A01EB8101194A85
:10B5F00002EB81026261E16A01EB8101154A52F8B6
:10B600002110491CE26A02EB8202124B43F822101D
:10B610000126304670BD0000180000202E2E5C2E42
:10B620002E5C4D6964646C6577617265735C46720B
:10B63000656552544F535C7461736B732E630000E5
:10B640004572726F723A2025732C2025640D0A0012
:10B65000300000205804002070B50646F068C46829
:10B660002CB940F682423CA144A0F9F7ABFFA06A96
:10B67000D4E907128A60D4E907214A6004F118016D
:10B6800042688A4201D1216A41600022A2620168B7
:10B69000491E01603D48006800283DD16069D4E939
:10B6A00002128A60D4E902214A60211D42688A425E
:10B6B00001D1E1684160002262610168491E0160B8
:10B6C00094F82C100120884031490968084330491A
:10B6D0000860E16A01EB81012E4A02EB81014868B2
:10B6E000A0608268E260211D826851608160E16A29
:10B6F00001EB8101274A02EB81026261E16A01EB01
:10B700008101244A52F82110491CE26A02EB8202AC
:10B71000204B43F8221010E01F494868E06182681E
:10B72000226204F118018268516081601A4AA262A3
:10B7300011460968491C116000BF1849E06A096890
:10B74000C96A884204D9012501201549086000E032
:10B750000025284670BD00002E2E5C2E2E5C4D6903
:10B7600064646C6577617265735C4672656552549A
:10B770004F535C7461736B732E6300004572726F7C
:10B78000723A2025732C2025640D0A0054000020F5
:10B79000300000205804002000070020180000207E
:10B7A0003C00002070B5002400265048006828B9ED
:10B7B00040F6B3024EA157A0F9F704FFFEF712FFBF
:10B7C0004A480068401E4949086008460068002849
:10B7D0007ED15448006800287AD05BE05248C068A7
:10B7E000C468A06AD4E907128A60D4E907214A60D4
:10B7F00004F1180142688A4201D1216A41600022A5
:10B80000A2620168491E01606069D4E902128A607F
:10B81000D4E902214A60211D42688A4201D1E168CF
:10B820004160002262610168491E016094F82C1099
:10B83000012088403D49096808433C490860E16AA5
:10B8400001EB81013A4A02EB81014868A0608268FD
:10B85000E260211D826851608160E16A01EB810133
:10B86000334A02EB81026261E16A01EB8101304AF5
:10B8700052F82110491CE26A02EB82022C4B43F879
:10B8800022102C49E06A0968C96A884202D3012063
:10B89000294908602448006808B9012000E0002018
:10B8A00000289BD00CB1FEF7BBFB2448056865B1AE
:10B8B00000BFFFF755FD10B101201F4908606D1E44
:10B8C000002DF6D100201D4908601B48006800E0EB
:10B8D00008E038B10126300719490860BFF34F8FDF
:10B8E000BFF36F8FFEF7CAFE304670BD54000020D4
:10B8F0002E2E5C2E2E5C4D6964646C6577617265DA
:10B90000735C4672656552544F535C7461736B731C
:10B910002E6300004572726F723A2025732C202529
:10B92000640D0A00280000200007002030000020DD
:10B9300058040020180000203C000020380000209F
:10B9400004ED00E01CB50024FDF78CFF0B480068F7
:10B9500058B10B481F2100234FF48072CDE900102D
:10B9600008A10A48FFF7B6FC04462CB940F21912A8
:10B9700007A110A0F9F726FE20461CBD600000209C
:10B9800064000020546D72205376630041A10008CA
:10B990002E2E5C2E2E5C4D6964646C657761726539
:10B9A000735C4672656552544F535C74696D657281
:10B9B000732E63004572726F723A2025732C202516
:10B9C000640D0A00000000000000000001020304F2
:10B9D000060708090000000001020304000400003B
:10B9E0000000000000000000200000002000000017
:10B9F00020000000008000000000000000000000A7
:10BA000020BA00080000002050020000680800086A
:10BA100004BB000850020020605B01002C560008A7
:10BA200011D324F43210023B01023B1F1AAA010178
:10BA30001413219514080D96140880C782207C8069
:10BA400047010C81130A0632022A40C013C934147C
:10BA500008FD331408EB3542081A51101A35101A34
:10BA6000C904C11AA9181A99041AB9041A89041424
:10BA700009024313020125C03209041B01020B1302
:10BA800005241610010524011009010424020205F1
:10BA90002406170107058203081510090401330263
:10BAA0000A1D070501027B2C070581071109374490
:10BAB0002A40072A8107112B0907440A3B04441333
:10BAC000AD451B08F5041305461B0831041AA104F3
:10BAD0001A79101ABD041A12331302021E4083048D
:10BAE00040576924020301071B040309041A031ABF
:10BAF000C2251152081369091B08650413C5081BE8
:04BB0000088108812F
:040000050800018965
:00000001FF
